rang,franska,ordklass,genus,svenska,mening_franska,mening_svenska,bonusord,notering
1,le / la / les,artikel,,bestämd artikel,"Le café, s'il vous plaît.","Kaffet, tack.",café (m) = kaffe; s'il vous plaît = tack (vid beställning),les = plural för båda genus
2,de,preposition,,"av, från",Je viens de Suède.,Jag kommer från Sverige.,je viens (av venir) = jag kommer,venir får egen plats på rang 54
3,un / une,artikel,,"en, ett","Un café et une bière, s'il vous plaît.","En kaffe och en öl, tack.",bière (f) = öl,"un = maskulint, une = feminint"
4,être,verb,,att vara,Je suis Jonas. Et vous ?,Jag är Jonas. Och ni?,,"je suis, tu es, il est, nous sommes, vous êtes, ils sont"
5,et,konjunktion,,och,Jessica et Kalle sont ici.,Jessica och Kalle är här.,ici = här,t:et i et uttalas aldrig
6,à,preposition,,"till, i, på",Je suis à Paris.,Jag är i Paris.,,à + stad
7,il,pronomen,,"han, den",Il est là.,Han är där.,là = där,
8,avoir,verb,,att ha,J'ai un fils.,Jag har en son.,fils (m) = son,"j'ai, tu as, il a, on a, vous avez; fils uttalas [fiss]"
9,ne ... pas,adverb,,inte,Je ne suis pas français.,Jag är inte fransk.,"français = fransk, franska",i talspråk faller ne ofta bort: je suis pas
10,je,pronomen,,jag,Je m'appelle Jonas.,Jag heter Jonas.,s'appeler = att heta,je blir j' före vokal
11,son / sa / ses,pronomen,,"hans, hennes, sin","Son papa, c'est moi !","Hans pappa, det är jag!",papa (m) = pappa; moi = jag (betonat),"genus följer substantivet, inte ägaren"
12,que,konjunktion/pronomen,,"att, som, vad",Qu'est-ce que c'est ?,Vad är det här?,,lär hela frasen som ett block: [käskösä]
13,se,pronomen,,sig,Il s'appelle Kalle.,Han heter Kalle.,,
14,qui,pronomen,,"vem, som",Qui est-ce ?,Vem är det?,,
15,ce / c',pronomen,,"det, den här",C'est bon !,Det är gott!,"bon = god, bra",c'est = franskans mest använda ordpar
16,dans,preposition,,i,Je suis dans le train pour Paris.,Jag sitter på tåget till Paris.,train (m) = tåg,
17,en,preposition,,"i, på",Je suis en France !,Jag är i Frankrike!,,en + de flesta länder
18,du,artikel,,lite av (partitiv),"Du vin, s'il vous plaît.","Lite vin, tack.",vin (m) = vin – gratisord!,du = de + le
19,elle,pronomen,,"hon, den",Elle s'appelle Jessica.,Hon heter Jessica.,,
20,au,artikel,,"till, på (à + le)",On va au restaurant ?,Ska vi gå på restaurang?,restaurant (m) = restaurang,
21,pour,preposition,,"för, till","Pour moi, un dessert. Et pour vous ?",Till mig en dessert. Och till er?,dessert (m) = dessert – gratisord!,
22,pas,adverb,,inte (talspråk),"Pas pour moi, merci.","Inte till mig, tack.",merci = tack,
23,vous,pronomen,,"ni, er",Vous êtes français ?,Är ni fransk?,,artigt tilltal till okända
24,par,preposition,,"genom, via","Par ici, s'il vous plaît.","Den här vägen, tack.",,
25,sur,preposition,,på,Je suis sur Instagram et sur TikTok.,Jag finns på Instagram och TikTok.,,
26,faire,verb,,att göra,Qu'est-ce que vous faites ?,Vad gör ni?,,"je fais, tu fais, on fait, vous faites"
27,plus,adverb,,"mer, fler","Une minute de plus, s'il vous plaît.","En minut till, tack.",minute (f) = minut – gratisord!,uttalas [plyss] eller [ply] beroende på betydelse
28,dire,verb,,att säga,Comment dit-on « fika » en français ?,Hur säger man fika på franska?,comment = hur,projektets nyckelfras
29,me,pronomen,,mig,Vous me comprenez ?,Förstår ni mig?,comprendre = att förstå,comprendre får egen plats på rang 69
30,on,pronomen,,man; vi (talspråk),On y va ?,Ska vi dra?,,talspråkets vi – vanligare än nous
31,mon / ma / mes,pronomen,,"min, mitt, mina","C'est mon fils, Kalle.",Det här är min son Kalle.,,
32,lui,pronomen,,"han, honom (betonat)","Lui, c'est Kalle.",Det där är Kalle.,,när du pekar eller visar bilder
33,nous,pronomen,,"vi, oss",Nous sommes suédois.,Vi är svenskar.,suédois = svensk,
34,comme,konjunktion,,"som, liksom",C'est comme en Suède.,Det är som i Sverige.,,
35,mais,konjunktion,,men,"C'est petit, mais c'est bon !","Det är litet, men det är gott!",petit = liten,s:et i mais är tyst: [mä]
36,pouvoir,verb,,att kunna,Est-ce que je peux avoir le menu ?,Kan jag få menyn?,menu (m) = meny – gratisord!,"je peux, tu peux, vous pouvez"
37,avec,preposition,,med,"Un café avec du lait, s'il vous plaît.","En kaffe med mjölk, tack.",lait (m) = mjölk,
38,tout,pronomen/adjektiv,,"allt, hela","C'est tout, merci.","Det var allt, tack.",,
39,y,pronomen,,"där, dit",J'y vais !,Nu drar jag!,,
40,aller,verb,,"att gå, åka",Je vais à Paris.,Jag åker till Paris.,,"je vais, tu vas, on va, vous allez"
41,ça,pronomen,,"det, det där (talspråk)",Ça va ?,Läget? / Hur är det?,,vanligaste hälsningsfrågan; svar: Ça va !
42,oui,interjektion,,ja,"Oui, c'est ça !","Ja, precis!",,"c'est ça = precis, just det"
43,non,interjektion,,nej,"Non merci, ça va.","Nej tack, det är bra.",,artigt nej
44,bien,adverb,,"bra, väl","Ça va bien, merci. Et vous ?","Det går bra, tack. Och ni?",,
45,très,adverb,,"mycket, väldigt",C'est très bon !,Det är jättegott!,,s:et tyst: [trä]
46,tu,pronomen,,du,Tu vas bien ?,Mår du bra?,,"tu till vänner, familj, barn; vous till okända"
47,vouloir,verb,,att vilja,"Je voudrais un café, s'il vous plaît.","Jag skulle vilja ha en kaffe, tack.",,"je voudrais = artig fast fras; je veux, tu veux"
48,où,adverb,,"var, vart",C'est où ?,Var ligger det?,,talspråk lägger frågeordet sist
49,si,konjunktion,,om; jo,"Si tu veux, on va au restaurant.",Om du vill går vi på restaurang.,,si = även jo som svar på negativ fråga
50,savoir,verb,,att veta,Je ne sais pas.,Jag vet inte.,,talspråk: j'sais pas [schäpa]
51,ou,konjunktion,,eller,Tu veux une glace ou un chocolat ?,Vill du ha en glass eller en choklad?,glace (f) = glass; chocolat (m) = choklad – gratisord!,un chocolat på café = varm choklad; ou/où uttalas likadant
52,aussi,adverb,,också,Moi aussi !,Jag också!,,
53,voir,verb,,att se,On va voir !,Vi får se!,,aller + infinitiv = ska (futur proche)
54,venir,verb,,att komma,Tu viens avec nous ?,Följer du med oss?,,"je viens, tu viens, vous venez"
55,quand,adverb,,när,Tu viens quand ?,När kommer du?,,
56,bon,adjektiv,,"bra, god","Bon, on y va ?","Nåväl, ska vi dra?",,ny användning: samtalsmarkör
57,quoi,pronomen,,vad (talspråk),"C'est quoi, ça ?",Vad är det där?,,Quoi ? ensamt = Va?
58,merci,interjektion,,tack,Merci pour tout !,Tack för allt!,,
59,autre,adjektiv,,"annan, annat","Un autre café, s'il vous plaît.","En kaffe till, tack.",,"påtår, sätt 2"
60,devoir,verb,,måste,Je dois y aller.,Jag måste dra.,,"je dois, tu dois; viktigaste exitfrasen"
61,parler,verb,,att prata,Je parle un peu français.,Jag pratar lite franska.,un peu = lite,din mest sagda mening vecka 1
62,prendre,verb,,att ta,Je prends le train pour Paris.,Jag tar tåget till Paris.,,"je prends, tu prends, on prend; även beställning: Je prends un café"
63,aimer,verb,,"att gilla, älska",J'aime la France !,Jag älskar Frankrike!,,aimer + person = älska; aimer bien = gilla
64,temps,substantiv,m,tid; väder,Je n'ai pas le temps.,Jag har inte tid.,,"uttal [tã], ps tyst; betyder även väder"
65,jour,substantiv,m,dag,Bonjour ! Ça va ?,Goddag! Läget?,,bonjour = bon + jour
66,chose,substantiv,f,sak,J'ai une chose à dire.,Jag har en sak att säga.,,
67,peu,adverb,,"lite, få","Un peu de lait, s'il vous plaît.","Lite mjölk, tack.",,un peu de + substantiv
68,maintenant,adverb,,nu,On y va maintenant ?,Ska vi dra nu?,,
69,comprendre,verb,,att förstå,Je ne comprends pas.,Jag förstår inte.,,"överlevnadsfras nr 1; je comprends, vous comprenez"
70,déjà,adverb,,redan,Je comprends déjà un peu.,Jag förstår redan lite.,,
71,alors,adverb,,"då, nå, alltså","Alors, on y va ?","Nå, ska vi dra?",,samtalsmarkör som köper tanketid
72,après,preposition/adverb,,"efter, sen",On va au restaurant après ?,Ska vi gå på restaurang sen?,,Et après ? = Och sen?
73,beaucoup,adverb,,mycket,Merci beaucoup !,Tack så mycket!,,p:et är tyst
74,encore,adverb,,"till, igen, fortfarande",Encore un café ?,En kaffe till?,,"påtår, sätt 3 – det vanligaste"
75,jamais,adverb,,aldrig,Je ne dis jamais non à un café.,Jag säger aldrig nej till en kaffe.,,ne ... jamais = aldrig
76,toujours,adverb,,alltid; fortfarande,C'est toujours comme ça.,Det är alltid så.,,
77,rien,pronomen,,ingenting,De rien !,Ingen orsak!,,standardsvar på merci; ne ... rien
78,ici,adverb,,här,Vous êtes d'ici ?,Är ni härifrån?,,d'ici = härifrån
79,penser,verb,,"att tänka, tycka",Je pense que oui.,Jag tror det.,,je pense que non = jag tror inte det
80,donner,verb,,att ge,"Vous pouvez me donner ça, s'il vous plaît ?","Kan ni ge mig den där, tack?",,mönster: Vous pouvez me + infinitiv ?
81,avant,preposition/adverb,,"före, innan",On prend une photo avant ?,Ska vi ta en bild innan?,photo (f) = foto – gratisord!,prendre une photo = ta en bild
82,falloir (il faut),verb,,"behövas, man måste",Il faut y aller !,Vi måste dra!,,il faut + infinitiv; finns bara i il-form
83,trop,adverb,,för (mycket); jätte-,C'est trop bon !,Det är sjukt gott!,,talspråkets förstärkare; p tyst
84,demain,adverb,,imorgon,À demain !,Vi ses imorgon!,,"à + tid = vi ses: à demain, à plus"
85,aujourd'hui,adverb,,idag,Qu'est-ce qu'on fait aujourd'hui ?,Vad ska vi göra idag?,,
86,an,substantiv,m,år,Kalle n'a pas encore un an.,Kalle är inte ett år än.,,ålder med avoir: J'ai 30 ans = jag är 30
87,connaître,verb,,att känna (till),Vous connaissez Alingsås ?,Känner ni till Alingsås?,,"je connais, vous connaissez"
88,croire,verb,,att tro,Tu crois ?,Tror du?,,je crois que oui / que non
89,petit,adjektiv,,liten,Un petit café ?,En liten kaffe?,,gulligt förminskningsord – används överallt
90,grand,adjektiv,,stor,C'est un grand jour !,Det är en stor dag!,,d:et hörs först i feminin form: grande
91,mettre,verb,,"att lägga, sätta",Je mets de la musique ?,Ska jag sätta på musik?,musique (f) = musik – gratisord!,"je mets, tu mets; de la = feminin partitiv (som du)"
92,vie,substantiv,f,liv,C'est la vie !,Sånt är livet!,,gratispoäng – den kunde du redan
93,enfant,substantiv,m,barn,"On a un enfant, il s'appelle Kalle.","Vi har ett barn, han heter Kalle.",,
94,femme,substantiv,f,kvinna; fru,"La femme de ma vie, c'est Jessica.",Mitt livs kvinna är Jessica.,,"uttal [famm]; sambo/flickvän = compagne, copine"
95,homme,substantiv,m,"man, människa",C'est un homme bien.,Det är en bra människa.,,tyst h; liaison: un homme [önnåmm]
96,monde,substantiv,m,värld; folk,Tout le monde aime Kalle !,Alla älskar Kalle!,,tout le monde = alla
97,fois,substantiv,f,gång,"Encore une fois, s'il vous plaît !","En gång till, tack!",,räddningsfrasen när du inte hänger med
98,nouveau,adjektiv,,ny,C'est nouveau pour moi.,Det är nytt för mig.,,"maskulint nouveau, feminint nouvelle"
99,trouver,verb,,att hitta; tycka,Je trouve ça très bien.,Jag tycker att det är jättebra.,,je trouve ça ... = jag tycker det är ...
100,manger,verb,,att äta,On va manger ?,Ska vi käka?,,futur proche igen: aller + infinitiv
101,même,adjektiv/adverb,,samma; till och med; själv,C'est toujours la même chose.,Det är alltid samma sak.,,moi-même = jag själv; même toi = till och med du
102,puis,adverb,,"sedan, sen","Un café, puis on y va.","En kaffe, sen drar vi.",,berättandets sen: puis ... puis ...
103,donc,konjunktion,,"alltså, så","Donc, tu viens ou pas ?","Så, kommer du eller inte?",,uttal [dånk]; samtalsmarkör
104,vraiment,adverb,,verkligen,C'est vraiment très bon !,Det är verkligen jättegott!,,Vraiment ? = Jaså? / Verkligen?
105,peut-être,adverb,,kanske,Peut-être demain.,Kanske imorgon.,,ordagrant peut + être = kan-vara – två ord du redan kan
106,bien sûr,adverb,,"såklart, självklart",Bien sûr que oui !,Såklart!,sûr = säker,
107,pourquoi,adverb,,varför,Pourquoi pas ?,Varför inte?,,pour + quoi = för vad
108,parce que,konjunktion,,"därför att, för att",Parce que j'aime ça !,För att jag gillar det!,,svaret på pourquoi; talspråk: [passkö]
109,combien,adverb,,"hur mycket, hur många",C'est combien ?,Vad kostar det?,,köpfras nr 1
110,comment,adverb,,hur,Comment tu t'appelles ?,Vad heter du?,,artigt: Comment vous vous appelez ?
111,toi,pronomen,,du (betonat),Et toi ?,Och du (då)?,,paret moi/toi håller igång alla samtal
112,ton / ta / tes,pronomen,,"din, ditt, dina",C'est ton idée ?,Är det din idé?,idée (f) = idé – gratisord!,
113,votre / vos,pronomen,,"er, ert, era",C'est votre fils ?,Är det er son?,,
114,notre / nos,pronomen,,"vår, vårt, våra",Notre fils s'appelle Kalle.,Vår son heter Kalle.,,
115,leur / leurs,pronomen,,deras,Leurs enfants sont grands.,Deras barn är stora.,,leur = även dem (indirekt objekt) – mer senare
116,quelque chose,pronomen,,"något, någonting",Tu veux quelque chose ?,Vill du ha något?,,talspråk: [käkschos]
117,quelqu'un,pronomen,,någon,Il y a quelqu'un ?,Är det någon där?,,"il y a = det finns – franskans viktigaste konstruktion, av ord du redan kan (il + y + a)"
118,chaque,adjektiv,,varje,"Chaque jour, un peu de français.","Varje dag, lite franska.",,projektets motto
119,deux,räkneord,,två,"Deux cafés, s'il vous plaît.","Två kaffe, tack.",,"lär 1–10 som block: un, deux, trois, quatre, cinq, six, sept, huit, neuf, dix"
120,sans,preposition,,utan,"Un café sans lait, s'il vous plaît.","En kaffe utan mjölk, tack.",,motsatsen till avec; s tyst: [sã]
121,chez,preposition,,"hos, hemma hos",On mange chez nous ?,Ska vi äta hemma hos oss?,,chez moi = hemma; unikt franskt ord
122,heure,substantiv,f,timme; klockslag,Il est quelle heure ?,Vad är klockan?,quelle = vilken,svar: Il est deux heures; h tyst
123,moment,substantiv,m,"stund, ögonblick","Un moment, s'il vous plaît !","Ett ögonblick, tack!",,
124,matin,substantiv,m,morgon,"Le matin, je prends un grand café.",På morgonen tar jag en stor kaffe.,,le matin = på morgnarna (generellt)
125,soir,substantiv,m,kväll,À ce soir !,Vi ses ikväll!,,samma mönster som à demain
126,nuit,substantiv,f,natt,Bonne nuit !,God natt!,,bonne = feminin form av bon; sägs till Kalle varje kväll
127,semaine,substantiv,f,vecka,"Une semaine en France, c'est bien !","En vecka i Frankrike, det är fint!",,
128,mois,substantiv,m,månad,Un mois pour parler français !,En månad för att prata franska!,,hela projektet i en mening; pour + infinitiv = för att; uttal [moa]
129,depuis,preposition,,sedan (tidpunkt),Je parle français depuis deux jours !,Jag har pratat franska i två dagar!,,franska: presens + depuis där svenskan har perfekt
130,pendant,preposition,,under (tid),Je fais ça pendant un mois.,Jag gör det här i en månad.,,
131,monsieur,substantiv,m,"herr, herrn","Merci, monsieur !","Tack, herrn!",,uttal [mössjö]; plural: messieurs
132,madame,substantiv,f,"fru, frun","Bonjour, madame !","Goddag, frun!",,säg alltid bonjour monsieur/madame i butiker – viktigaste artighetsregeln
133,famille,substantiv,f,familj,C'est ma famille : Jessica et Kalle.,Det här är min familj: Jessica och Kalle.,,
134,père,substantiv,m,"far, pappa",Je suis le père de Kalle.,Jag är Kalles pappa.,,ägande med de: pappan AV Kalle
135,mère,substantiv,f,"mor, mamma","Jessica, c'est la mère de Kalle.",Jessica är Kalles mamma.,,
136,ami / amie,substantiv,m/f,vän,C'est un ami de la famille.,Det är en vän till familjen.,,"varning: petit ami = pojkvän, petite amie = flickvän"
137,maison,substantiv,f,"hus, hem",On mange à la maison ?,Ska vi äta hemma?,,à la maison = hemma
138,ville,substantiv,f,stad,"Alingsås, c'est une petite ville.",Alingsås är en liten stad.,,
139,pays,substantiv,m,land,"La Suède, c'est un grand pays.",Sverige är ett stort land.,,uttal [pä-i]; ditt 196-länder-ord
140,nom,substantiv,m,namn,"C'est quoi, ton nom ?",Vad heter du? (ordagrant: vad är ditt namn),,talspråksvarianten av comment tu t'appelles
141,eau,substantiv,f,vatten,"De l'eau, s'il vous plaît.","Lite vatten, tack.",,uttalas bara [å]; feminint undantag från -eau-regeln – palatstest; du/de la blir de l' före vokal
142,habiter,verb,,att bo,"J'habite à Alingsås, en Suède.","Jag bor i Alingsås, i Sverige.",,h tyst: [schabitt]
143,travailler,verb,,att jobba,Je travaille avec la mémoire.,Jag jobbar med minnet.,la mémoire (f) = minne,ditt viktigaste substantiv smyger in här
144,regarder,verb,,att titta (på),"Regarde, Kalle !","Titta, Kalle!",,"regarde ! = titta! (uppmaning, du-form)"
145,écouter,verb,,att lyssna (på),J'écoute beaucoup de français.,Jag lyssnar på mycket franska.,,"beaucoup de + substantiv, som un peu de"
146,attendre,verb,,att vänta,"Attendez, s'il vous plaît !","Vänta, tack!",,"attends (du-form), attendez (ni-form)"
147,arriver,verb,,att komma (fram); hända,J'arrive !,Jag kommer!,,fransmännens favoritsvar när någon väntar
148,partir,verb,,"att åka iväg, ge sig av",On part demain.,Vi åker imorgon.,,"je pars, tu pars, on part"
149,rester,verb,,att stanna,On reste ici ce soir.,Vi stannar här ikväll.,,falsk vän: betyder INTE vila (= se reposer)
150,demander,verb,,"att fråga, be om",Je peux demander quelque chose ?,Får jag fråga en sak?,,falsk vän: INTE kräva (eng. demand)
151,quel / quelle,adjektiv,,"vilken, vilket",Quelle bonne idée !,Vilken bra idé!,,utropsmönster: Quel(le) + adjektiv + substantiv !
152,d'accord,uttryck,,okej; överens,"D'accord, on fait comme ça !","Okej, vi gör så!",,je suis d'accord = jag håller med
153,voilà,uttryck,,här är; sådär; precis,Voilà mon fils !,Här är min son!,,"universalord: räcka fram ngt, avsluta ngt, hålla med"
154,apprendre,verb,,att lära sig,J'apprends le français en un mois.,Jag lär mig franska på en månad.,,"PROJEKTMENINGEN; j'apprends, tu apprends – släkt med prendre"
155,mot,substantiv,m,ord,J'aime les mots !,Jag älskar ord!,,jeu de mots = ordvits – ditt SM-ord; t tyst: [må]
156,langue,substantiv,f,språk; tunga,J'apprends une nouvelle langue.,Jag lär mig ett nytt språk.,,
157,question,substantiv,f,fråga,J'ai une question !,Jag har en fråga!,,gratisord via engelskan; Bonne question ! = Bra fråga!
158,problème,substantiv,m,problem,Pas de problème !,Inga problem!,,gratisord! pas de + substantiv = ingen/inga; maskulint trots -e
159,vrai,adjektiv,,"sann, sant",C'est vrai ?,Är det sant?,,C'est pas vrai ! = Det är inte sant! / Nä!
160,juste,adverb/adjektiv,,bara; rätt; precis,Juste un moment !,Bara ett ögonblick!,,"talspråkets bara, som engelskans just"
161,personne,substantiv,f,person,C'est une personne très intéressante.,Det är en väldigt intressant person.,intéressant = intressant – gratisord!,ne ... personne = ingen (dubbelroll)
162,gens,substantiv,m,"folk, människor",Les gens sont super ici.,Folket är toppen här.,super = super – gratisord!,alltid plural
163,bébé,substantiv,m,bebis,"Kalle, c'est notre bébé.",Kalle är vår bebis.,,"gratisord! alltid maskulint, även för flickor"
164,fille,substantiv,f,flicka; dotter,Vous avez une fille ?,Har ni en dotter?,,uttal [fij]; betyder både flicka och dotter
165,garçon,substantiv,m,pojke,Kalle est un grand garçon maintenant !,Kalle är en stor pojke nu!,,uttal [garsång]
166,frère,substantiv,m,bror,Tu as des frères ?,Har du bröder?,,des = plural av un/une (några) – sista pusselbiten i artikelsystemet
167,sœur,substantiv,f,syster,Tu as des frères et sœurs ?,Har du syskon?,,hela frasen = franskans har du syskon; uttal [sör]
168,beau / belle,adjektiv,,"vacker, fin","La France, c'est un beau pays.",Frankrike är ett vackert land.,,beau blir bel före vokal: un bel homme
169,jeune,adjektiv,,ung,Il est encore jeune !,Han är ung än!,,
170,vieux / vieille,adjektiv,,gammal,Je ne suis pas vieux !,Jag är inte gammal!,,vieille = feminin [vjäj]
171,seul,adjektiv,,ensam; själv,J'apprends ça tout seul.,Jag lär mig det här helt själv.,,tout seul = helt själv
172,premier / première,adjektiv,,första,C'est la première fois.,Det är första gången.,,
173,dernier / dernière,adjektiv,,"sista, senaste",Une dernière question !,En sista fråga!,,
174,prochain / prochaine,adjektiv,,nästa,À la semaine prochaine !,Vi ses nästa vecka!,,"fullbordar à-serien: à demain, à ce soir, à la semaine prochaine"
175,commencer,verb,,att börja,On commence maintenant ?,Ska vi börja nu?,,je commence [kåmangs]
176,finir,verb,,"att sluta, avsluta",C'est fini !,Det är klart/slut!,,j'ai fini = jag är klar – första fröet av dåtid (passé composé)
177,d'abord,adverb,,först,"D'abord, on mange !",Först äter vi!,,
178,ensuite,adverb,,"sedan, därefter","D'abord ça, ensuite ça.","Först det här, sen det där.",,berättarkedjan: d'abord ... ensuite ... puis
179,vite,adverb,,"snabbt, fort",Ça va trop vite !,Det går för fort!,,livräddaren när fransmän pratar; Vite ! = Skynda!
180,souvent,adverb,,ofta,On dit ça souvent en France ?,Säger man det ofta i Frankrike?,,perfekt inlärarfråga
181,ensemble,adverb,,tillsammans,On mange ensemble ce soir ?,Ska vi äta ihop ikväll?,,
182,presque,adverb,,nästan,C'est presque fini.,Det är nästan klart.,,
183,entendre,verb,,att höra,Je n'entends pas bien.,Jag hör inte så bra.,,blanda inte ihop med attendre (vänta)!
184,répéter,verb,,att upprepa,"Vous pouvez répéter, s'il vous plaît ?","Kan ni ta det en gång till, tack?",,överlevnadsfras – daglig användning
185,lire,verb,,att läsa,J'aime lire le soir.,Jag gillar att läsa på kvällen.,,"aimer + infinitiv = gilla att; je lis, tu lis"
186,livre,substantiv,m,bok,Mon livre est en suédois.,Min bok är på svenska.,,en suédois / en français = på svenska/franska; une livre = ett halvkilo!
187,table,substantiv,f,bord,"Une table pour trois, s'il vous plaît.","Ett bord för tre, tack.",,gratisord! À table ! = Maten är klar!
188,boire,verb,,att dricka,Qu'est-ce que tu veux boire ?,Vad vill du dricka?,,"je bois, tu bois, vous buvez"
189,dormir,verb,,att sova,Kalle dort maintenant.,Kalle sover nu.,,"je dors, il dort; Il dort ! – förälderns favoritmening"
190,sortir,verb,,att gå ut,On sort ce soir ?,Ska vi gå ut ikväll?,,"je sors, on sort"
191,jouer,verb,,"att spela, leka",Je joue avec Kalle.,Jag leker med Kalle.,,jouer = både spela och leka
192,passer,verb,,att tillbringa; passera,On passe une semaine à Paris.,Vi tillbringar en vecka i Paris.,,je passe; Ça passe vite ! = Det går fort!
193,acheter,verb,,att köpa,J'achète une baguette pour ce soir.,Jag köper en baguette till ikväll.,baguette (f) = baguette – gratisord!,j'achète
194,payer,verb,,att betala,"Je peux payer, s'il vous plaît ?","Kan jag få betala, tack?",,"L'addition, s'il vous plaît ! = Notan, tack! (addition = gratisord)"
195,coûter,verb,,att kosta,Ça coûte combien ?,Vad kostar det?,euro = euro – gratisord!,"siffror 11–20: onze, douze, treize, quatorze, quinze, seize, dix-sept, dix-huit, dix-neuf, vingt"
196,argent,substantiv,m,pengar,Je n'ai pas d'argent sur moi.,Jag har inga pengar på mig.,,pas de blir pas d' före vokal; argent = även silver
197,prix,substantiv,m,pris,C'est un bon prix.,Det är ett bra pris.,,x tyst: [pri]; även pris man vinner
198,voyage,substantiv,m,resa,Bon voyage !,Trevlig resa!,,gratispoäng – den kunde du redan
199,aider,verb,,att hjälpa,Vous pouvez m'aider ?,Kan ni hjälpa mig?,,me blir m' före vokal; överlevnadsfras
200,oublier,verb,,att glömma,Un champion de mémoire n'oublie jamais !,En minnesmästare glömmer aldrig!,champion = mästare – gratisord!,din titel: champion du monde de mémoire
201,au revoir,uttryck,,hejdå,"Au revoir, et merci pour tout !","Hejdå, och tack för allt!",,ordagrant till åter-seendet: re + voir
202,salut,interjektion,,hej; hejdå (informellt),Salut ! Ça va ?,Tjena! Läget?,,funkar åt båda hållen bland vänner; bonsoir = god kväll
203,pardon,interjektion,,ursäkta,"Pardon, vous pouvez répéter ?","Ursäkta, kan ni ta det igen?",,även i folkmassa; excusez-moi funkar också
204,désolé / désolée,adjektiv,,ledsen; förlåt,"Désolé, je ne comprends pas.","Förlåt, jag förstår inte.",,je suis désolé = jag är ledsen
205,ce / cette / ces,pronomen,,"den här, det här, de här","Cette semaine, on parle français !",Den här veckan pratar vi franska!,,"ce (m), cette (f), ces (pl); ce soir/ce matin kan du redan"
206,hier,adverb,,igår,"C'était super, hier !",Det var toppen igår!,"c'était = det var – dåtidens c'est, lär som block",
207,année,substantiv,f,år,Bonne année !,Gott nytt år!,,"an räknar (j'ai 30 ans), année beskriver (cette année = i år)"
208,tard,adverb,,sent,"Il est tard, on va dormir.","Det är sent, vi ska sova.",tôt = tidigt,trop tard ! = för sent!
209,chaud,adjektiv,,varm,Il fait chaud aujourd'hui !,Det är varmt idag!,,väder: il fait + adjektiv – franskans vädermaskin
210,froid,adjektiv,,kall,"Il fait froid en Suède, non ?","Det är kallt i Sverige, va?",,fransmännens första fråga till en svensk; non ? = eller hur?
211,soleil,substantiv,m,sol,Il y a du soleil !,Solen skiner!,,väder funkar även med il y a
212,pleuvoir,verb,,att regna,Il pleut encore ?,Regnar det igen?,,"bara i il-form, som il faut; uttal [plö]"
213,neige,substantiv,f,snö,Il y a beaucoup de neige chez nous.,Det är mycket snö hemma hos oss.,,il neige = det snöar
214,fatigué / fatiguée,adjektiv,,trött,Je suis un peu fatigué aujourd'hui.,Jag är lite trött idag.,,småbarnsförälderns viktigaste adjektiv
215,content / contente,adjektiv,,"glad, nöjd",Je suis très content d'être ici !,Jag är väldigt glad att vara här!,,content de + infinitiv = glad att
216,prêt / prête,adjektiv,,"redo, klar",Tu es prêt ? On y va !,Är du redo? Nu kör vi!,,"Prêts ? Partez ! = Färdiga, gå!"
217,facile,adjektiv,,"lätt, enkel","Le français, c'est facile !",Franska är lätt!,,
218,difficile,adjektiv,,svår,"C'est difficile, mais c'est possible.","Det är svårt, men det är möjligt.",possible = möjlig – gratisord!,projektmotto
219,gratuit / gratuite,adjektiv,,gratis,Mon site est gratuit !,Min sajt är gratis!,site (m) = sajt – gratisord!,svenskans gratis och gratuit har samma latinska rot
220,tête,substantiv,f,huvud,Je mets tout dans ma tête !,Jag lägger allt i huvudet!,,din yrkesbeskrivning på fem ord
221,main,substantiv,f,hand,Kalle me donne la main.,Kalle håller mig i handen.,,"feminint trots -ain (train, pain är m) – palatstest!"
222,yeux,substantiv,m,ögon,Il a les yeux de Jessica.,Han har Jessicas ögon.,,"singular: un œil [öj] – konstigaste ordparet: un œil, des yeux"
223,cœur,substantiv,m,hjärta,J'apprends tout par cœur.,Jag lär mig allt utantill.,,"par cœur = utantill, ordagrant genom hjärtat"
224,avoir mal,uttryck,,att ha ont,J'ai mal à la tête.,Jag har ont i huvudet.,,avoir mal à + kroppsdel; Ça fait mal ! = Det gör ont!
225,école,substantiv,f,skola,Kalle va à l'école dans cinq ans !,Kalle börjar skolan om fem år!,,"dans + tid = om: dans cinq ans, dans une minute"
226,travail,substantiv,m,"jobb, arbete",J'aime mon travail.,Jag gillar mitt jobb.,,Au travail ! = Sätt igång!; verbet travailler kan du redan
227,voiture,substantiv,f,bil,On prend la voiture ou le train ?,Ska vi ta bilen eller tåget?,,En voiture ! = Alla ombord!
228,gare,substantiv,f,tågstation,"La gare, s'il vous plaît !","Till stationen, tack!",taxi (m) = taxi – gratisord!,gare = tågstation; station = metrostation (falsk vän)
229,rue,substantiv,f,gata,C'est dans cette rue.,Det är på den här gatan.,,franskan är i gatan: dans la rue
230,hôtel,substantiv,m,hotell,Notre hôtel est près de la gare.,Vårt hotell ligger nära stationen.,près de = nära,gratisord! h tyst: [åtäll]
231,cinéma,substantiv,m,bio,On va au cinéma ce soir ?,Ska vi gå på bio ikväll?,,gratisord! talspråk: le ciné; maskulint trots -a
232,téléphone,substantiv,m,telefon,Mon téléphone est... où est mon téléphone ?!,Min telefon är... var är min telefon?!,,gratisord! au téléphone = i telefon
233,appeler,verb,,att ringa; kalla,Je t'appelle demain.,Jag ringer dig imorgon.,te = dig (t' före vokal),"släkt med s'appeler; j'appelle, tu appelles"
234,week-end,substantiv,m,helg,Bon week-end !,Trevlig helg!,,"gratisord! mönstret bon/bonne + X: bon voyage, bonne nuit"
235,vacances,substantiv,f,"semester, lov",On est en vacances !,Vi har semester!,,alltid plural; en vacances = på semester
236,film,substantiv,m,film,On regarde un film ce soir ?,Ska vi kolla på film ikväll?,,gratisord!
237,fête,substantiv,f,fest,C'est la fête !,Det är fest!,,"nästan gratis: fête ≈ fest; ^ = försvunnet s: fête/fest, forêt/forest, hôpital/hospital – gratisords-detektorn!"
238,anniversaire,substantiv,m,födelsedag,Bon anniversaire !,Grattis på födelsedagen!,,ordagrant årsdag; sången: Joyeux anniversaire
239,jeu,substantiv,m,"spel, lek",C'est un jeu d'enfant !,Det är en barnlek!,,= lätt som en plätt; jeu de mots = ordvits
240,carte,substantiv,f,kort; karta; meny,Je fais ça avec un jeu de cartes.,Jag gör det där med en kortlek.,,jeu de cartes = kortlek – demo-ordet; även carte bancaire = bankkort
241,numéro,substantiv,m,nummer,Je peux avoir ton numéro ?,Kan jag få ditt nummer?,chiffre (m) = siffra,"gratisord! numéro = nummer i serie, chiffre = siffra"
242,se souvenir,verb,,att minnas,Je me souviens de tout !,Jag minns allt!,,"ditt yrkesverb! reflexivt: je me souviens, tu te souviens; se souvenir de"
243,montrer,verb,,att visa,Je te montre quelque chose ?,Ska jag visa dig en grej?,,öppningen inför varje minnestrick
244,chercher,verb,,att leta efter,Je cherche la gare.,Jag letar efter stationen.,,Je cherche mes mots = jag letar efter orden – ärlig inlärarfras
245,perdre,verb,,"att tappa, förlora",J'ai perdu mon téléphone !,Jag har tappat min telefon!,,j'ai perdu – dåtidsfröet växer (avoir + perdu); motsats: trouver
246,ouvrir,verb,,att öppna,"Tu peux ouvrir la porte, s'il te plaît ?","Kan du öppna dörren, tack?",la porte = dörr,s'il te plaît = du-versionen av s'il vous plaît; j'ouvre
247,fermer,verb,,att stänga,Ferme les yeux !,Blunda!,,så börjar varje minnestrick; fermé = skyltordet stängt
248,marcher,verb,,att gå; funka,Ça marche !,"Det funkar! / Okej, kör så!",,dubbelbetydelse: promenera och fungera
249,essayer,verb,,"att försöka, prova",On essaie ?,Ska vi testa?,,essayer de + infinitiv = försöka att; j'essaie
250,adorer,verb,,att älska,J'adore la France !,Jag ÄLSKAR Frankrike!,,gratisord! starkare än aimer för saker; J'adore ! = Jag älskar det!
251,enfin,adverb,,äntligen; till slut,Enfin ! Kalle dort !,Äntligen! Kalle sover!,,även utfyllnad: enfin bref = hur som helst
252,bientôt,adverb,,snart,À bientôt !,Vi ses snart!,,bien + tôt; à-serien växer
253,tout de suite,uttryck,,"genast, direkt",J'arrive tout de suite !,Jag kommer direkt!,,uttal [toddsvitt]
254,longtemps,adverb,,länge,Ça fait longtemps !,Det var längesen!,,long + temps = lång tid; franskan mäter tid med faire
255,moins,adverb,,"mindre, färre","Moins vite, s'il vous plaît !","Långsammare, tack!",,motsats till plus; au moins = åtminstone; livräddare nr 2
256,mieux,adverb,,bättre,Ça va mieux.,Det går bättre.,,tant mieux ! = desto bättre!
257,assez,adverb,,nog; ganska,C'est assez facile.,Det är ganska lätt.,,J'en ai assez ! = Jag har fått nog!; assez de = tillräckligt med
258,par exemple,uttryck,,till exempel,"En France, par exemple...","I Frankrike, till exempel...",exemple (m) = exempel – gratisord!,diskursguld
259,chance,substantiv,f,tur,Bonne chance !,Lycka till!,,J'ai de la chance ! = Jag har tur!; nästan gratis via chans
260,plaisir,substantiv,m,nöje,Avec plaisir !,Gärna! / Med nöje!,,artighetsguld – funkar även som svar på merci
261,avoir raison,uttryck,,att ha rätt,Tu as raison !,Du har rätt!,,motsats: avoir tort = ha fel; raison ≈ reson
262,avoir besoin de,uttryck,,att behöva,J'ai besoin d'un café.,Jag behöver en kaffe.,,ordagrant ha behov av; + substantiv eller infinitiv
263,avoir envie de,uttryck,,att vara sugen på,J'ai envie d'une glace.,Jag är sugen på en glass.,,envie de + infinitiv = ha lust att
264,avoir peur,uttryck,,att vara rädd,Je n'ai pas peur !,Jag är inte rädd!,,"avoir peur de = rädd för; franskan HAR rädsla, hunger, törst, rätt"
265,heureux / heureuse,adjektiv,,"lycklig, glad",Je suis très heureux ici.,Jag är väldigt lycklig här.,,uttal [örö]; Heureusement ! = Som tur var!
266,triste,adjektiv,,"ledsen, sorglig",C'est un peu triste.,Det är lite sorgligt.,,nästan gratis: svenskans trist kommer från franskan
267,avoir faim,uttryck,,att vara hungrig,J'ai faim ! On mange ?,Jag är hungrig! Ska vi äta?,,uttal nasalt [fäng]
268,avoir soif,uttryck,,att vara törstig,Tu as soif ? Il y a de l'eau.,Är du törstig? Det finns vatten.,,
269,pain,substantiv,m,bröd,"Du pain, s'il vous plaît !","Lite bröd, tack!",,på restaurang kommer brödet automatiskt – och gratis
270,fromage,substantiv,m,ost,Il y a plus de 300 fromages en France !,Det finns över 300 ostar i Frankrike!,,"plus de + tal = över; -age = nästan alltid maskulint (fromage, voyage, garage)"
271,viande,substantiv,f,kött,C'est quoi comme viande ?,Vad är det för kött?,,c'est quoi comme X ? = vad är det för sorts X?
272,poisson,substantiv,m,fisk,Le poisson est très bon ici.,Fisken är väldigt god här.,,poisson (fisk) vs poison (gift) – dubbel-s räddar liv!
273,poulet,substantiv,m,kyckling,"Pour moi, le poulet, s'il vous plaît.","Kycklingen till mig, tack.",,på restaurang beställer man med le/la
274,petit-déjeuner,substantiv,m,frukost,Le petit-déjeuner est à quelle heure ?,När serveras frukosten?,,"trion: petit-déjeuner, déjeuner (lunch), dîner (middag) – även verb"
275,délicieux / délicieuse,adjektiv,,utsökt,"C'était délicieux, merci !","Det var utsökt, tack!",,"säg det till värden – garanterad succès (= succé, gratis)"
276,cuisine,substantiv,f,kök; matlagning,J'adore la cuisine française !,Jag älskar franska köket!,,cuisiner = laga mat
277,à droite,uttryck,,till höger,C'est à droite.,Det är till höger.,,la main droite = höger hand
278,à gauche,uttryck,,till vänster,La gare est à gauche.,Stationen är till vänster.,,
279,tout droit,uttryck,,rakt fram,"Tout droit, puis à gauche.","Rakt fram, sen till vänster.",,droit (rakt) vs droite (höger) – lömsk skillnad!
280,loin,adverb,,långt (borta),C'est loin d'ici ?,Är det långt härifrån?,,motsats: près de
281,devant,preposition,,framför,On est devant l'hôtel.,Vi står framför hotellet.,,mötesplatsfrasen
282,derrière,preposition,,bakom,C'est juste derrière la gare.,Det är precis bakom stationen.,,
283,à côté (de),uttryck,,bredvid,Le café est à côté du cinéma.,Kaféet ligger bredvid bion.,,côté = sida; à côté ensamt = intill
284,midi,substantiv,m,klockan tolv; lunchtid,On mange à midi ?,Ska vi äta klockan tolv?,,minuit = midnatt; le Midi = södra Frankrike
285,demi / demie,adjektiv,,halv,Il est deux heures et demie.,Klockan är halv tre.,,VARNING: franskan säger två och en halv där svenskan säger halv tre; un demi = liten öl
286,cent,räkneord,,hundra,Ça coûte cent euros.,Det kostar hundra euro.,mille = tusen,"tiotal: vingt, trente, quarante, cinquante, soixante; 70 = soixante-dix, 80 = quatre-vingts, 90 = quatre-vingt-dix – mental aritmetik!"
287,écrire,verb,,att skriva,J'ai écrit un livre sur la mémoire.,Jag har skrivit en bok om minnet.,,j'écris; écrit = particip; sur = även om (ämne)
288,envoyer,verb,,att skicka,Je t'envoie une photo.,Jag skickar en bild till dig.,message (m) = meddelande – gratisord!,j'envoie; envoyer un message
289,espérer,verb,,att hoppas,J'espère que oui !,Jag hoppas det!,,j'espère que + mening; som je pense que
290,laisser,verb,,att låta; lämna,Laisse tomber !,Strunta i det!,tomber = att falla,ordagrant låt falla; Je laisse ça ici = Jag lämnar det här
291,rentrer,verb,,att åka hem,On rentre à la maison ?,Ska vi åka hem?,,"la rentrée = skolstarten, hela Frankrikes nyår i september"
292,se coucher,verb,,att lägga sig,Je vais me coucher.,Jag ska lägga mig.,,se lever = gå upp; Kalle se couche tôt... et se lève tôt !
293,préférer,verb,,att föredra,Je préfère le train.,Jag föredrar tåget.,,gratisord (preferera)! Tu préfères quoi ?
294,visiter,verb,,att besöka,On visite Paris ce week-end.,Vi besöker Paris i helgen.,,visiter = platser; besöka personer = aller voir
295,changer,verb,,"att byta, ändra",On change de table ?,Ska vi byta bord?,,changer de + substantiv = byta X; nästan gratis (changera)
296,vivre,verb,,att leva; bo,On ne vit qu'une fois !,Man lever bara en gång!,,"ne ... que = bara; je vis; vivre = leva stort, habiter = bo (adress)"
297,porter,verb,,att bära; ha på sig,"Je porte un t-shirt, c'est bon ?","Jag har på mig en t-shirt, funkar det?",t-shirt (m) = t-shirt – gratisord!,porter = både bära och ha på sig
298,histoire,substantiv,f,historia; berättelse,C'est une longue histoire...,Det är en lång historia...,longue = lång (fem. av long),histoire = ämnet OCH en berättelse
299,place,substantiv,f,plats; torg,Il y a de la place ici !,Det finns plats här!,,även torg (Place de la Concorde) och sittplats
300,magasin,substantiv,m,"affär, butik",Le magasin ferme à quelle heure ?,När stänger affären?,boutique (f) = liten butik – gratisord!,milstolpe: 300!
301,en (pronomen),pronomen,,"av det, av dem",J'en ai deux !,Jag har två (av dem)!,,en ersätter de/du/des + substantiv; Il y en a = det finns; flyt-vapen nr 1
302,le / la / les (objekt),pronomen,,"den, det, honom, henne",Je le sais !,Jag vet (det)!,,"objektet hoppar FÖRE verbet: je le sais, je la vois, je les aime"
303,quand même,uttryck,,ändå,C'est bien quand même !,Det är bra ändå!,,även som utrop: Quand même ! = Ändå! / Faktiskt!
304,en fait,uttryck,,"faktiskt, egentligen","En fait, c'est facile !",Faktiskt är det lätt!,,franskans vanligaste diskursmarkör; uttal [angfätt]
305,du coup,uttryck,,"så, alltså, därför","Du coup, on y va ?",Så... ska vi dra då?,,ungas favoritord – strössla lagom
306,franchement,adverb,,ärligt talat,"Franchement, c'est super.",Ärligt talat är det toppen.,,franc + -ment; -ment = adverbfabriken (-t/-ligt)
307,malheureusement,adverb,,tyvärr,"Malheureusement, c'est fermé.",Tyvärr är det stängt.,,mal + heureusement; heureusement = som tur var
308,surtout,adverb,,framför allt,"J'aime la France, surtout la cuisine.","Jag älskar Frankrike, framför allt maten.",,Surtout pas ! = Absolut inte!
309,seulement,adverb,,"bara, endast",C'est seulement le premier jour.,Det är bara första dagen.,,seul + -ment; synonym till juste och ne...que
310,parfois,adverb,,ibland,"Parfois, c'est difficile.",Ibland är det svårt.,,talspråk även: des fois
311,là-bas,adverb,,där borta,C'est là-bas !,Det är där borta!,,trion: ici – là – là-bas
312,quelque part,uttryck,,någonstans,J'ai vu ça quelque part...,Jag har sett det där någonstans...,,sagt med glimten i ögat av en minnesmästare; nulle part = ingenstans
313,partout,adverb,,överallt,Il y a de l'eau partout !,Det är vatten överallt!,,småbarnsförälderns lägesrapport
314,plusieurs,adjektiv,,flera,J'ai plusieurs idées.,Jag har flera idéer.,,"alltid plural, ingen artikel"
315,tout à l'heure,uttryck,,strax; nyss,À tout à l'heure !,Vi ses strax!,,lurigt dubbelriktat: framtid ELLER dåtid beroende på tempus
316,on verra,uttryck,,vi får se,On verra demain !,Vi får se imorgon!,,verra = futur av voir; framtidens svar på allt
317,avenir,substantiv,m,framtid,"L'avenir, c'est l'intelligence artificielle ?",Är framtiden artificiell intelligens?,l'intelligence artificielle (l'IA) – gratisord!,podd-ön nr 1; le futur = gratis synonym
318,fin,substantiv,f,slut,C'est déjà la fin ?,Är det redan slut?,,à la fin = till slut; FIN = bioslutet
319,début,substantiv,m,början,C'est juste le début !,Det är bara början!,,au début = i början; débutant = nybörjare (debutant!)
320,âge,substantiv,m,ålder,Tu as quel âge ?,Hur gammal är du?,,svar med avoir: J'ai trente ans; -age maskulint – regeln håller
321,vouloir dire,uttryck,,att betyda,Ça veut dire quoi ?,Vad betyder det?,,överlevnadsfras – ordagrant vill säga
322,expliquer,verb,,att förklara,Vous pouvez expliquer ?,Kan ni förklara?,,une explication = en förklaring
323,raconter,verb,,att berätta,Raconte !,Berätta!,,raconter une histoire = berätta en historia
324,répondre,verb,,att svara,Il ne répond pas au téléphone.,Han svarar inte i telefon.,,une réponse = ett svar; je réponds
325,poser,verb,,"att ställa, lägga",Je peux poser une question ?,Får jag ställa en fråga?,,poser une question – snyggare än demander här
326,deviner,verb,,att gissa,Devine !,Gissa!,,demo-ordet; till publik: Devinez !
327,gagner,verb,,att vinna; tjäna,J'ai gagné deux fois !,Jag har vunnit två gånger!,,sant! gagner de l'argent = tjäna pengar
328,réussir,verb,,att lyckas,Tu vas réussir !,Du kommer att lyckas!,,motsats: rater = missa/misslyckas
329,rencontrer,verb,,att träffa,On a rencontré des gens super.,Vi träffade jättetrevligt folk.,,une rencontre = ett möte
330,inviter,verb,,att bjuda (in),Je t'invite !,Jag bjuder!,,gratisord (invitera)! på restaurang = jag betalar
331,discuter,verb,,"att diskutera, prata",On discute de tout.,Vi pratar om allt.,,gratisord! discuter de + ämne
332,décider,verb,,att bestämma,C'est décidé !,Det är bestämt!,,une décision = ett beslut (gratis!)
333,accepter,verb,,"att acceptera, tacka ja",J'accepte avec plaisir !,Jag tackar ja med nöje!,,gratisord!
334,manquer,verb,,att saknas; missa,Tu me manques !,Jag saknar dig!,,VARNING baklänges: ordagrant du fattas mig; Kalle me manque = jag saknar Kalle
335,ne t'inquiète pas,uttryck,,oroa dig inte,"Ne t'inquiète pas, ça va !","Oroa dig inte, det är lugnt!",,s'inquiéter = oroa sig; artigt: ne vous inquiétez pas; talspråk: t'inquiète !
336,utiliser,verb,,att använda,J'utilise ma mémoire tous les jours !,Jag använder mitt minne varje dag!,,tous les jours = varje dag (tous les + tid)
337,continuer,verb,,att fortsätta,On continue !,Vi fortsätter!,,continuer à + infinitiv
338,arrêter,verb,,att sluta; stanna,Arrête !,Sluta!,,s'arrêter = stanna; sans arrêt = oavbrutet
339,devenir,verb,,att bli,Kalle devient grand !,Kalle blir stor!,,être-verb i dåtid: il est devenu; je deviens
340,suivre,verb,,att följa,Suivez-moi sur TikTok !,Följ mig på TikTok!,,din CTA! je suis = både jag är OCH jag följer – être och suivre delar form
341,tenir,verb,,att hålla,Tiens !,Här! / Jaså!,,universalinterjektion: räcka över ngt eller visa förvåning; Tiens tiens !
342,courir,verb,,att springa,Kalle ne court pas encore !,Kalle springer inte än!,,je cours; particip: couru
343,nager,verb,,att simma,On va nager avec Kalle.,Vi ska simma med Kalle.,,babysim = bébés nageurs; la natation = simning
344,toucher,verb,,att röra,Ne touche pas !,Rör inte!,,föräldrafrasen; talspråk: Pas touche !
345,garder,verb,,att behålla; passa,Tu peux garder Kalle ce soir ?,Kan du passa Kalle ikväll?,,garder = behålla OCH passa barn
346,chien,substantiv,m,hund,C'est ton chien ?,Är det din hund?,,hälsa på hundägare = fransk småpratsklassiker
347,chat,substantiv,m,katt,Le chat dort tout le temps.,Katten sover jämt.,,tout le temps = jämt; t tyst: [scha]
348,oiseau,substantiv,m,fågel,"Regarde l'oiseau, Kalle !","Titta på fågeln, Kalle!",,"-eau = maskulint, regeln håller; plural: oiseaux"
349,animal,substantiv,m,djur,Tu préfères quel animal ?,Vilket djur gillar du bäst?,,gratisord! plural: animaux [animå]
350,jardin,substantiv,m,trädgård,Un robot travaille dans mon jardin !,En robot jobbar i min trädgård!,robot (m) = robot – gratisord!,sant – robotgräsklipparen; jardin ≈ eng. garden
351,arbre,substantiv,m,träd,Il y a un grand arbre dans le jardin.,Det står ett stort träd i trädgården.,,arbre ≈ latinets arbor
352,fleur,substantiv,f,blomma,Des fleurs pour Jessica !,Blommor till Jessica!,,"-eur på saker ofta feminint: la fleur, la couleur"
353,mer,substantiv,f,hav,On va à la mer ?,Ska vi åka till havet?,,mer/mère/maire (hav/mamma/borgmästare) uttalas exakt likadant!
354,plage,substantiv,f,strand,La plage est belle ici.,Stranden är fin här.,,UNDANTAGET: feminint trots -age – palatstest nr 2!
355,montagne,substantiv,f,berg,J'aime la montagne.,Jag gillar bergen.,,à la montagne = i bergen/på fjället
356,ciel,substantiv,m,himmel,Le ciel est beau ce soir.,Himlen är vacker ikväll.,,plural: cieux (poetiskt)
357,terre,substantiv,f,jord,"Sur Terre, il y a 196 pays !",På jorden finns 196 länder!,,"din videosiffra! la Terre = planeten, la terre = jord/mark"
358,air,substantiv,m,luft,J'ai besoin d'air !,Jag behöver luft!,,gratisord! avoir l'air = verka: Ça a l'air bon !
359,rouge,adjektiv,,röd,"Le vin rouge, s'il vous plaît.","Rödvinet, tack.",,färger kommer EFTER substantivet: le vin rouge
360,blanc / blanche,adjektiv,,vit,Ou le vin blanc ?,Eller det vita?,,Mont Blanc = Vita berget; c tyst
361,noir / noire,adjektiv,,svart,"Un café noir, s'il vous plaît.","En svart kaffe, tack.",,kaffet är tillbaka – i sin äkta franska form
362,bleu / bleue,adjektiv,,blå,Le ciel est bleu !,Himlen är blå!,,les Bleus = franska landslaget
363,vert / verte,adjektiv,,grön,"C'est vert, on y va !","Det är grönt, nu kör vi!",,"vert/verre/vers – tre ord, samma ljud"
364,jaune,adjektiv,,gul,"La maison jaune, là-bas !","Det gula huset, där borta!",,gilet jaune = gul väst
365,couleur,substantiv,f,färg,C'est ta couleur préférée ?,Är det din favoritfärg?,préféré(e) = favorit-,feminint; av préférer som du redan kan
366,feu,substantiv,m,eld; trafikljus,"Au feu rouge, à droite.","Vid rödljuset, till höger.",,Au feu ! = Elden är lös!
367,été,substantiv,m,sommar,"En été, on est en Suède.",På sommaren är vi i Sverige.,,été = även participet varit: j'ai été = jag har varit!
368,hiver,substantiv,m,vinter,L'hiver est long en Suède !,Vintern är lång i Sverige!,,en hiver = på vintern
369,printemps,substantiv,m,vår,Kalle est né au printemps !,Kalle föddes i våras!,né = född (av naître),est né = être-dåtid; au printemps men en été/hiver/automne
370,automne,substantiv,m,höst,"En automne, je parle français !",I höst pratar jag franska!,,"HELA PROJEKTET; uttal [åtånn], m tyst"
371,sympa,adjektiv,,"trevlig, schysst",Les Français sont sympas !,Fransmännen är trevliga!,,kortform av sympathique ≈ sympatisk; samma i femininum
372,gentil / gentille,adjektiv,,snäll,"C'est gentil, merci !","Vad snällt, tack!",,artighetsfrasen när någon hjälper dig; uttal [schangti]
373,drôle,adjektiv,,rolig,C'est drôle !,Vad kul!,,"talspråk: marrant, rigolo"
374,joli / jolie,adjektiv,,"söt, fin",C'est joli ici !,Vad fint det är här!,,joli = fint/sött; beau = vackert (större)
375,cher / chère,adjektiv,,dyr; kär,C'est trop cher !,Det är för dyrt!,,pas cher = billigt; Chère Jessica = Kära Jessica (brev)
376,important / importante,adjektiv,,viktig,C'est très important.,Det är väldigt viktigt.,,gratisord!
377,différent / différente,adjektiv,,"annorlunda, olik",C'est différent en France.,Det är annorlunda i Frankrike.,,gratisord!
378,simple,adjektiv,,enkel,C'est simple !,Det är enkelt!,,gratisord! plus simple = enklare
379,fort / forte,adjektiv,,stark; högt,"Plus fort, s'il vous plaît !","Högre, tack!",,"fort = stark, högt OCH duktig: Tu es fort !"
380,meilleur / meilleure,adjektiv,,"bättre, bäst",C'est le meilleur !,Den är bäst!,,"meilleur = adjektiv (bättre sak), mieux = adverb (bättre sätt)"
381,lit,substantiv,m,säng,Kalle dort dans notre lit...,Kalle sover i vår säng...,,Au lit ! = I säng!; grand lit = dubbelsäng (hotellordet)
382,chambre,substantiv,f,"rum, sovrum","Une chambre pour trois, s'il vous plaît.","Ett rum för tre, tack.",,hotellfrasen
383,clé,substantiv,f,nyckel,Où sont mes clés ?!,Var är mina nycklar?!,,universalpaniken
384,fenêtre,substantiv,f,fönster,Je peux ouvrir la fenêtre ?,Får jag öppna fönstret?,,^ = försvunnet s: latinets fenestra
385,lumière,substantiv,f,ljus,Il y a une belle lumière ce soir.,Det är ett fint ljus ikväll.,,filmarens ord; les Lumières = upplysningen
386,toilettes,substantiv,f,toalett,Où sont les toilettes ?,Var är toaletten?,,ALLTID plural; överlevnadsfras nr 1 på resa
387,douche,substantiv,f,dusch,La douche est froide !,Duschen är kall!,,gratisord! prendre une douche = duscha
388,propre,adjektiv,,ren; egen,C'est propre ici !,Vad rent det är här!,,motsats: sale = smutsig; FÖRE substantiv = egen: ma propre maison
389,ouvert / ouverte,adjektiv,,öppen,C'est ouvert ?,Är det öppet?,,skyltparet komplett: ouvert/fermé; particip av ouvrir
390,lentement,adverb,,långsamt,"Plus lentement, s'il vous plaît !","Långsammare, tack!",,"överlevnadstrion komplett: répéter, moins vite, plus lentement"
391,pied,substantiv,m,fot,On y va à pied ?,Ska vi gå dit?,,à pied = till fots; d tyst [pjé]
392,jambe,substantiv,f,ben,J'ai mal aux jambes.,Jag har ont i benen.,,aux = à + les – sista sammandragningen!
393,bras,substantiv,m,arm,Kalle dort dans mes bras.,Kalle sover i min famn.,,s tyst; bras = arm och famn
394,bouche,substantiv,f,mun,Ouvre la bouche !,Gapa!,,matningsfrasen; amuse-bouche = munsbit
395,dent,substantiv,f,tand,Kalle a une dent !,Kalle har fått en tand!,,milstolpemeningen! feminint: la dent – palatstest
396,oreille,substantiv,f,öra,J'ai mal aux oreilles.,Jag har ont i öronen.,,flygplansordet; dire à l'oreille = viska
397,cheveux,substantiv,m,hår,Il a mes cheveux !,Han har mitt hår!,,plural om frisyren; ETT strå = un cheveu; cheval = häst – blanda inte!
398,ventre,substantiv,m,mage,Kalle a mal au ventre.,Kalle har ont i magen.,,mal au ventre/à la tête/aux dents – systemet rullar
399,rire,verb,,att skratta,Kalle rit tout le temps !,Kalle skrattar jämt!,,"je ris; le rire = skrattet; sourire = le, ett leende"
400,pleurer,verb,,att gråta,"Il pleure un peu, mais ça va.","Han gråter lite, men det är lugnt.",,il pleure (gråter) vs il pleut (regnar) – en bokstav skiljer tårar från regn
401,plus ... que,uttryck,,mer ... än,Le français est plus facile que je pense !,Franska är lättare än jag tror!,,jämförelser: plus/moins/aussi ... que; superlativ: le plus ...
402,pire,adjektiv,,värre,C'est pire en hiver.,Det är värre på vintern.,,le pire = det värsta; adjektivens mieux/meilleur-kusin
403,il y a + tid,uttryck,,för ... sedan,"Il y a deux ans, on était deux. Maintenant, trois !",För två år sedan var vi två. Nu tre!,,il y a = det finns OCH för...sedan; était = var (c'était-familjen)
404,venir de + verb,uttryck,,har precis,Je viens de commencer !,Jag har precis börjat!,,ordagrant kommer från att; dåtid utan dåtidsböjning
405,être en train de,uttryck,,hålla på att,Je suis en train d'apprendre le français.,Jag håller på att lära mig franska.,,pågående form – franskans -ing
406,avis,substantiv,m,åsikt,"À mon avis, c'est possible.",Enligt mig är det möjligt.,,à mon avis = diskursguld; d'après moi = enligt mig
407,ça dépend,uttryck,,det beror på,Ça dépend du temps.,Det beror på vädret/tiden.,,dépendre de + ngt; universalsvaret
408,ah bon ?,uttryck,,jaså?,Ah bon ? Raconte !,Jaså? Berätta!,,samtalsbränsle – håller motparten pratande
409,exactement,adverb,,exakt,C'est exactement ça !,Det är precis så!,,gratisord! starkare än c'est ça
410,absolument,adverb,,absolut,Absolument !,Absolut!,,gratisord! entusiastiska ja:et
411,environ,adverb,,ungefär,C'est à environ dix minutes.,Det är ungefär tio minuter bort.,,à peu près = synonym (av ord du kan!)
412,pourtant,adverb,,"ändå, trots det","C'est simple, et pourtant...","Det är enkelt, och ändå...",,kontrastordet
413,d'ailleurs,uttryck,,förresten,"D'ailleurs, on mange quand ?","Förresten, när ska vi äta?",,ailleurs = någon annanstans
414,bref,adverb,,kort sagt,"Bref, c'était super.",Kort sagt: det var toppen.,,enfin bref = hur som helst; avslutar utläggningar
415,sinon,konjunktion,,annars,"Sinon, ça va ?","Annars då, allt bra?",,"även villkor: Viens, sinon je commence sans toi"
416,même si,uttryck,,även om,"Même si c'est difficile, je continue.",Även om det är svårt fortsätter jag.,,projektmotto nr 3
417,genre,uttryck,,typ (talspråk),C'est genre... très français.,Det är typ... väldigt franskt.,,ungdomsspråk – exakt som svenskans typ; strössla varsamt
418,vérité,substantiv,f,sanning,C'est la vérité !,Det är sanningen!,,vrai → vérité; en vérité = i själva verket
419,faute,substantiv,f,fel,"C'est ma faute, désolé.","Det är mitt fel, förlåt.",,C'est pas ma faute ! = klassikern; faute = även språkfel
420,erreur,substantiv,f,misstag,Il y a une erreur dans l'addition.,Det är ett fel på notan.,,gratisord (error)! restaurangkollen
421,aide,substantiv,f,hjälp,Merci pour ton aide !,Tack för din hjälp!,,av aider; À l'aide ! = Hjälp!
422,choix,substantiv,m,val,Bon choix !,Bra val!,,x tyst; kyparens beröm när du beställer rätt
423,choisir,verb,,att välja,Je choisis le poisson.,Jag väljer fisken.,,"choisi = particip; je choisis, tu choisis"
424,compter,verb,,att räkna; räknas,Je compte en français maintenant !,Jag räknar på franska nu!,,compter sur = lita på: Tu peux compter sur moi; par jour = om dagen
425,calculer,verb,,att räkna ut,Je calcule vite.,Jag räknar snabbt.,,gratisord (kalkylera)! le calcul mental = huvudräkning – din sajt på franska
426,mémoriser,verb,,att memorera,Je mémorise cent mots par jour.,Jag memorerar hundra ord om dagen.,,GRATISORD – ditt verb! la mémorisation
427,s'entraîner,verb,,att träna,Je m'entraîne tous les jours.,Jag tränar varje dag.,,l'entraînement = träning; reflexivt
428,prononcer,verb,,att uttala,Comment on prononce ça ?,Hur uttalar man det där?,,inlärarfras; épeler = bokstavera; la prononciation
429,traduire,verb,,att översätta,Tu peux traduire pour moi ?,Kan du översätta åt mig?,,traduit = particip; une traduction
430,corriger,verb,,att rätta,"Corrige-moi, s'il te plaît !","Rätta mig, snälla!",,gratisord (korrigera)! säg det till varje fransman – guld för inlärningen
431,cerveau,substantiv,m,hjärna,"Mon cerveau, c'est mon travail !",Min hjärna är mitt jobb!,,"-eau maskulint, regeln håller; din yrkesbeskrivning nr 2"
432,corps,substantiv,m,kropp,"Le sport, c'est bon pour le corps.",Sport är bra för kroppen.,le sport (m) = sport – gratisord!,ps tyst: [kår]
433,sommeil,substantiv,m,sömn,J'ai besoin de sommeil !,Jag behöver sömn!,,avoir sommeil = vara sömnig – förälderns ord
434,rêve,substantiv,m,dröm,Fais de beaux rêves !,Sov sött!,,godnattfrasen till Kalle; rêver de = drömma om; fais = gör (du-uppmaning av faire)
435,voix,substantiv,f,röst,Kalle connaît ma voix.,Kalle känner igen min röst.,,x tyst [voa]; à voix haute = högt
436,bruit,substantiv,m,"ljud, oväsen",Il y a trop de bruit ici.,Det är för mycket oväsen här.,,trop de + substantiv = för mycket
437,silence,substantiv,m,tystnad,"Silence, Kalle dort !","Tyst, Kalle sover!",,gratisord!
438,chanson,substantiv,f,"låt, sång",C'est ma chanson préférée !,Det är min favoritlåt!,,la chanson française = en hel genre
439,chanter,verb,,att sjunga,Je chante pour Kalle le soir.,Jag sjunger för Kalle på kvällen.,,un chanteur / une chanteuse = sångare
440,danser,verb,,att dansa,On danse ?,Ska vi dansa?,,gratisord!
441,santé,substantiv,f,hälsa,Santé !,Skål!,,À ta santé ! = skål för dig; viktigaste festordet; en bonne santé = frisk
442,malade,adjektiv,,sjuk,Je suis un peu malade.,Jag är lite sjuk.,,tomber malade = bli sjuk; un malade = en patient
443,médecin,substantiv,m,läkare,Il faut voir un médecin ?,Behöver man träffa en läkare?,,"le docteur = gratis synonym; alltid le, även för kvinnor"
444,pharmacie,substantiv,f,apotek,Il y a une pharmacie près d'ici ?,Finns det ett apotek i närheten?,,gröna lysande korset i varje fransk stad
445,médicament,substantiv,m,"medicin, läkemedel",Vous avez un médicament pour la tête ?,Har ni någon medicin mot huvudvärk?,,pour la tête/le ventre = mot huvudet/magen
446,rendez-vous,substantiv,m,"möte, bokad tid",J'ai un rendez-vous à midi.,Jag har ett möte klockan tolv.,,"GRATIS via svenskan! förkortas rdv; läkare, frisör, affärsmöte – allt är rendez-vous"
447,parents,substantiv,m,föräldrar,On est parents maintenant !,Vi är föräldrar nu!,,gratisord! grand-parents = mor-/farföräldrar
448,grands-parents,substantiv,m,mor-/farföräldrar,Kalle a des grands-parents super.,Kalle har toppen-mor-och-farföräldrar.,,"mamie = mormor/farmor, papi = morfar/farfar (smeknamnen)"
449,mari,substantiv,m,"make, man",Son mari est français.,Hennes man är fransk.,,se marier = gifta sig; femme = fru (rang 94)
450,copain / copine,substantiv,m/f,kompis; pojkvän/flickvän,C'est un copain de l'école.,Det är en kompis från skolan.,,"VARNING: un copain = kompis, MON copain = pojkvän – artikeln avgör!"
451,billet,substantiv,m,biljett,"Deux billets pour Paris, s'il vous plaît.","Två biljetter till Paris, tack.",,GRATIS (biljett)! tåg/flyg/konsert = billet; metro/buss = ticket
452,avion,substantiv,m,flygplan,On prend l'avion demain.,Vi flyger imorgon.,,en avion = med flyg; voler = flyga OCH stjäla
453,aéroport,substantiv,m,flygplats,L'aéroport est loin d'ici ?,Är det långt till flygplatsen?,,nästan gratis (airport)
454,bus,substantiv,m,buss,Le bus arrive dans dix minutes.,Bussen kommer om tio minuter.,,gratisord! uttal [byss]
455,métro,substantiv,m,tunnelbana,"On prend le métro, c'est plus simple.","Vi tar metron, det är enklare.",,"gratisord! métro, boulot, dodo = pendla, jobba, sova (franskans ekorrhjul)"
456,vélo,substantiv,m,cykel,On y va à vélo ?,Ska vi cykla dit?,,à vélo = med cykel; svenskans velociped – samma rot!
457,valise,substantiv,f,resväska,Ma valise est trop petite !,Min resväska är för liten!,,faire sa valise = packa
458,sac,substantiv,m,väska,C'est dans mon sac.,Det ligger i min väska.,,sac à dos = ryggsäck; sac à main = handväska
459,passeport,substantiv,m,pass,Voilà mon passeport.,Här är mitt pass.,,gratisord! passe + port
460,monter,verb,,att gå upp; stiga på,On monte ?,Ska vi gå upp/stiga på?,,monter dans le bus/train; être-verb i dåtid: je suis monté
461,descendre,verb,,att gå ner; kliva av,Je descends ici !,Jag kliver av här!,,bussfrasen! je suis descendu i dåtid
462,tourner,verb,,att svänga,Tournez à droite après le pont.,Sväng höger efter bron.,le pont (m) = bro,vägbeskrivningarna kompletta; tourner un film = spela in en film!
463,traverser,verb,,"att korsa, gå över",On traverse ici.,Vi går över här.,,traverser la rue/la France
464,revenir,verb,,att komma tillbaka,Je reviens tout de suite !,Jag kommer strax tillbaka!,,re + venir; je suis revenu i dåtid
465,retourner,verb,,att åka tillbaka,On retourne à l'hôtel ?,Ska vi tillbaka till hotellet?,,"re-mönstret: revenir, retourner, retrouver..."
466,se retrouver,verb,,"att ses, träffas",On se retrouve où ?,Var ses vi?,,mötesfrasen! retrouver = hitta igen: J'ai retrouvé mes clés !
467,se promener,verb,,att promenera,On se promène avec Kalle ?,Ska vi gå en runda med Kalle?,,une promenade = en promenad (gratis!)
468,se reposer,verb,,att vila,Je me repose cinq minutes.,Jag vilar fem minuter.,,"äntligen rätt ord för vila (rester = stanna, minns rang 149!)"
469,s'asseoir,verb,,att sätta sig,Asseyez-vous !,Varsågod och sitt!,,Assieds-toi ! = sätt dig (du-form); je m'assieds
470,se dépêcher,verb,,att skynda sig,"Dépêche-toi, le train part !","Skynda dig, tåget går!",,talspråk: Dépêche !
471,conduire,verb,,att köra,"Jessica conduit, moi, je regarde la carte.","Jessica kör, jag kollar kartan.",,je conduis; conduit = particip; le permis de conduire = körkort
472,rouler,verb,,att rulla; köra,Ça roule ?,Rullar det på? / Allt bra?,,talspråkshälsning; svaret: Ça roule !
473,route,substantiv,f,väg,C'est la bonne route ?,Är det rätt väg?,,nästan gratis (rutt); Bonne route ! = kör försiktigt!
474,pont,substantiv,m,bro,Le pont est très beau le soir.,Bron är jättevacker på kvällen.,,faire le pont = klämdag (bygga bro över helgen)!
475,église,substantiv,f,kyrka,L'église est au centre.,Kyrkan ligger i centrum.,le centre (m) = centrum – gratisord!,"é = försvunnet s-trick funkar inte här, men: ecclésiastique!"
476,château,substantiv,m,slott,On visite un château ?,Ska vi besöka ett slott?,,^ = s: castle! plural: châteaux; Loiredalen väntar
477,marché,substantiv,m,"marknad, torghandel",On va au marché le matin.,Vi går till torget på morgonen.,,bon marché = billigt (ordagrant bra marknad)
478,centre-ville,substantiv,m,"centrum, stadskärna",C'est au centre-ville.,Det är i centrum.,,centre + ville – två kända ord
479,endroit,substantiv,m,"ställe, plats",C'est un bel endroit !,Det är ett fint ställe!,,synonym: le lieu; bel före vokal (regeln från beau)
480,coin,substantiv,m,hörn; ställe,Il y a un petit café au coin.,Det ligger ett litet kafé i hörnet.,,un coin sympa = ett mysigt ställe; du coin = härifrån trakten
481,campagne,substantiv,f,landsbygd,La campagne française est belle.,Den franska landsbygden är vacker.,,à la campagne = på landet; även kampanj (gratis!)
482,nord / sud / est / ouest,substantiv,m,norr / söder / öster / väster,Alingsås est dans l'ouest de la Suède.,Alingsås ligger i västra Sverige.,,alla fyra på en gång; est (öster) stavas som est (är)!
483,banque,substantiv,f,bank,La banque est fermée le week-end.,Banken är stängd på helgen.,,gratisord!
484,ordinateur,substantiv,m,dator,Mon ordinateur est vieux.,Min dator är gammal.,,FALSK VÄN-VARNING: dator heter INTE computer – ordinateur!
485,écran,substantiv,m,skärm,Pas d'écran pour Kalle !,Ingen skärm för Kalle!,,le petit écran = TV:n; le grand écran = bion
486,wifi,substantiv,m,wifi,Vous avez le wifi ?,Har ni wifi?,,gratisord! fransmännen uttalar det [wiffi]
487,mot de passe,substantiv,m,lösenord,"C'est quoi, le mot de passe ?",Vad är lösenordet?,,"mot + passe – ordagrant passerord, som svenskans gamla lösen"
488,vidéo,substantiv,f,video,Ma vidéo a un million de vues !,Min video har en miljon visningar!,un million = en miljon; des vues = visningar,GRATIS och sant! feminint: la vidéo
489,créer,verb,,att skapa,Je crée des vidéos sur internet.,Jag skapar videor på nätet.,internet – gratisord!,"la création, créatif – hela familjen gratis"
490,filmer,verb,,att filma,Je filme tout aujourd'hui.,Jag filmar allt idag.,,gratisord!
491,partager,verb,,att dela,Partagez la vidéo !,Dela videon!,,din CTA! partager = även dela mat: On partage ?
492,poster,verb,,att lägga upp,Je poste ça demain matin.,Jag lägger upp det imorgon bitti.,,gratisord! demain matin = imorgon bitti
493,vendre,verb,,att sälja,Je vends mes livres sur mon site.,Jag säljer mina böcker på min sajt.,,vendu = såld; à vendre = till salu
494,projet,substantiv,m,projekt,J'ai un nouveau projet... un par semaine !,Jag har ett nytt projekt... ett i veckan!,,GRATIS! un par semaine = ett per vecka
495,entreprise,substantiv,f,företag,J'ai une petite entreprise en Suède.,Jag har ett litet företag i Sverige.,,entreprenör-familjen; sant dessutom
496,bureau,substantiv,m,kontor; skrivbord,"Je travaille à la maison, pas au bureau.","Jag jobbar hemma, inte på kontor.",,gratis via byrå! -eau maskulint
497,réunion,substantiv,f,möte,La réunion commence à dix heures.,Mötet börjar klockan tio.,,nästan gratis (reunion); être en réunion = sitta i möte
498,client,substantiv,m,kund,Le client a toujours raison !,Kunden har alltid rätt!,,gratisord! une cliente = kvinnlig kund
499,chef,substantiv,m,chef,"C'est moi le chef... non, c'est Kalle.","Det är jag som är chef... nej, det är Kalle.",,gratisord! chef = även kock (chef de cuisine)
500,but,substantiv,m,mål,Mon but : parler français en un mois.,Mitt mål: prata franska på en månad.,,HALVVÄGS! but = även mål i fotboll; marquer un but = göra mål
501,verre,substantiv,m,glas,Un verre de vin ?,Ett glas vin?,,boire un verre = ta ett glas; verre/vert/vers – samma ljud
502,bouteille,substantiv,f,flaska,"Une bouteille d'eau, s'il vous plaît.","En flaska vatten, tack.",,nästan gratis: butelj!
503,tasse,substantiv,f,kopp,Une tasse de café ? Toujours !,En kopp kaffe? Alltid!,,"nästan gratis: tass... nej, kopp!"
504,morceau,substantiv,m,bit,Un petit morceau de fromage ?,En liten bit ost?,,-eau maskulint; un morceau de = en bit av
505,sucre,substantiv,m,socker,"Sans sucre, merci.","Utan socker, tack.",,nästan gratis (socker); sucré = söt (om mat)
506,sel,substantiv,m,salt,"Le sel, s'il vous plaît ?","Kan jag få saltet, tack?",,GRATIS! bordsfrasen; salé = salt (adjektiv)
507,beurre,substantiv,m,smör,Du pain avec du beurre !,Bröd med smör!,,beurre + baguette = Frankrike i två ord
508,œuf,substantiv,m,ägg,"Deux œufs, s'il vous plaît.","Två ägg, tack.",,UTTALSFÄLLA: un œuf [önöff] men des œufs [dezö] – f:et försvinner i plural!
509,pomme,substantiv,f,äpple,Une pomme pour la route !,Ett äpple för resan!,,pomme de terre = potatis (jordäpple)!
510,fruit,substantiv,m,frukt,Kalle mange des fruits maintenant.,Kalle äter frukt nu.,,GRATIS! t tyst: [frui]
511,légume,substantiv,m,grönsak,Les légumes du marché sont super.,Grönsakerna från torget är toppen.,,maskulint trots -e: le légume
512,soupe,substantiv,f,soppa,Une soupe pour Kalle.,En soppa till Kalle.,,gratisord!
513,gâteau,substantiv,m,"tårta, kaka",Un gâteau pour l'anniversaire !,En tårta till födelsedagen!,,-eau maskulint; ^ = s: gastel... nästan gastronomi!
514,goût,substantiv,m,smak,Ça a bon goût !,Det smakar gott!,,^ = s: goût → gusto; chacun ses goûts = var och en sin smak
515,goûter,verb,,att smaka; mellanmål,Goûte ! C'est délicieux.,Smaka! Det är utsökt.,,le goûter = mellis – helig institution kl 16 i Frankrike
516,sentir,verb,,att känna; lukta,Ça sent bon !,Det luktar gott!,,ça sent bon/mauvais; je sens
517,se sentir,verb,,"att må, känna sig",Je me sens bien ici.,Jag mår bra här.,,se sentir bien/mal
518,préparer,verb,,att förbereda; laga,Je prépare le dîner ce soir.,Jag lagar middagen ikväll.,,gratisord (preparera)!
519,apporter,verb,,att ta med (sak),J'apporte le dessert !,Jag tar med efterrätten!,,apporter = saker; emmener = personer
520,emmener,verb,,att ta med (person),On emmène Kalle partout.,Vi tar med Kalle överallt.,,j'emmène; paret apporter/emmener
521,offrir,verb,,att ge (present); bjuda,C'est moi qui offre !,Jag bjuder!,,c'est moi qui = det är jag som; offert = particip
522,recevoir,verb,,"att få, ta emot",J'ai reçu ton message !,Jag har fått ditt meddelande!,,reçu = particip OCH kvitto – bokföringsordet!
523,prêter,verb,,att låna ut,Tu peux me prêter dix euros ?,Kan du låna mig tio euro?,,låna UT = prêter; låna AV någon = emprunter
524,rendre,verb,,att lämna tillbaka,Je te le rends demain !,Jag lämnar tillbaka den imorgon!,,te + le = två pronomen i rad – nivå 2-flyt!
525,cadeau,substantiv,m,present,Un petit cadeau pour toi !,En liten present till dig!,,-eau maskulint; c'est cadeau ! = det bjuder vi på!
526,voisin / voisine,substantiv,m/f,granne,Nos voisins sont sympas.,Våra grannar är trevliga.,,
527,cousin / cousine,substantiv,m/f,kusin,Tu as des cousins en France ?,Har du kusiner i Frankrike?,,GRATIS – svenskans kusin kommer härifrån!
528,ranger,verb,,att plocka undan,On range avant de partir.,Vi plockar undan innan vi åker.,,avant de + infinitiv = innan man...; småbarnslivets verb
529,nettoyer,verb,,att göra rent,Je nettoie la cuisine.,Jag gör rent i köket.,,net = rent → nettoyer
530,casser,verb,,att ha sönder,C'est cassé !,Den är sönder!,,barnfamiljens ord; se casser = talspråk för att dra
531,réparer,verb,,att laga,Tu peux réparer ça ?,Kan du laga det där?,,gratisord (reparera)!
532,allumer,verb,,"att tända, sätta på",Tu peux allumer la lumière ?,Kan du tända ljuset?,,"motsats: éteindre = släcka, stänga av"
533,pousser,verb,,att trycka; knuffa,Poussez !,Tryck!,,dörrskylten! pousser = även växa: Kalle pousse vite !
534,tirer,verb,,att dra,Tirez !,Drag!,,dörrparet komplett: Poussez/Tirez – nu öppnas alla Frankrikes dörrar åt rätt håll
535,journal,substantiv,m,tidning,C'est dans le journal !,Det står i tidningen!,,nästan gratis (journal); plural: journaux; le journal télévisé = TV-nytt
536,nouvelles,substantiv,f,nyheter,Quelles sont les nouvelles ?,Vad nytt?,,"talspråk: Quoi de neuf ? = Läget, något nytt?; Bonne nouvelle ! = Goda nyheter!"
537,météo,substantiv,f,väderprognos,La météo dit du soleil demain.,Prognosen säger sol imorgon.,,nästan gratis (meteorologi)
538,étoile,substantiv,f,stjärna,"Regarde les étoiles, Kalle.","Titta på stjärnorna, Kalle.",,"É-TRICKET: é i början = försvunnet s! étoile/star, école/school, étudiant/student, étranger/stranger"
539,lune,substantiv,f,måne,La lune est belle ce soir.,Månen är vacker ikväll.,,lunatisk – samma rot!
540,étudiant / étudiante,substantiv,m/f,student,Je suis étudiant... en français !,Jag är student... i franska!,,é = s: student! gratis via tricket
541,étudier,verb,,att studera,J'étudie une heure par jour.,Jag pluggar en timme om dagen.,,é = s: study; par jour = om dagen
542,étranger / étrangère,substantiv,m/f,utlänning; utländsk,Je suis étranger ici.,Jag är utlänning här.,,é = s: stranger; à l'étranger = utomlands
543,dictionnaire,substantiv,m,ordbok,Pas besoin de dictionnaire !,Ingen ordbok behövs!,,nästan gratis (dictionary); pas besoin de = ingen/inget X behövs
544,page,substantiv,f,sida,C'est à la page dix.,Det står på sidan tio.,,"gratisord! -age-undantag nr 3: la plage, la page, l'image – alla feminina"
545,image,substantiv,f,bild,Une image par mot – c'est ma technique !,En bild per ord – det är min teknik!,la technique (f) = teknik – gratisord!,hela minnesmetoden i en mening; -age-undantag nr 4
546,tour,substantiv,m/f,"tur, runda; torn",C'est ton tour !,Din tur!,,"GENUS ÄNDRAR BETYDELSE: le tour = turen (Tour de France), la tour = tornet (la tour Eiffel)!"
547,moitié,substantiv,f,hälften,On a fait la moitié !,Vi har gjort hälften!,,la moitié de = hälften av; moitié-moitié = fifty-fifty
548,reste,substantiv,m,rest,"Le reste, c'est facile.",Resten är lätt.,,gratisord! il reste = det återstår
549,partie,substantiv,f,"del; parti, omgång",Une partie de cartes ?,Ett parti kort?,,faire partie de = ingå i; partie = del OCH spelomgång
550,souvenir,substantiv,m,minne (minnesbild),Un souvenir pour la vie !,Ett minne för livet!,,"GRATIS (souvenir)! le souvenir = minnesbilden, la mémoire = minnesförmågan – dina två yrkesord isär"
551,j'aimerais,uttryck,,jag skulle vilja,J'aimerais bien voir ça !,Det skulle jag gärna vilja se!,,"conditionnel av aimer; mjukare än je veux, varmare än je voudrais"
552,on pourrait,uttryck,,vi skulle kunna,On pourrait essayer ?,Skulle vi kunna testa?,,förslagsformen – artigt sätt att föreslå allt
553,tu devrais,uttryck,,du borde,Tu devrais goûter ça !,Du borde smaka det här!,,rådformen; vous devriez = ni borde
554,ce serait,uttryck,,det skulle vara,Ce serait super !,Det skulle vara toppen!,,serait = conditionnel av être; drömläget
555,quand j'étais petit,uttryck,,när jag var liten,"Quand j'étais petit, j'habitais ici.",När jag var liten bodde jag här.,,"nyckeln till barndomsberättelser; -ais = imparfait: j'étais, j'avais, j'habitais"
556,il paraît que,uttryck,,det sägs att,Il paraît que c'est délicieux.,Det sägs att det är utsökt.,,skvallerfrasen; paraître = verka/synas
557,se passer,verb,,att hända,Qu'est-ce qui se passe ?,Vad händer?,,lär som block: [käskisspass]; Qu'est-ce qui s'est passé ? = Vad hände?
558,se tromper,verb,,att ta fel,"Je me suis trompé, pardon !","Jag tog fel, förlåt!",,inlärarens bästa vän; se tromper de train = ta fel tåg
559,réfléchir,verb,,att fundera,"Attends, je réfléchis...","Vänta, jag funderar...",,reflektera! köper tanketid i samtal
560,reconnaître,verb,,att känna igen,Je reconnais ce mot !,Jag känner igen det där ordet!,,re + connaître; reconnu = particip
561,promettre,verb,,att lova,C'est promis !,Jag lovar!,,promettre de + infinitiv; une promesse = ett löfte
562,souhaiter,verb,,att önska,Je te souhaite bonne chance !,Jag önskar dig lycka till!,,souhaiter la bienvenue = önska välkommen
563,féliciter,verb,,att gratulera,Félicitations !,Grattis!,,"ESSENTIELL – till allt: examen, bebisar, vunna VM"
564,remercier,verb,,att tacka,Je vous remercie !,Jag tackar er!,,formellare än merci; remercier pour = tacka för
565,présenter,verb,,att presentera,Je te présente Jessica.,Det här är Jessica.,,gratisord! introduktionsfrasen; se présenter = presentera sig
566,truc,substantiv,m,"grej, sak","C'est quoi, ce truc ?",Vad är det här för grej?,,talspråkets viktigaste substantiv; synonym: machin
567,mec,substantiv,m,"kille, snubbe",C'est un mec sympa.,Det är en schysst kille.,,talspråk; tjej = une nana
568,type,substantiv,m,"typ, sort; snubbe",C'est mon type de projet !,Det är min typ av projekt!,,gratisord! un type = även en snubbe
569,boulot,substantiv,m,jobb (talspråk),"Le boulot, ça va ?",Hur är det på jobbet?,,"métro, boulot, dodo = pendla, jobba, sova"
570,métier,substantiv,m,yrke,"C'est quoi, ton métier ?",Vad jobbar du med?,,fransmännens riktiga fråga: Qu'est-ce que tu fais dans la vie ?
571,prénom,substantiv,m,förnamn,"Kalle, c'est un prénom suédois.",Kalle är ett svenskt förnamn.,,"pré + nom = för-namn, genomskinligt"
572,façon,substantiv,f,sätt,"De toute façon, on y va !",Vi åker i alla fall!,,de toute façon = hur som helst – diskursguld
573,moyen,substantiv,m,"sätt, medel",Il y a un moyen plus simple.,Det finns ett enklare sätt.,,au moyen de = med hjälp av
574,pareil / pareille,adjektiv,,likadan,C'est pareil en Suède.,Det är likadant i Sverige.,,C'est pareil ! = Samma sak!
575,plupart,substantiv,f,de flesta,La plupart des gens sont sympas.,De flesta människor är trevliga.,,la plupart des + plural; åsikts-öarnas nyckelord
576,selon,preposition,,enligt,"Selon moi, c'est possible.",Enligt mig är det möjligt.,,selon la météo = enligt prognosen
577,grave,adjektiv,,allvarlig,C'est pas grave !,Ingen fara! / Det gör inget!,,Frankrikes mest lugnande fras; talspråk: grave = totalt (Grave ! = Verkligen!)
578,sérieux / sérieuse,adjektiv,,"allvarlig, seriös",Sérieux ?,Allvarligt?,,gratisord! Sérieusement = allvarligt talat
579,libre,adjektiv,,"ledig, fri",Tu es libre ce soir ?,Är du ledig ikväll?,,liberté-familjen; libre service = självbetjäning
580,occupé / occupée,adjektiv,,upptagen,"Désolé, je suis occupé.","Förlåt, jag är upptagen.",,nästan gratis (ockuperad); C'est occupé = det är upptaget (toaletten!)
581,génial / géniale,adjektiv,,"toppen, genialt",C'est génial !,Det är toppen!,,gratisord! entusiasm-ordet nr 1
582,parfait / parfaite,adjektiv,,perfekt,C'est parfait !,Det är perfekt!,,gratisord! kyparens favoritsvar
583,incroyable,adjektiv,,otrolig,C'est incroyable !,Det är otroligt!,,in + croire + able – tre delar du kan!
584,magnifique,adjektiv,,"magnifik, underbar",La vue est magnifique !,Utsikten är magnifik!,,gratisord!
585,excellent / excellente,adjektiv,,utmärkt,Excellent choix !,Utmärkt val!,,gratisord!
586,terrible,adjektiv,,hemsk; grym,Pas terrible...,Inte så bra...,,VARNING: pas terrible = inte så bra; c'est terrible = hemskt ELLER grymt bra beroende på ton!
587,horrible,adjektiv,,hemsk,Le café est horrible ici.,Kaffet är hemskt här.,,gratisord! nödrop på fel café
588,bizarre,adjektiv,,konstig,"C'est bizarre, non ?","Det är konstigt, eller hur?",,gratisord (bisarr)!
589,fou / folle,adjektiv,,galen,C'est fou !,Det är galet!,,C'est fou ! = vanligaste förvåningen; fou de = galen i
590,nul / nulle,adjektiv,,"kass, värdelös","Je suis nul en géographie... non, je rigole !","Jag är kass på geografi... nej, jag skojar!","rigoler = skoja, skratta (talspråk)",être nul en = vara kass på; C'est nul ! = det suger
591,normal / normale,adjektiv,,normal,"C'est normal, tu commences !","Det är normalt, du har ju nyss börjat!",,gratisord! C'est normal = det är helt naturligt
592,calme,adjektiv,,lugn,Kalle est calme ce soir.,Kalle är lugn ikväll.,,gratisord! Du calme ! = Ta det lugnt!
593,tranquille,adjektiv,,lugn,C'est un endroit tranquille.,Det är ett lugnt ställe.,,Tranquille ! = Lugnt!/Ingen stress (talspråk)
594,nécessaire,adjektiv,,nödvändig,C'est vraiment nécessaire ?,Är det verkligen nödvändigt?,,gratisord (necessary)!
595,impossible,adjektiv,,omöjlig,Impossible n'est pas français !,Omöjligt är inte franska!,,Napoleons ord – ditt projektmotto; gratisord!
596,entre,preposition,,mellan,Entre nous...,Oss emellan...,,entre toi et moi = mellan dig och mig
597,sous,preposition,,under,C'est sous la table.,Det ligger under bordet.,,föräldrarnas vanligaste upptäckt
598,contre,preposition,,mot,Je suis contre.,Jag är emot.,,PAR CONTRE = däremot – diskursguld!
599,vers,preposition,,mot; vid (tid),On arrive vers midi.,Vi kommer vid tolvtiden.,,vers + klockslag = ungefär vid
600,jusqu'à,preposition,,ända till,Jusqu'à quand ?,Till när? / Hur länge?,,jusqu'ici = hittills; 600 ord hittills!
601,sauf,preposition,,utom,"Tout, sauf le café froid !","Allt, utom kallt kaffe!",,
602,grâce à,uttryck,,tack vare,"Grâce à ma mémoire, c'est facile !",Tack vare mitt minne är det lätt!,,grâce = nåd/tack; motsatsen kommer på nästa rad
603,retard (en retard),substantiv,m,försening (försenad),"Désolé, je suis en retard !","Förlåt, jag är sen!",,à l'heure = i tid; le train a du retard = tåget är försenat
604,à cause de,uttryck,,på grund av,On est en retard à cause du bus.,Vi är sena på grund av bussen.,,negativt orsakspar med grâce à (positivt)
605,malgré,preposition,,trots,"Malgré la pluie, on sort !",Trots regnet går vi ut!,la pluie (f) = regn (av pleuvoir!),mal + gré = mot ens vilja
606,journée,substantiv,f,dag(en),Bonne journée !,Ha en bra dag!,,"jour räknar, journée upplevs; sägs vid varje avsked innan kväll"
607,soirée,substantiv,f,kväll(en); fest,Bonne soirée !,Ha en trevlig kväll!,,"une soirée = även en fest; paret komplett: jour/journée, an/année, soir/soirée"
608,pause,substantiv,f,paus,On fait une pause ?,Ska vi ta en paus?,,GRATIS – exakt samma ord!
609,passé,substantiv,m,"dåtid, det förflutna","Le passé, c'est le passé.",Det som varit har varit.,,gratisord! passé composé bor här
610,présent,substantiv,m,nutid; gåva,Le présent est un cadeau.,Nuet är en gåva.,,dubbelbetydelsen funkar på franska med: présent = nutid OCH (formell) present!
611,époque,substantiv,f,"tid, epok","À l'époque, c'était différent.",På den tiden var det annorlunda.,,gratisord (epok)! berättarfrasen
612,siècle,substantiv,m,århundrade,C'est le siècle de l'IA.,Det är AI:ns århundrade.,,podd-material; au 21e siècle = på 2000-talet
613,milieu,substantiv,m,mitt(en),Au milieu de la nuit...,Mitt i natten...,,VARNING: milieu = mitten; svenskans miljö = environnement!
614,bout,substantiv,m,"ände, slut",C'est au bout de la rue.,Det ligger i slutet av gatan.,,au bout de deux jours = efter två dagar
615,suite,substantiv,f,fortsättning,La suite demain !,Fortsättning imorgon!,,tout de suite kan du; la suite = det som följer
616,nombre,substantiv,m,antal,Un grand nombre de mots !,Ett stort antal ord!,,"trion komplett: nombre (antal), numéro (nummer), chiffre (siffra)"
617,qualité,substantiv,f,kvalitet,La qualité est super.,Kvaliteten är toppen.,,gratisord!
618,rythme,substantiv,m,"rytm, takt","À ce rythme, c'est possible !",I den här takten är det möjligt!,,gratisord! maskulint (-ème/-me-grekiska)
619,chacun / chacune,pronomen,,var och en,Chacun son truc !,Var och en sin grej!,,chacun ses goûts = var och en sin smak
620,vue,substantiv,f,utsikt; syn,La vue est belle d'ici.,Utsikten är fin härifrån.,,point de vue = synvinkel; vues = visningar (rang 488!)
621,vêtements,substantiv,m,kläder,Où sont les vêtements de Kalle ?,Var är Kalles kläder?,,av verbet vêtir; oftast plural
622,chemise,substantiv,f,skjorta,"Une chemise blanche, simple.","En vit skjorta, enkelt.",,chemise = även mapp (dator!)
623,pantalon,substantiv,m,byxor,Le pantalon est trop petit.,Byxorna är för små.,,SINGULAR på franska: un pantalon = ett par byxor!
624,robe,substantiv,f,klänning,Ta robe est très belle !,Din klänning är jättefin!,,garde-robe = garderob – svenskt lån härifrån!
625,veste,substantiv,f,"jacka, kavaj",Je prends ma veste.,Jag tar min jacka.,,FALSK VÄN: veste = jacka; väst = gilet!
626,manteau,substantiv,m,"rock, kappa",Un manteau pour l'hiver suédois !,En rock för den svenska vintern!,,-eau maskulint
627,chapeau,substantiv,m,hatt,Chapeau !,Snyggt jobbat! (Hatten av!),,idiomguld – beröm med ett ord; -eau maskulint
628,chaussures,substantiv,f,skor,J'aime tes chaussures !,Snygga skor!,,chaussettes = strumpor (nästan samma ord!)
629,lunettes,substantiv,f,glasögon,Où sont mes lunettes ?,Var är mina glasögon?,,ordagrant SMÅ MÅNAR (lune)!; lunettes de soleil = solglasögon
630,taille,substantiv,f,storlek; midja,Vous avez ma taille ?,Har ni min storlek?,,shoppingfrasen; Quelle taille ? = Vilken storlek?
631,visage,substantiv,m,ansikte,Kalle a un petit visage tout rond.,Kalle har ett litet alldeles runt ansikte.,rond / ronde = rund,"-age maskulint, regeln håller"
632,doigt,substantiv,m,finger,Kalle prend mon doigt.,Kalle greppar mitt finger.,,doigts de pied = tår (fotfingrar!); gt tyst [doa]
633,genou,substantiv,m,knä,J'ai mal au genou.,Jag har ont i knät.,,plural: genoux; sur les genoux = i knät
634,peau,substantiv,f,hud,Kalle a la peau douce.,Kalle har len hud.,"doux / douce = mjuk, len",-EAU MEN FEMININT: l'eau och la peau – de två rebellerna!
635,cou,substantiv,m,"hals, nacke",J'ai mal au cou.,Jag har ont i nacken.,,cou (hals) vs coup (slag) vs coût (kostnad) – samma ljud [ko]!
636,classe,substantiv,f,klass,C'est la classe !,Vad stiligt!,,gratisord! la classe ! = idiom för stil/klass
637,cours,substantiv,m,"kurs, lektion",Je fais un cours en ligne.,Jag gör en onlinekurs.,"en ligne = online, på nätet",gratisord (kurs)! sant dessutom
638,leçon,substantiv,f,"lektion, läxa",La leçon du jour : cent mots.,Dagens lektion: hundra ord.,,gratisord (lektion)!
639,devoirs,substantiv,m,läxor,Les devoirs d'abord !,Läxorna först!,,devoir = måste → les devoirs = det man måste göra
640,examen,substantiv,m,"prov, tentamen",L'examen final : parler avec un Français !,Slutprovet: prata med en fransman!,,gratisord (examen)! dag 30-testet
641,note,substantiv,f,betyg; anteckning,Bonne note !,Bra betyg!,,gratisord! prendre des notes = anteckna
642,professeur / prof,substantiv,m,lärare,"Mon prof, c'est une IA !",Min lärare är en AI!,,gratisord! alla säger prof; sant dessutom
643,élève,substantiv,m/f,elev,L'élève apprend vite !,Eleven lär sig snabbt!,,SVENSKANS ELEV ÄR FRANSKA – helt gratis; av élever = uppfostra/höja
644,maths,substantiv,f,matte,"Les maths, c'est facile pour moi.",Matte är lätt för mig.,,gratisord! les mathématiques; sant för dig
645,géographie / géo,substantiv,f,geografi,"La géo, c'est mon truc !",Geografi är min grej!,,GRATIS – och bokstavligen din sajt
646,science,substantiv,f,vetenskap,La science dit oui !,Vetenskapen säger ja!,,gratisord! les sciences = naturvetenskap
647,université,substantiv,f,universitet,Elle étudie à l'université.,Hon pluggar på universitetet.,,gratisord! talspråk: la fac
648,diplôme,substantiv,m,"examen, diplom",Pas besoin de diplôme pour ça !,Ingen examen behövs för det!,,gratisord! ^ = s: diplom(a)
649,bibliothèque,substantiv,f,bibliotek,La bibliothèque est ouverte ?,Är biblioteket öppet?,,gratisord – exakt samma!
650,librairie,substantiv,f,bokhandel,Mes livres sont à la librairie ?,Finns mina böcker i bokhandeln?,,"FALSK VÄN-KLASSIKERN: librairie = bokhandel, library = bibliothèque!"
651,machine,substantiv,f,maskin,La machine apprend vite... trop vite ?,Maskinen lär sig snabbt... för snabbt?,,GRATIS! machine learning-ön öppnad
652,technologie,substantiv,f,teknologi,La technologie change tout.,Teknologin förändrar allt.,,gratisord! la tech = talspråk
653,système,substantiv,m,system,Le système marche bien.,Systemet funkar bra.,,"gratisord! grekiska -ème = MASKULINT trots -e: système, problème, thème – palatsregel!"
654,risque,substantiv,m,risk,Il y a des risques avec l'IA.,Det finns risker med AI.,,GRATIS – och din poddtes; risquer = riskera
655,danger,substantiv,m,fara,Pas de danger ici.,Ingen fara här.,,gratisord (danger)!
656,dangereux / dangereuse,adjektiv,,farlig,C'est dangereux ?,Är det farligt?,,danger + -eux (adjektivfabriken)
657,sécurité,substantiv,f,säkerhet,La sécurité d'abord !,Säkerheten först!,,nästan gratis (security); en sécurité = i säkerhet
658,contrôler,verb,,att kontrollera,On peut contrôler ça ?,Kan man kontrollera det?,,gratisord – och AI-säkerhetens kärnfråga
659,contrôle,substantiv,m,kontroll,Tout est sous contrôle !,Allt är under kontroll!,,gratisord! ^ = s: kontroll
660,développer,verb,,att utveckla,Ils développent trop vite.,De utvecklar för snabbt.,,gratisord (developpa)!
661,développement,substantiv,m,utveckling,Le développement de l'IA va vite.,AI-utvecklingen går fort.,,din artikel i ett ord
662,société,substantiv,f,samhälle; bolag,La société n'est pas prête.,Samhället är inte redo.,,din Aftonbladet-tes på franska! société = samhälle OCH företag
663,gouvernement,substantiv,m,regering,Le gouvernement doit décider.,Regeringen måste bestämma.,,gratisord (government)!
664,politique,substantiv,f,politik,"La politique, c'est compliqué.",Politik är komplicerat.,compliqué = komplicerad – gratisord!,gratisord! un politique = en politiker
665,loi,substantiv,f,lag,C'est la loi !,Det är lag!,,la loi de l'IA = AI-lagstiftning
666,droit,substantiv,m,rätt(ighet); juridik,C'est ton droit !,Det är din rättighet!,,"trippelordet: droit = rak (279), droite = höger (277), le droit = rätten!"
667,économie,substantiv,f,ekonomi,L'économie va mieux.,Ekonomin går bättre.,,gratisord! économiser = spara
668,énergie,substantiv,f,energi,Kalle a de l'énergie !,Kalle har energi!,,gratisord!
669,environnement,substantiv,m,miljö,C'est bon pour l'environnement.,Det är bra för miljön.,,"environment; minns: milieu = mitten, INTE miljö"
670,climat,substantiv,m,klimat,Le climat change.,Klimatet förändras.,,gratisord! klimat-ön öppnad
671,planète,substantiv,f,planet,"Une petite planète, 196 pays.","En liten planet, 196 länder.",,gratisord – och din videosiffra igen
672,guerre,substantiv,f,krig,"La guerre, c'est terrible.",Krig är fruktansvärt.,,här betyder terrible verkligen hemskt; Première Guerre mondiale = första världskriget
673,paix,substantiv,f,fred,"La paix, c'est mieux.",Fred är bättre.,,x tyst [pä]; Laisse-moi en paix ! = Lämna mig ifred!
674,liberté,substantiv,f,frihet,"Liberté, égalité, fraternité !","Frihet, jämlikhet, broderskap!",,Frankrikes motto – tre gratisord på en gång!
675,solution,substantiv,f,lösning,Il y a toujours une solution !,Det finns alltid en lösning!,,GRATIS! optimistfrasen
676,amour,substantiv,m,kärlek,L'amour de ma vie.,Mitt livs kärlek.,,nästan gratis (amour); MASKULINT trots allt romantiskt
677,amoureux / amoureuse,adjektiv,,kär,"Tomber amoureux, c'est facile en France.",Att bli kär är lätt i Frankrike.,,tomber amoureux = falla kär – precis som svenskan!
678,bonheur,substantiv,m,lycka,"Kalle, c'est notre bonheur.",Kalle är vår lycka.,,bon + heur (tur); motsats: le malheur
679,espoir,substantiv,m,hopp,Il y a de l'espoir !,Det finns hopp!,,espérer → espoir
680,mort,substantiv,f,död(en),Ce n'est pas la mort !,Det är inte hela världen!,,idiomguld – ordagrant det är inte döden
681,mourir,verb,,att dö,Je meurs de faim !,Jag är utsvulten!,,ordagrant jag dör av hunger; il est mort = être-dåtid
682,naître,verb,,att födas,Kalle est né en Suède.,Kalle föddes i Sverige.,,né kan du redan (369); la naissance = födelse; être-verb
683,grandir,verb,,att växa,Kalle grandit trop vite !,Kalle växer för fort!,,grand → grandir; adjektiv + -ir = bli-verb: rougir = rodna
684,peser,verb,,att väga,Kalle pèse huit kilos !,Kalle väger åtta kilo!,kilo (m) = kilo – gratisord!,je pèse; le poids = vikten
685,mesurer,verb,,att mäta,Ça mesure deux mètres.,Den är två meter.,mètre (m) = meter – gratisord!,gratisord (mäta upp)!
686,durer,verb,,"att vara, pågå",Ça dure combien de temps ?,Hur länge håller det på?,,combien de temps = hur länge; la durée = längden
687,suffire,verb,,att räcka,Ça suffit !,Det räcker!,,föräldrafras OCH allmän gräns; il suffit de = det räcker att
688,servir,verb,,att servera; tjäna till,Ça sert à quoi ?,Vad är den till för?,,servir à = vara till för; se servir de = använda
689,jeter,verb,,att kasta,On jette ça ?,Ska vi slänga det här?,,jeter un œil = kasta ett öga = ta en titt (samma som svenskan!)
690,lancer,verb,,att kasta; lansera,Je lance un nouveau site !,Jag lanserar en ny sajt!,,gratisord (lansera)! ditt entreprenörsverb
691,attraper,verb,,att fånga,Attrape !,Fånga!,,lekordet; attraper froid = bli förkyld!
692,sourire,verb,,att le,Souriez !,Le mot kameran!,,un sourire = ett leende; Kalle sourit ! = Kalle ler!
693,s'occuper de,verb,,att ta hand om,Je m'occupe de Kalle ce matin.,Jag tar hand om Kalle i förmiddag.,,föräldervardagens verb; Je m'en occupe ! = Jag fixar det!
694,vérifier,verb,,"att kolla, kontrollera",Je vérifie tout de suite !,Jag kollar direkt!,,gratisord (verifiera)!
695,comparer,verb,,att jämföra,On compare les prix ?,Ska vi jämföra priserna?,,gratisord (komparera)!
696,imaginer,verb,,att föreställa sig,Tu imagines ?,Kan du tänka dig?,,GRATIS! Imagine ! = Tänk dig!
697,proposer,verb,,att föreslå,Je propose un café. Comme toujours.,Jag föreslår en kaffe. Som alltid.,,gratisord (proponera)! une proposition = ett förslag
698,organiser,verb,,att organisera,J'organise tout ce week-end.,Jag ordnar allt i helgen.,,GRATIS!
699,refuser,verb,,"att vägra, tacka nej",Je ne peux pas refuser !,Jag kan inte tacka nej!,,gratisord (refusera)!
700,réaliser,verb,,att förverkliga; inse,Je réalise un rêve : parler français !,Jag förverkligar en dröm: att prata franska!,,gratisord (realisera)! 700 klara – tre fjärdedelar!
701,il faut que j'y aille,uttryck,,jag måste dra,Il faut que j'y aille !,Jag måste dra nu!,,subjonctif i sin viktigaste form; aille = aller efter que
702,pour que,konjunktion,,för att (avsikt),Je répète pour que ce soit parfait.,Jag repeterar för att det ska bli perfekt.,,pour que + subjonctif; ce soit = det ska vara
703,bienvenue,interjektion,,välkommen,Bienvenue en Suède !,Välkommen till Sverige!,,"bien + venue = väl-kommen, ordagrant samma som svenskan"
704,déranger,verb,,att störa,Je vous dérange ?,Stör jag?,,artighetsguld; Ça me dérange pas = det gör mig inget
705,permettre,verb,,att tillåta,Vous permettez ?,Tillåter ni? / Får jag?,,permis = tillåtet OCH körkort (le permis)
706,interdit / interdite,adjektiv,,förbjuden,C'est interdit ici.,Det är förbjudet här.,,skyltordet! interdire = förbjuda; Interdit aux chiens = hundförbud
707,attention,substantiv,f,uppmärksamhet,Attention !,Se upp! / Akta!,,gratisord! Fais attention ! = Var försiktig!
708,secret,substantiv,m,hemlighet,C'est un secret !,Det är en hemlighet!,,GRATIS! secret professionnel = yrkeshemlighet
709,blague,substantiv,f,skämt,C'est une blague ?,Skojar du?,,Blague à part = skämt åsido; Sans blague ! = Allvarligt!
710,humour,substantiv,m,humor,"L'humour suédois, c'est spécial.",Svensk humor är speciell.,spécial = speciell – gratisord!,le sens de l'humour = humorn; h tyst
711,courage,substantiv,m,mod,Bon courage !,Kämpa på!,,"GRATIS! bon courage = för jobbiga saker, bonne chance = för slumpen"
712,effort,substantiv,m,ansträngning,Encore un petit effort !,En liten ansträngning till!,,gratisord! peppfrasen
713,progrès,substantiv,m,framsteg,Tu fais des progrès !,Du gör framsteg!,,gratisord (progress)! faire des progrès
714,niveau,substantiv,m,nivå,"C'est quoi, ton niveau ?",Vad har du för nivå?,,GRATIS – svenskans nivå är franska! -eau maskulint
715,peine,substantiv,f,möda; sorg,Ce n'est pas la peine !,Det behövs inte!,,ordagrant det är inte värt mödan; à peine = knappt
716,fier / fière,adjektiv,,stolt,Je suis fier de toi !,Jag är stolt över dig!,,fier de = stolt över; föräldrafrasen
717,colère,substantiv,f,ilska,Il est en colère.,Han är arg.,,en colère = arg; se mettre en colère = bli arg
718,énervé / énervée,adjektiv,,irriterad,Je suis un peu énervé.,Jag är lite irriterad.,,svenskans ENERVERAD är franska – gratis! s'énerver = bli irriterad
719,stressé / stressée,adjektiv,,stressad,"Pas stressé, moi !","Inte stressad, jag!",,GRATIS! le stress likaså
720,inquiet / inquiète,adjektiv,,orolig,Tu es inquiet ?,Är du orolig?,,s'inquiéter känner du (335); inquiet är adjektivet
721,déçu / déçue,adjektiv,,besviken,Je suis un peu déçu.,Jag är lite besviken.,,av décevoir; une déception = besvikelse (INTE deception!)
722,surpris / surprise,adjektiv,,förvånad,Surpris ? Moi aussi !,Förvånad? Jag också!,,gratisord! une surprise = en överraskning
723,jaloux / jalouse,adjektiv,,avundsjuk,Il est jaloux de ma mémoire !,Han är avundsjuk på mitt minne!,,svenskans jalusi – nästan gratis
724,timide,adjektiv,,blyg,Kalle n'est pas timide !,Kalle är inte blyg!,,gratisord (timid)!
725,poli / polie,adjektiv,,artig,Les Français sont polis... si tu dis bonjour !,Fransmännen är artiga... om du säger bonjour!,,kulturregeln i en mening; impoli = oartig
726,honnête,adjektiv,,ärlig,Honnêtement ? C'est difficile.,Ärligt talat? Det är svårt.,,honnêtement = ärligt talat; h tyst
727,méchant / méchante,adjektiv,,elak,"Attention, chien méchant !",Varning för hunden!,,Frankrikes vanligaste grindskylt
728,bête,adjektiv,,dum; djur,C'est bête !,Vad dumt/fånigt!,,dubbelliv: une bête = ett djur! ^ = s: beast!
729,intelligent / intelligente,adjektiv,,intelligent,Kalle est très intelligent... comme sa mère !,Kalle är väldigt intelligent... som sin mamma!,,GRATIS!
730,curieux / curieuse,adjektiv,,nyfiken,Je suis curieux de voir ça !,Jag är nyfiken på att se det!,,gratisord (kuriös)! curieux de + infinitiv
731,se calmer,verb,,att lugna sig,On se calme !,Vi lugnar ner oss!,,calme känner du; Calme-toi ! = Lugna dig!
732,ressembler à,verb,,att likna,Il ressemble à Jessica.,Han är lik Jessica.,,bebissmåpratets viktigaste verb; ressembler À någon
733,regard,substantiv,m,blick,Ce regard !,Den blicken!,,regarder → regard
734,geste,substantiv,m,gest,Un petit geste sympa.,En liten fin gest.,,GRATIS! maskulint trots -e
735,pas,substantiv,m,steg,Pas à pas !,Steg för steg!,,HÄR föddes negationen: je ne marche pas = jag går inte ETT STEG – etymologiguld!
736,sauter,verb,,att hoppa,On saute dans l'eau ?,Ska vi hoppa i vattnet?,,sauter un repas = hoppa över en måltid
737,tomber,verb,,att falla,Kalle est tombé... ça va !,Kalle ramlade... det är lugnt!,,från Laisse tomber (290) till fullvärdigt verb; être-verb: est tombé
738,lever,verb,,att lyfta,Levez la main !,Räck upp handen!,,se lever = gå upp (292); lever = lyfta
739,retenir,verb,,"att komma ihåg, hålla kvar",J'ai tout retenu !,Jag kom ihåg allt!,,re + tenir; ditt scenverb efter varje demo
740,réviser,verb,,"att repetera, plugga",Je révise mes mots le soir.,Jag repeterar mina ord på kvällen.,,gratisord (revidera)! la révision
741,tester,verb,,att testa,On teste ma mémoire ?,Ska vi testa mitt minne?,,GRATIS! un test likaså
742,noter,verb,,att anteckna,C'est noté !,Uppfattat! / Antecknat!,,gratisord (notera)! kyparens svar
743,remarquer,verb,,att lägga märke till,Tu as remarqué ?,Har du märkt det?,,gratisord (remark)! une remarque = en kommentar
744,éviter,verb,,att undvika,J'évite le sucre... parfois.,Jag undviker socker... ibland.,,éviter de + infinitiv
745,protéger,verb,,att skydda,Il faut protéger les enfants.,Man måste skydda barnen.,,gratisord (protegera)! la protection
746,bon appétit,uttryck,,smaklig måltid,Bon appétit !,Smaklig måltid!,,"OBLIGATORISKT före varje fransk måltid; appétit = aptit, gratis"
747,repas,substantiv,m,måltid,Un bon repas en famille.,En god måltid med familjen.,,en famille = i familjekretsen; s tyst [röpa]
748,plat,substantiv,m,rätt; fat,"Le plat du jour, s'il vous plaît !","Dagens rätt, tack!",,restaurangens bästa deal; plat principal = huvudrätt
749,entrée,substantiv,f,förrätt,Une entrée pour deux ?,En förrätt att dela?,,entrée = förrätt OCH ingång/entré – svenskt lån!
750,boisson,substantiv,f,dryck,Et comme boisson ?,Och att dricka?,,kyparens standardfråga; boire → boisson
751,commander,verb,,att beställa,On commande ?,Ska vi beställa?,,nästan gratis (kommendera → beordra → beställa)
752,réserver,verb,,att boka,J'ai réservé une table pour trois.,Jag har bokat ett bord för tre.,,GRATIS (reservera)! une réservation
753,fourchette,substantiv,f,gaffel,"Une fourchette pour Kalle... non, pas encore !","En gaffel till Kalle... nej, inte än!",,fourchette = även prisintervall!
754,couteau,substantiv,m,kniv,Attention avec le couteau !,Försiktig med kniven!,,-eau maskulint
755,cuillère,substantiv,f,sked,Une petite cuillère pour le bébé.,En liten sked till bebisen.,,petite cuillère = tesked
756,assiette,substantiv,f,tallrik,"Une grande assiette, s'il vous plaît.","En stor tallrik, tack.",,idiom: ne pas être dans son assiette = inte må helt toppen
757,serviette,substantiv,f,servett; handduk,"Une serviette, s'il vous plaît.","En servett, tack.",,GRATIS (servett)! betyder även handduk och portfölj
758,riz,substantiv,m,ris,Du riz pour Kalle.,Lite ris till Kalle.,,nästan gratis; z tyst [ri]
759,pâtes,substantiv,f,pasta,"Des pâtes, c'est simple et bon.",Pasta är enkelt och gott.,,gratisord! ^ = s: pasta; la pâte = deg
760,tomate,substantiv,f,tomat,Une salade de tomates.,En tomatsallad.,salade (f) = sallad – gratisord!,GRATIS!
761,banane,substantiv,f,banan,Une banane pour la route.,En banan för resan.,,GRATIS!
762,orange,substantiv,f,apelsin,"Un jus d'orange, s'il vous plaît.","En apelsinjuice, tack.",jus (m) = juice – gratisord!,gratisord! även färgen orange
763,citron,substantiv,m,citron,"Avec du citron, merci.","Med citron, tack.",,GRATIS!
764,fraise,substantiv,f,jordgubbe,Les fraises suédoises sont les meilleures !,Svenska jordgubbar är bäst!,,midsommarargumentet – kör det på varje fransman
765,thé,substantiv,m,te,"Un thé, s'il vous plaît.","En te, tack.",,gratisord! thé vert = grönt te
766,service,substantiv,m,service; betjäning,Le service est compris ?,Ingår dricksen?,compris = inkluderad (particip av comprendre!),GRATIS! i Frankrike ingår servicen alltid i priset
767,pourboire,substantiv,m,dricks,Un petit pourboire ?,Lite dricks?,,pour + boire = FÖR ATT DRICKA – etymologiguld!
768,monnaie,substantiv,f,växel; mynt,Vous avez la monnaie ?,Har ni växel?,,FALSK VÄN: monnaie = växel/mynt; pengar = argent!
769,portefeuille,substantiv,m,plånbok,Mon portefeuille !,Min plånbok!,,porte + feuille = bär-blad; panikordet
770,poche,substantiv,f,ficka,C'est dans ma poche.,Det ligger i min ficka.,,poche → pocket; livre de poche = pocketbok!
771,queue,substantiv,f,kö; svans,On fait la queue ?,Ska vi ställa oss i kön?,,faire la queue = köa; queue = även svans!
772,complet / complète,adjektiv,,fullbokad; komplett,"Désolé, c'est complet.","Tyvärr, det är fullbokat.",,gratisord (komplett)! hotell- och restaurangordet
773,courses,substantiv,f,matinköp,Je fais les courses ce matin.,Jag handlar i förmiddag.,,faire les courses = handla mat; la course = lopp
774,en solde,uttryck,,på rea,C'est en solde !,Det är på rea!,,les soldes = rean (januari + juli – fransk nationalsport)
775,marque,substantiv,f,märke,C'est quelle marque ?,Vilket märke är det?,,une grande marque = ett känt märke
776,appartement,substantiv,m,lägenhet,"Un petit appartement à Paris, un rêve ?","En liten lägenhet i Paris, en dröm?",,GRATIS (appartement)!
777,étage,substantiv,m,våning,C'est au premier étage.,Det är på första våningen.,,VARNING: premier étage = svenska ANDRA våningen! BV = rez-de-chaussée; -age m
778,escalier,substantiv,m,trappa,On prend l'escalier ?,Ska vi ta trapporna?,,escalier ≈ eskalera – samma rot (klättra)
779,ascenseur,substantiv,m,hiss,L'ascenseur ne marche pas !,Hissen funkar inte!,,Frankrikes vanligaste hotellmening
780,bâtiment,substantiv,m,byggnad,C'est un beau bâtiment.,Det är en vacker byggnad.,,^ = s: bastiment → bygga
781,hôpital,substantiv,m,sjukhus,L'hôpital est loin ?,Är det långt till sjukhuset?,,^ = s: hospital! plural: hôpitaux
782,police,substantiv,f,polis,Appelez la police !,Ring polisen!,,GRATIS! un policier = en polis(man)
783,boulangerie,substantiv,f,bageri,La boulangerie du coin.,Kvartersbageriet.,,Frankrikes hjärta; boulanger = bagare; öppet även söndag morgon
784,pâtisserie,substantiv,f,konditori,On passe à la pâtisserie ?,Ska vi svänga förbi konditoriet?,,nästan gratis; pâtissier = konditor
785,supermarché,substantiv,m,mataffär,Le supermarché est ouvert ?,Är mataffären öppen?,,super + marché – två kända ord
786,bar,substantiv,m,bar,On va au bar du coin ?,Ska vi gå till kvartersbaren?,,GRATIS!
787,terrasse,substantiv,f,uteservering,On mange en terrasse !,Vi äter på uteserveringen!,,GRATIS (terrass)! en terrasse = halva franska livsstilen
788,parc,substantiv,m,park,Une promenade au parc avec Kalle.,En promenad i parken med Kalle.,,GRATIS!
789,piscine,substantiv,f,"simhall, pool",On va à la piscine avec Kalle !,Vi går till simhallen med Kalle!,,babysimordet
790,stade,substantiv,m,stadion,On va au stade ?,Ska vi gå på stadion?,,gratisord! Stade de France
791,foot,substantiv,m,fotboll,Tu regardes le foot ?,Kollar du på fotboll?,,GRATIS! le football förkortas alltid
792,match,substantiv,m,match,Le match commence à huit heures.,Matchen börjar klockan åtta.,,GRATIS!
793,équipe,substantiv,f,lag,Quelle équipe !,Vilket lag!,,nästan gratis (ekipage – samma rot); équipe de France
794,ski,substantiv,m,skidor,"En Suède, on fait du ski.",I Sverige åker vi skidor.,,GRATIS! faire du + sport = utöva
795,règle,substantiv,f,regel,C'est la règle du jeu.,Det är spelets regler.,,nästan gratis; en règle générale = i regel
796,plein / pleine,adjektiv,,full,Le train est plein.,Tåget är fullt.,,plein de = massor av; faire le plein = tanka!
797,vide,adjektiv,,tom,Mon café est vide... encore un ?,Min kaffe är slut... en till?,,paret plein/vide
798,lourd / lourde,adjektiv,,tung,La valise est trop lourde !,Resväskan är för tung!,,flygplatsklassikern
799,léger / légère,adjektiv,,lätt (vikt),Un repas léger ce soir.,En lätt måltid ikväll.,,nästan gratis (legär)
800,haut / haute,adjektiv,,hög,C'est en haut !,Det är där uppe!,,MILSTOLPE 800! en haut = där uppe; à voix haute = högt
801,bas / basse,adjektiv,,låg,C'est en bas.,Det är där nere.,,en haut/en bas; là-bas känner du redan – samma bas!
802,large,adjektiv,,bred,La rue est large.,Gatan är bred.,,FALSK VÄN: large = bred; stor = grand!
803,profond / profonde,adjektiv,,djup,L'eau est profonde ici ?,Är vattnet djupt här?,,nästan gratis (profound)
804,court / courte,adjektiv,,kort,Une question courte !,En kort fråga!,,nästan gratis; motsats: long/longue
805,rapide,adjektiv,,snabb,Le train rapide pour Paris.,Snabbtåget till Paris.,,GRATIS (rapid)! TGV = train à grande vitesse
806,lent / lente,adjektiv,,långsam,Le bus est lent.,Bussen är långsam.,,lentement (390) → lent
807,moderne,adjektiv,,modern,C'est très moderne ici.,Det är väldigt modernt här.,,GRATIS!
808,ancien / ancienne,adjektiv,,gammal; före detta,C'est un bâtiment ancien.,Det är en gammal byggnad.,,VIKTIGT: FÖRE substantivet = före detta: mon ancien travail = mitt gamla jobb
809,récent / récente,adjektiv,,"ny, färsk",C'est récent ?,Är det nytt?,,gratisord!
810,suivant / suivante,adjektiv,,"nästa, följande",Au suivant !,Nästa!,,köordet; suivre → suivant
811,célèbre,adjektiv,,känd,C'est célèbre en France ?,Är det känt i Frankrike?,,"nästan gratis (celeber, celebrity)"
812,connu / connue,adjektiv,,känd,C'est connu !,Det är välkänt!,,connaître → connu; bien connu = välkänd
813,populaire,adjektiv,,populär,C'est très populaire sur TikTok.,Det är väldigt populärt på TikTok.,,GRATIS!
814,évident / évidente,adjektiv,,självklar,C'est évident !,Det är självklart!,,gratisord (evident)!
815,clair / claire,adjektiv,,"klar, tydlig",C'est clair !,Klart! / Precis!,,talspråkets vanligaste medhåll; c'est pas clair = det är oklart
816,forêt,substantiv,f,skog,La forêt commence derrière la maison.,Skogen börjar bakom huset.,,^ = s: forest – som utlovat!
817,bois,substantiv,m,skog; trä,Une table en bois.,Ett träbord.,,"en + material = av: en bois, en or (guld)"
818,lac,substantiv,m,sjö,Alingsås a des lacs magnifiques.,Alingsås har magnifika sjöar.,,sant – hälsa till Mjörn
819,rivière,substantiv,f,"å, flod",On se promène le long de la rivière ?,Ska vi promenera längs ån?,le long de = längs,rivière → riviera; stor flod = fleuve (Seine är ett fleuve!)
820,île,substantiv,f,ö,La Suède a beaucoup d'îles.,Sverige har många öar.,,^ = s: isle/island!
821,pierre,substantiv,f,sten,Une petite pierre dans ma chaussure !,En liten sten i skon!,,Pierre = även namnet Per – klippan!
822,sable,substantiv,m,sand,Kalle adore le sable.,Kalle älskar sanden.,,château de sable = sandslott!
823,vague,substantiv,f,våg,Regarde les vagues !,Titta på vågorna!,,vague = även vag (adjektiv) – dubbelliv
824,herbe,substantiv,f,gräs,On mange sur l'herbe ?,Ska vi äta i gräset?,,herb! Le déjeuner sur l'herbe – Manets picknick
825,vent,substantiv,m,vind,Il y a du vent aujourd'hui.,Det blåser idag.,,il y a du vent/du soleil – vädermaskinen
826,nuage,substantiv,m,moln,Pas un nuage !,Inte ett moln!,,-age maskulint; nuageux = molnigt
827,orage,substantiv,m,åskväder,Il y a de l'orage ce soir.,Det åskar ikväll.,,-age maskulint
828,degré,substantiv,m,grad,Il fait vingt degrés !,Det är tjugo grader!,,il fait + grader; moins cinq degrés = minus fem
829,ombre,substantiv,f,skugga,On reste à l'ombre.,Vi håller oss i skuggan.,,à l'ombre = i skuggan; sommarens bebisregel
830,saison,substantiv,f,årstid,Quelle est ta saison préférée ?,Vilken är din favoritårstid?,,nästan gratis (säsong)! de saison = säsongens
831,portable,substantiv,m,mobil,Mon portable est mort !,Min mobil är död!,,"le portable = mobilen; ordinateur portable = laptop; mort = urladdad, precis som svenskan"
832,appli,substantiv,f,app,Il y a une appli pour ça !,Det finns en app för det!,,GRATIS! une application
833,réseau,substantiv,m,nätverk,"Les réseaux sociaux, c'est mon boulot.",Sociala medier är mitt jobb.,,les réseaux sociaux = sociala medier; -eau maskulint; även mobilnät: pas de réseau !
834,compte,substantiv,m,konto,Mon compte TikTok grandit vite !,Mitt TikTok-konto växer snabbt!,,compter → compte; även bankkonto
835,abonné / abonnée,substantiv,m/f,"följare, prenumerant",Merci à tous les abonnés !,Tack till alla följare!,,s'abonner = prenumerera; Abonnez-vous ! = din CTA
836,lien,substantiv,m,länk,Le lien est dans la bio !,Länken finns i bion!,la bio = bion (profiltexten) – gratisord!,kreatörsfrasen nr 1
837,contenu,substantiv,m,innehåll,Je crée du contenu éducatif.,Jag skapar utbildande innehåll.,éducatif = utbildande – gratisord!,contenir = innehålla
838,pub,substantiv,f,reklam,Trop de pub !,För mycket reklam!,,la publicité; sans pub = reklamfritt
839,télécharger,verb,,att ladda ner,Je télécharge l'appli.,Jag laddar ner appen.,,télé (fjärr) + charger (ladda) – genomskinligt
840,cliquer,verb,,att klicka,Cliquez sur le lien !,Klicka på länken!,,GRATIS!
841,sauvegarder,verb,,att spara (fil),Sauvegarde tout !,Spara allt!,,sauver + garder – två kända verb i ett
842,remplir,verb,,att fylla (i),Je remplis le formulaire.,Jag fyller i formuläret.,formulaire (m) = formulär – gratisord!,re + plein-familjen
843,signer,verb,,att skriva under,"Signez ici, s'il vous plaît.","Skriv under här, tack.",,GRATIS (signera)! la signature
844,imprimer,verb,,att skriva ut,Tu peux imprimer ça ?,Kan du skriva ut det här?,,une imprimante = skrivare
845,louer,verb,,att hyra,On loue une voiture en France ?,Ska vi hyra bil i Frankrike?,,à louer = uthyres; louer = även hylla/prisa!
846,vol,substantiv,m,flyg(resa); stöld,Le vol est à dix heures.,Flyget går klockan tio.,,voler = flyga OCH stjäla – dubbellivet fortsätter
847,fêter,verb,,att fira,On fête ça !,Det här ska firas!,,fête → fêter; säg det ofta
848,instant,substantiv,m,ögonblick,"Un instant, s'il vous plaît !","Ett ögonblick, tack!",,gratisord (instant)! à l'instant = alldeles nyss
849,quart,substantiv,m,"kvart, fjärdedel",Il est huit heures et quart.,Klockan är kvart över åtta.,,"KLOCKAN KOMPLETT: et quart (kvart över), et demie (halv), moins le quart (kvart i)"
850,précis / précise,adjektiv,,"exakt, precis",À midi précis !,Precis klockan tolv!,,SVENSKANS PRECIS ÄR FRANSKA – helt gratis; la précision
851,quelques,adjektiv,,några,Encore quelques mots !,Några ord till!,,quelque chose kan du – quelques + substantiv = några
852,tous / toutes,pronomen,,alla,Ils sont tous là !,Alla är där!,,"UTTAL: tous som pronomen = [tuss], som adjektiv = [tu]"
853,certains / certaines,pronomen,,vissa,Certains disent que c'est impossible.,Vissa säger att det är omöjligt.,,åsikts-öarnas öppning
854,aucun / aucune,pronomen,,"ingen, inget",Aucun problème !,Inget problem alls!,,ne ... aucun = inte någon enda
855,ni ... ni,konjunktion,,varken ... eller,"Ni café ni thé, juste de l'eau.","Varken kaffe eller te, bara vatten.",,
856,soit ... soit,konjunktion,,antingen ... eller,"Soit maintenant, soit jamais !",Antingen nu eller aldrig!,,soit = subjonctif av être i förklädnad
857,celui / celle,pronomen,,den (där),"Celui-là, s'il vous plaît !","Den där, tack!",,pekfrasen! celui-ci = den här; ceux = de (plural)
858,lequel / laquelle,pronomen,,vilken,Lequel tu préfères ?,Vilken föredrar du?,,le + quel ihopslaget
859,dont,pronomen,,"vars, som",C'est le mot dont j'ai besoin !,Det är ordet som jag behöver!,,ersätter de + som: avoir besoin DE → dont
860,n'importe quoi,uttryck,,vad som helst; struntprat,C'est n'importe quoi !,Det där är rent nonsens!,,n'importe qui/où/quand = vem/var/när som helst
861,dès,preposition,,redan från,Dès demain !,Redan imorgon!,,dès le début = redan från början
862,dès que,konjunktion,,så fort (som),Dès que possible !,Så fort som möjligt!,,"förkortas dqp i sms... nej, asap"
863,pendant que,konjunktion,,medan,"Pendant que Kalle dort, j'apprends.",Medan Kalle sover lär jag mig.,,projektets verkliga schema
864,puisque,konjunktion,,eftersom (ju),"Puisque tu es là, on commence ?","Eftersom du ändå är här, ska vi börja?",,parce que = svar på varför; puisque = det ni båda redan vet
865,tellement,adverb,,så (väldigt),C'est tellement bon !,Det är SÅ gott!,,starkare än très; tellement de = så mycket
866,plutôt,adverb,,"snarare, ganska",Plutôt bien !,"Ganska bra, faktiskt!",,plutôt que = hellre än
867,deuxième,räkneord,,andra,"C'est ma deuxième langue... non, troisième !","Det är mitt andra språk... nej, tredje!",,"-ième-systemet: deux→deuxième, trois→troisième; undantag: premier"
868,milliard,substantiv,m,miljard,Ça coûte des milliards.,Det kostar miljarder.,,million kan du – milliard är storebror
869,double,substantiv,m,dubbelt,C'est le double du prix !,Det är dubbla priset!,,gratisord! doubler = dubbla; CoreWeave-regeln på franska
870,zéro,räkneord,,noll,"Zéro problème, zéro stress !","Noll problem, noll stress!",,GRATIS! zéro = även nolla (person)
871,plaire,verb,,"att behaga, falla i smaken",Ça me plaît !,Jag gillar det!,,MYSTERIET LÖST: s'il vous plaît = OM DET BEHAGAR ER! plaire → plaît
872,valoir,verb,,att vara värd,Ça vaut le coup !,Det är värt det!,,från dag 1-strategilistan; ça ne vaut pas la peine = inte värt det
873,coup,substantiv,m,slag; drag,Un coup de main ?,Behöver du en hjälpande hand?,,"coup-familjen: du coup, tout à coup, coup de main, coup de fil (samtal)"
874,tout à coup,uttryck,,plötsligt,"Tout à coup, il pleut !",Plötsligt regnar det!,,synonym: soudain
875,il s'agit de,uttryck,,det handlar om,Il s'agit de mémoire.,Det handlar om minne.,,abstrakta samtalens nyckel; De quoi s'agit-il ? = Vad gäller saken?
876,se débrouiller,verb,,att klara sig,Je me débrouille en français !,Jag klarar mig på franska!,,DET perfekta svaret på Vous parlez français ?; débrouillard = fixare
877,habitude,substantiv,f,vana,J'ai l'habitude !,Jag är van!,,d'habitude = vanligtvis; comme d'habitude = som vanligt (Sinatras My Way!)
878,profiter,verb,,att passa på; njuta,Profite bien !,Njut!,,profiter de = ta vara på; Profitez-en ! = Passa på!
879,occasion,substantiv,f,tillfälle,C'est l'occasion parfaite !,Det är det perfekta tillfället!,,gratisord! d'occasion = begagnad!
880,conseil,substantiv,m,råd,Un petit conseil : commence par les mots.,Ett litet råd: börja med orden.,,conseiller = råda; un bon conseil = ett gott råd
881,expérience,substantiv,f,erfarenhet; experiment,Quelle expérience !,Vilken upplevelse!,,gratisord! avoir de l'expérience = ha erfarenhet
882,connaissance,substantiv,f,kunskap; bekant,On fait connaissance ?,Ska vi lära känna varandra?,,connaître → connaissance; enchanté ! = trevligt att träffas
883,esprit,substantiv,m,"sinne, ande",L'esprit humain est incroyable.,Det mänskliga sinnet är otroligt.,,avoir de l'esprit = vara kvick; esprit ≈ spirit
884,force,substantiv,f,"styrka, kraft",La force de l'habitude !,Vanans makt!,,nästan gratis (force); Que la force soit avec toi = Star Wars-subjonctif!
885,forme,substantiv,f,form,Je suis en forme !,Jag är i toppform!,,GRATIS! en pleine forme = i högform; svaret på ça va när det går BRA
886,talent,substantiv,m,talang,Quel talent !,Vilken talang!,,GRATIS!
887,rôle,substantiv,m,roll,"Le rôle de papa, c'est le meilleur.",Papparollen är den bästa.,,GRATIS! jouer un rôle = spela roll
888,sujet,substantiv,m,ämne,C'est un sujet intéressant.,Det är ett intressant ämne.,,au sujet de = angående; changer de sujet = byta ämne
889,détail,substantiv,m,detalj,Je me souviens des détails.,Jag minns detaljerna.,,GRATIS! en détail = i detalj
890,étape,substantiv,f,"etapp, steg",Étape par étape !,Steg för steg!,,GRATIS (etapp)! Tour de France-ordet
891,découvrir,verb,,att upptäcka,J'ai découvert un truc génial !,Jag har upptäckt en grym grej!,,dé + couvrir (täcka av); une découverte = en upptäckt
892,inventer,verb,,att uppfinna,J'invente des techniques de mémoire.,Jag uppfinner minnestekniker.,,gratisord! une invention
893,voyager,verb,,att resa,J'adore voyager.,Jag älskar att resa.,,voyage → voyager; un grand voyageur = en van resenär
894,quitter,verb,,att lämna,Ne quittez pas !,Vänta kvar!,,telefonfrasen nr 1; quitter = lämna för gott
895,rejoindre,verb,,"att möta upp, ansluta",Je vous rejoins au café !,Jag möter upp er på kaféet!,,Rejoignez-moi sur TikTok ! = din andra CTA
896,déménager,verb,,att flytta,On déménage ? Jamais !,Ska vi flytta? Aldrig!,,ménage = hushåll; faire le ménage = städa
897,augmenter,verb,,att öka,Les prix augmentent.,Priserna ökar.,,nästan gratis (augmentera)
898,diminuer,verb,,att minska,Le stress diminue.,Stressen minskar.,,gratisord (diminuera)!
899,couper,verb,,"att skära, klippa",Tu peux couper le pain ?,Kan du skära brödet?,,couper la parole = avbryta; Ça coupe ! = den är vass!
900,cuire,verb,,"att tillaga, steka","Bien cuit, s'il vous plaît !","Välstekt, tack!",,"BIFFTRION: saignant (blodig), à point (medium), bien cuit (välstekt) – 900!"
901,mélanger,verb,,att blanda,On mélange tout !,Vi blandar allt!,,un mélange = en blandning (melerad!)
902,crier,verb,,att skrika,Kalle crie... fort !,Kalle skriker... högt!,,un cri = ett skrik
903,respirer,verb,,att andas,Respire ! Ça va aller.,Andas! Det ordnar sig.,ça va aller = det kommer ordna sig,gratisord (respirera)! lugnandefrasen
904,embrasser,verb,,att kyssa; krama,Je t'embrasse !,Puss och kram!,,"sms- och brevavslutet; embrasser = numera kyssa, inte bara omfamna"
905,bise,substantiv,f,kindpuss,On fait la bise ?,Ska vi hälsa med kindpussar?,,"KULTUR: antalet varierar 1–4 beroende på region – fråga, alla gör det!"
906,câlin,substantiv,m,"kram, gos","Un câlin, Kalle ?","En kram, Kalle?",,faire un câlin = gosa; förälderns favoritord
907,je vous en prie,uttryck,,varsågod (formellt),Je vous en prie !,Varsågod! / Ingen orsak!,,nivå 2-svaret på merci; även var så god och... (gest mot dörren)
908,exagérer,verb,,att överdriva,Tu exagères !,Du överdriver!,,gratisord (exaggerate)! Faut pas exagérer ! = Ta det lugnt nu!
909,râler,verb,,att gnälla,Les Français adorent râler !,Fransmännen älskar att gnälla!,,officiell nationalsport – säg det till en fransman och få ett leende
910,trinquer,verb,,att skåla,On trinque ?,Ska vi skåla?,,Tchin-tchin ! = skålljudet; blicken i ögonen – viktigt!
911,poussette,substantiv,f,barnvagn,La poussette est dans la voiture.,Barnvagnen är i bilen.,,pousser → poussette = lilla knuffaren!
912,couche,substantiv,f,blöja,On change la couche ?,Ska vi byta blöja?,,se coucher känner du – couche = lager/blöja
913,biberon,substantiv,m,nappflaska,C'est l'heure du biberon !,Det är dags för flaskan!,,boire-familjen
914,sieste,substantiv,f,tupplur,Kalle fait la sieste.,Kalle sover middag.,,nästan gratis (siesta); faire la sieste – helig även för vuxna fransmän
915,doudou,substantiv,m,"snutte, gosedjur",Où est le doudou ?!,Var är snutten?!,,varje fransk förälders panikfras; barndomens viktigaste ord
916,jouet,substantiv,m,leksak,Des jouets partout !,Leksaker överallt!,,jouer → jouet
917,bain,substantiv,m,bad,C'est l'heure du bain !,Det är badtid!,,salle de bains = badrum; prendre un bain = bada
918,salle,substantiv,f,"sal, rum",La salle de bains est là.,Badrummet är där.,,salle à manger = matsal; salle d'attente = väntrum
919,frigo,substantiv,m,kylskåp,C'est dans le frigo.,Det står i kylen.,,officiellt réfrigérateur – ingen säger det
920,papier,substantiv,m,papper,Tu as un papier et un stylo ?,Har du papper och penna?,stylo (m) = penna,gratisord! les papiers = ID-handlingar
921,liste,substantiv,f,lista,La liste des mille mots !,Listan med de tusen orden!,,GRATIS – och meta
922,phrase,substantiv,f,mening,Ma première phrase en français !,Min första mening på franska!,,"GRATIS (fras)! obs: mening = phrase, fras = expression"
923,grammaire,substantiv,f,grammatik,La grammaire ? Pas de panique !,Grammatiken? Ingen panik!,panique (f) = panik – gratisord!,GRATIS!
924,accent,substantiv,m,"accent, brytning",J'ai un petit accent suédois.,Jag har en liten svensk brytning.,,GRATIS – och ditt charmvapen; fransmän ÄLSKAR svensk accent
925,doute,substantiv,m,tvivel,Sans aucun doute !,Utan minsta tvekan!,,sans doute = förmodligen (svagare!); sans aucun doute = helt säkert
926,au fait,uttryck,,förresten,"Au fait, tu as vu ma vidéo ?","Förresten, har du sett min video?",,"fait-trion: en fait (faktiskt), au fait (förresten), tout à fait (precis)"
927,tout à fait,uttryck,,"precis, absolut",Tout à fait !,Precis!,,det eleganta medhållet
928,en tout cas,uttryck,,i alla fall,"En tout cas, c'est décidé.",I alla fall är det bestämt.,,diskursverktygslådan komplett
929,cas,substantiv,m,fall,"Dans ce cas, d'accord !","I så fall, okej!",,au cas où = ifall att; s tyst [ka]
930,situation,substantiv,f,situation,La situation est sous contrôle.,Situationen är under kontroll.,,GRATIS!
931,état,substantiv,m,tillstånd; stat,En bon état !,I gott skick!,,é = s: STATE! l'État = staten (stort É)
932,fièvre,substantiv,f,feber,Kalle a de la fièvre ?,Har Kalle feber?,,föräldrafrasen; avoir de la fièvre
933,rhume,substantiv,m,förkylning,J'ai un petit rhume.,Jag är lite förkyld.,,attraper un rhume = bli förkyld; h tyst [rymm]
934,épuisé / épuisée,adjektiv,,utmattad,"Épuisé, mais heureux !","Utmattad, men lycklig!",,småbarnsförälderns motto; talspråk: crevé
935,ému / émue,adjektiv,,rörd,J'étais très ému.,Jag var väldigt rörd.,,l'émotion (gratis); BB-ordet
936,gêné / gênée,adjektiv,,generad,C'est un peu gênant...,Det är lite pinsamt...,,SVENSKANS GENERAD ÄR FRANSKA! gênant = pinsamt
937,honte,substantiv,f,skam,La honte !,Vilken pinsamhet!,,avoir honte = skämmas; J'ai honte ! = Vad pinsamt (för mig)!
938,reconnaissant / reconnaissante,adjektiv,,tacksam,Je suis très reconnaissant.,Jag är väldigt tacksam.,,reconnaître → reconnaissant = åter-kännande
939,souci,substantiv,m,bekymmer,Pas de souci !,Inga problem!,,modern franska säger detta femtio gånger om dagen; se faire du souci = oroa sig
940,facture,substantiv,f,faktura,"La facture, s'il vous plaît.","Fakturan, tack.",,"GRATIS – bokföringsordet! (kvittot heter reçu, rang 522)"
941,grève,substantiv,f,strejk,Il y a grève aujourd'hui... encore !,Det är strejk idag... igen!,,KULTUR: fransk vardagsrealitet; en grève = i strejk; la manif = demonstration
942,invité / invitée,substantiv,m/f,gäst,On a des invités ce soir.,Vi har gäster ikväll.,,inviter → invité
943,couple,substantiv,m,par,Un couple avec un bébé — c'est nous !,Ett par med bebis — det är vi!,,GRATIS! maskulint
944,mariage,substantiv,m,bröllop,Le mariage est en été.,Bröllopet är på sommaren.,,-age maskulint; se marier = gifta sig
945,mail,substantiv,m,mejl,Je t'envoie un mail.,Jag mejlar dig.,,GRATIS! officiellt courriel – ingen säger det heller
946,ça y est,uttryck,,nu är det klart; äntligen,"Ça y est, je comprends !",Nu fattar jag!,,uttal [sajä]; genombrottsfrasen
947,c'est parti,uttryck,,nu kör vi,C'est parti !,Nu kör vi!,,startskottet; C'est parti mon kiki ! = skämtversionen
948,allez,interjektion,,kom igen,"Allez, encore un !","Kom igen, en till!",,även hejarop: Allez les Bleus !
949,ça te dit ?,uttryck,,är du sugen?,"Ça te dit, un café ?",Är du sugen på en kaffe?,,ordagrant säger det dig?; Ça me dit rien = jag är inte sugen
950,j'en ai marre,uttryck,,jag är trött på det,J'en ai marre du bus !,Jag är så trött på bussen!,,från dag 1-strategilistan! starkare: ras-le-bol
951,tant pis,uttryck,,synd; skit samma,Tant pis !,Synd! / Skit samma!,,paret: tant mieux ! = desto bättre!
952,bof,interjektion,,"nja, meh",Bof...,Nja...,,DET franska ljudet; svaret på ça va när det är sådär
953,hein ?,interjektion,,va?; eller hur?,"C'est bon, hein ?","Det är gott, va?",,franskans eller hôrru – hörs i varannan mening
954,euh,interjektion,,öh,Euh... je réfléchis !,Öh... jag tänker!,,"fransk tvekan är EUH, aldrig eh – bytet gör dig 30 % franskare"
955,mince !,interjektion,,attans!,"Mince, j'ai oublié !","Attans, jag glömde!",,artiga svordomen; zut ! = samma nivå; mince = även smal!
956,la vache !,uttryck,,oj! wow!,"La vache, c'est grand !",Oj vad stort!,,ordagrant KON! vache = ko
957,vachement,adverb,,jätte- (talspråk),C'est vachement bien !,Det är sjukt bra!,,ordagrant ko-igt – franskan förstärker med boskap
958,oh là là,interjektion,,oj oj oj,"Oh là là, quelle journée !","Oj oj oj, vilken dag!",,INTE flörtigt – betyder åh nej/oj då!
959,nickel,adjektiv,,perfekt (talspråk),Nickel !,Perfekt! / Toppen!,,rent som nickel; svaret när allt stämmer
960,carrément,adverb,,"helt klart, totalt",Carrément !,Absolut! / Helt klart!,,av carré = fyrkant – fyrkantigt rakt på sak
961,ouf,adjektiv,,galen (verlan),C'est un truc de ouf !,Det är helt sjukt!,,"VERLAN = baklängesspråket: fou→ouf, femme→meuf, louche→chelou; ouf = även puh!"
962,j'avoue,uttryck,,sant! håller med,J'avoue !,Sant! / Fair!,,ordagrant jag erkänner; ungdomsspråkets medhåll
963,quoi (slutkläm),uttryck,,liksom,"C'est simple, quoi !","Det är enkelt, liksom!",,talspråkets avslutning – strössla lagom
964,bah,interjektion,,tja,Bah oui !,Ja såklart!,,bah oui/bah non = självklart ja/nej
965,chouette,adjektiv,,toppen,Chouette !,Vad kul! / Toppen!,,= även UGGLA! dubbelliv
966,top,adjektiv,,toppen,C'est le top !,Det är toppklass!,,GRATIS!
967,nez,substantiv,m,näsa,Kalle a le nez de qui ?,Vems näsa har Kalle?,,z tyst [né]; sista kroppsdelen på plats
968,dos,substantiv,m,rygg,J'ai mal au dos.,Jag har ont i ryggen.,,s tyst [do]; sac à dos = ryggsäck (nu ser du logiken!)
969,les doigts dans le nez,uttryck,,superlätt,Je fais ça les doigts dans le nez !,Jag gör det med fingrarna i näsan!,,= utan ansträngning; perfekt efter ett minnestrick
970,pêche,substantiv,f,persika; fiske,Tu veux une pêche ?,Vill du ha en persika?,,dubbelliv: persika OCH fiske
971,avoir la pêche,uttryck,,vara taggad,J'ai la pêche aujourd'hui !,Jag är på topp idag!,,ordagrant ha persikan; synonym: avoir la frite (ha pommes fritesen!)
972,lapin,substantiv,m,kanin,"Un lapin ! Regarde, Kalle !","En kanin! Titta, Kalle!",,mon lapin = älskling (till barn)
973,poser un lapin,uttryck,,"utebli, inte dyka upp",Il m'a posé un lapin !,Han dök aldrig upp!,,ordagrant ställa en kanin på någon
974,c'est du gâteau,uttryck,,det är lätt som en plätt,Mille mots ? C'est du gâteau !,Tusen ord? Lätt som en plätt!,,ordagrant det är kaka – precis som engelskans piece of cake
975,le mot sur le bout de la langue,uttryck,,ordet på tungan,J'ai le mot sur le bout de la langue !,Jag har ordet på tungan!,,ordagrant på tungans ände – inlärarens ärligaste fras
976,coûter les yeux de la tête,uttryck,,kosta skjortan,Ça coûte les yeux de la tête !,Det kostar skjortan!,,ordagrant kosta ögonen ur huvudet
977,il pleut des cordes,uttryck,,det ösregnar,Il pleut des cordes !,Det ösregnar!,corde (f) = rep,ordagrant det regnar rep – engelskans cats and dogs
978,tomber dans les pommes,uttryck,,att svimma,Elle est tombée dans les pommes !,Hon svimmade!,,ordagrant falla i äpplena!
979,donner sa langue au chat,uttryck,,ge upp (gåta),Je donne ma langue au chat !,Jag ger upp – säg svaret!,,ordagrant ge sin tunga till katten; quiz-frasen
980,revenons à nos moutons,uttryck,,tillbaka till ämnet,"Bon, revenons à nos moutons !","Nå, tillbaka till ämnet!",mouton (m) = får,ordagrant tillbaka till våra får – från en 1400-talsfars!
981,stylo,substantiv,m,penna,"Un stylo, s'il vous plaît ?","En penna, tack?",,stylo à bille = kulspetspenna
982,montre,substantiv,f,armbandsklocka,Ma montre dit midi !,Min klocka säger tolv!,,montrer → montre = visaren!
983,parapluie,substantiv,m,paraply,J'ai un parapluie !,Jag har ett paraply!,,SVENSKANS PARAPLY ÄR FRANSKA: para (mot) + pluie (regn)!
984,fauteuil,substantiv,m,fåtölj,Le fauteuil est confortable.,Fåtöljen är bekväm.,confortable = bekväm – gratisord!,SVENSKANS FÅTÖLJ ÄR FRANSKA!
985,trottoir,substantiv,m,trottoar,On marche sur le trottoir.,Vi går på trottoaren.,,"SVENSKANS TROTTOAR ÄR FRANSKA – av trotter, trava!"
986,succès,substantiv,m,"framgång, succé",Quel succès !,Vilken succé!,,SVENSKANS SUCCÉ – lånordskvartetten komplett
987,défi,substantiv,m,utmaning,"Un mois, un défi !","En månad, en utmaning!",,relever un défi = anta en utmaning
988,sommet,substantiv,m,topp,On est presque au sommet !,Vi är nästan på toppen!,,även toppmöte (sommet sur l'IA!)
989,fierté,substantiv,f,stolthet,Quelle fierté !,Vilken stolthet!,,fier → fierté
990,chemin,substantiv,m,väg,On est sur le bon chemin !,Vi är på rätt väg!,,en chemin = på vägen; chemin de fer = järnväg (järn-väg!)
991,odeur,substantiv,f,"lukt, doft",Une bonne odeur de pain !,En härlig doft av bröd!,,svenskans odör – fast på franska även positivt!
992,bisou,substantiv,m,puss,Bisous !,Puss och kram!,,sms-avslutet; gulligare än bise; gros bisous = stora pussar
993,trésor,substantiv,m,skatt,"Kalle, mon trésor !","Kalle, min skatt!",,^ = s: trésor → treasure!
994,magie,substantiv,f,magi,"La mémoire, c'est de la magie... presque !",Minne är magi... nästan!,,GRATIS! magique = magisk; ditt scenord
995,réussite,substantiv,f,framgång,La réussite est proche !,Framgången är nära!,proche = nära,réussir → réussite
996,oser,verb,,att våga,Il faut oser !,Man måste våga!,,Ose ! = Våga!; hela projektet i ett verb
997,abandonner,verb,,att ge upp,On n'abandonne jamais !,Vi ger aldrig upp!,,gratisord (abandon)! Lâche pas ! = ge inte upp (talspråk)
998,bravo,interjektion,,bravo,Bravo !,Bravo!,,GRATIS – och välförtjänt vid det här laget
999,couramment,adverb,,flytande,"Bientôt, je parle couramment !",Snart pratar jag flytande!,,av courant (rinnande) – språket ska FLYTA; ditt mål i ett ord
1000,aventure,substantiv,f,äventyr,Mille mots plus tard... l'aventure commence !,Tusen ord senare... äventyret börjar!,,"GRATIS! Ordet på plats 1000 kunde bara vara ett: l'aventure. Bonne chance, champion !"
1001,papa,substantiv,m,pappa,Papa est là !,Pappa är här!,,Kalles första ord? Vi satsar på papa. Vardagsordet – père är mer formellt.
1002,maman,substantiv,f,mamma,Maman arrive tout de suite.,Mamma kommer på en gång.,,"maman/papa säger fransmän hela livet, inte bara som barn"
1003,idée,substantiv,f,idé,J'ai une idée !,Jag har en idé!,,GRATIS! Hur klarade vi 1000 ord utan idée?
1004,mauvais / mauvaise,adjektiv,,dålig,C'est une mauvaise idée.,Det är en dålig idé.,,Motsatsen till bon. pire (värre) har du redan – nu har du hela familjen
1005,tôt,adverb,,tidigt,"Demain, je commence tôt.",Imorgon börjar jag tidigt.,,tôt ↔ tard. Och titta: bientôt = bien + tôt!
1006,minute,substantiv,f,minut,"Une minute, j'arrive !","En minut, jag kommer!",,"GRATIS! seconde = sekund, också gratis"
1007,français / française,adjektiv,,fransk; franska (språket),Je parle français !,Jag pratar franska!,,"Språk skrivs med liten bokstav: le français, le suédois (svenska), l'anglais (engelska)"
1008,intéressant / intéressante,adjektiv,,intressant,Ce livre est très intéressant.,Den här boken är väldigt intressant.,,GRATIS – och intressant nog saknades den i första tusen
1009,possible,adjektiv,,möjlig,Tout est possible !,Allt är möjligt!,,impossible har du redan. « Impossible n'est pas français » – Napoleon
1010,sûr / sûre,adjektiv,,säker,Tu es sûr ?,Är du säker?,,"Hatten ^ skiljer sûr (säker) från sur (på)! bien sûr = så klart, har du redan"
1011,faux / fausse,adjektiv,,"falsk, fel",C'est faux !,Det är fel!,,vrai ↔ faux. Och: faux ami = falsk vän – ordet för fällorna i den här listan!
1012,dur / dure,adjektiv,,"hård, svår","Le français, c'est dur ? Non !","Franska, är det svårt? Nej!",,≈ difficile. dur d'oreille = lomhörd
1013,sale,adjektiv,,smutsig,Le biberon est sale.,Nappflaskan är smutsig.,,propre ↔ sale. Nu har du båda
1014,doux / douce,adjektiv,,"mjuk, mild, len",La peau de Kalle est douce.,Kalles hud är len.,,douceur = mjukhet/sötsak. Adverbet kommer snart – superviktigt för föräldrar
1015,gros / grosse,adjektiv,,"stor, tjock",Un gros câlin pour Kalle !,En stor kram till Kalle!,,"grand = stor (hög), gros = stor (omfångsrik). Gros bisous ! = stora pussar (brevslut)"
1016,porte,substantiv,f,dörr,"Ferme la porte, s'il te plaît.","Stäng dörren, tack.",s'il te plaît = tack (du-form av s'il vous plaît),Latin porta. porter (bära) är släkt – dörren 'bär' in dig? Nja. Men lätt att minnas!
1017,mur,substantiv,m,vägg,Il y a une photo de Jessica sur le mur.,Det sitter ett foto på Jessica på väggen.,photo (f) = foto (GRATIS),mur = vägg. Håll ut – snart kommer en fälla med samma stavning…
1018,sol,substantiv,m,"golv, mark",Kalle joue sur le sol.,Kalle leker på golvet.,,FALSK VÄN! Inte sol – soleil är solen. sol = golvet/marken
1019,plafond,substantiv,m,(inner)tak,Kalle regarde le plafond.,Kalle tittar i taket.,,Bebisars favorithobby. plafond = även maxgräns (pristak)
1020,toit,substantiv,m,(ytter)tak,Il y a de la neige sur le toit.,Det ligger snö på taket.,,"plafond inne, toit ute. Uttal [twa] – som toi!"
1021,pluie,substantiv,f,regn,Je n'aime pas la pluie.,Jag gillar inte regn.,,pleuvoir har du redan. Och nu ser du det: para-pluie = 'mot-regn' = paraply!
1022,dehors,adverb,,"ute, utomhus",Il fait froid dehors.,Det är kallt ute.,,dedans = inne. hors = utanför (hors-d'œuvre = utanför huvudrätten!)
1023,musique,substantiv,f,musik,Kalle aime la musique.,Kalle gillar musik.,,GRATIS! musicien / musicienne = musiker
1024,gris / grise,adjektiv,,grå,Le ciel est gris aujourd'hui.,Himlen är grå idag.,,OBS för en ordvitsmästare: gris betyder grå – grisen heter cochon (kommer snart!)
1025,rose,adjektiv,,rosa; ros,La vie en rose !,Livet i rosa!,,Både färgen och blomman (une rose). « La Vie en rose » – Édith Piafs klassiker
1026,sombre,adjektiv,,mörk,La chambre est sombre.,Rummet är mörkt.,,clair ↔ sombre. Jfr eng. sombre/somber = dyster
1027,sens,substantiv,m,betydelse; riktning; sinne,Ce mot a deux sens.,Det här ordet har två betydelser.,,"Trippelord! bon sens = sunt förnuft, sens unique = enkelriktat, les cinq sens = de fem sinnena"
1028,pièce,substantiv,f,rum; mynt; del; pjäs,L'appartement a trois pièces.,Lägenheten har tre rum.,,"Fyrdubbelord! une pièce de deux euros, une pièce de théâtre, pièces détachées = reservdelar (3D-utskrifter!)"
1029,groupe,substantiv,m,grupp,Un groupe de mots par jour.,En grupp ord om dagen.,,GRATIS! Även musikgrupp/band
1030,résultat,substantiv,m,resultat,Le résultat est incroyable.,Resultatet är otroligt.,,GRATIS!
1031,réponse,substantiv,f,svar,J'ai la réponse !,Jag har svaret!,,répondre → réponse. question ↔ réponse
1032,date,substantiv,f,datum,Quelle est la date aujourd'hui ?,Vad är det för datum idag?,,GRATIS-ish. Lurigt: dadeln (frukten) heter datte med två t
1033,minuit,substantiv,m,midnatt,Kalle dort à minuit. Enfin.,Kalle sover vid midnatt. Äntligen.,,midi ↔ minuit. OBS maskulint trots nuit: à minuit précis
1034,lendemain,substantiv,m,dagen efter,"Le lendemain, tout va mieux.",Dagen efter är allt bättre.,,le lendemain matin = morgonen därpå. Motsatsen kommer i julklustret…
1035,lundi,substantiv,m,måndag,"Lundi, je commence le français.",På måndag börjar jag med franskan.,,"Resten är nästan gratis: mardi, mercredi, jeudi, vendredi, samedi, dimanche. Liten bokstav! le lundi = på måndagar"
1036,janvier,substantiv,m,januari,"En janvier, il fait froid en Suède.",I januari är det kallt i Sverige.,,"Alla tolv: janvier, février, mars, avril, mai, juin, juillet, août, septembre, octobre, novembre, décembre. Liten bokstav även här!"
1037,nombreux / nombreuses,adjektiv,,"många, talrika",De nombreux mots sont gratuits.,Många ord är gratis.,,nombre har du redan → nombreux. Lite finare än beaucoup de
1038,entier / entière,adjektiv,,hel,Le monde entier regarde.,Hela världen tittar.,,en entier = i sin helhet. Jfr eng. entire
1039,lait,substantiv,m,mjölk,Kalle boit du lait. Beaucoup.,Kalle dricker mjölk. Mycket.,,Hur missade vi lait?! café au lait känner du igen. Latin lac → laktos!
1040,chaleur,substantiv,f,värme,J'aime la chaleur de l'été.,Jag älskar sommarvärmen.,,chaud → chaleur. Jfr kalori – värmeenhet!
1041,se réveiller,verb,,att vakna,Kalle se réveille à six heures.,Kalle vaknar klockan sex.,,le réveil = väckarklockan/uppvaknandet. se lever = gå upp (lever har du redan)
1042,s'habiller,verb,,att klä på sig,Je m'habille vite.,Jag klär på mig snabbt.,,les habits = kläder (vêtements är vanligare). déshabiller = klä av
1043,se laver,verb,,att tvätta sig,On se lave les mains avant de manger.,Vi tvättar händerna innan vi äter.,,"OBS: les mains, inte 'sina' händer – franskan använder bestämd artikel för kroppsdelar"
1044,se brosser les dents,uttryck,,att borsta tänderna,Je me brosse les dents deux fois par jour.,Jag borstar tänderna två gånger om dagen.,,"une brosse = borste, une brosse à dents = tandborste"
1045,se raser,verb,,att raka sig,Il se rase le matin.,Han rakar sig på morgonen.,,rasoir = rakhyvel; också slang för 'dötrist'!
1046,se maquiller,verb,,att sminka sig,Tu te maquilles ce soir ?,Sminkar du dig ikväll?,,le maquillage = smink. Jfr eng. make-up – samma tanke
1047,s'endormir,verb,,att somna,Kalle s'endort dans mes bras.,Kalle somnar i mina armar.,,"dormir = sova, s'endormir = somna. Skillnaden föräldrar VERKLIGEN bryr sig om"
1048,s'inquiéter,verb,,att oroa sig,Pourquoi tu t'inquiètes ?,Varför oroar du dig?,,Ne t'inquiète pas ! har du redan – nu ser du verbet bakom. inquiet → s'inquiéter
1049,savon,substantiv,m,tvål,Il y a du savon dans la douche.,Det finns tvål i duschen.,,"Jfr eng. soap, tyska Seife. savoir ≠ savon – tvålen vet ingenting"
1050,miroir,substantiv,m,spegel,Kalle sourit au miroir.,Kalle ler mot spegeln.,,Latin mirare = beundra. Släkt med miracle och eng. mirror
1051,pyjama,substantiv,m,pyjamas,Kalle a un joli pyjama.,Kalle har en fin pyjamas.,,GRATIS! OBS singular på franska: un pyjama
1052,couverture,substantiv,f,"täcke, filt; omslag",Kalle dort sous sa couverture.,Kalle sover under sitt täcke.,couvrir = att täcka,couvrir → couverture. Också bokomslag!
1053,oreiller,substantiv,m,kudde,Je dors avec deux oreillers.,Jag sover med två kuddar.,,oreille → oreiller: örats plats! Etymologi som gör jobbet åt dig
1054,salon,substantiv,m,vardagsrum,On regarde un film dans le salon.,Vi ser en film i vardagsrummet.,,Svenskans salong – samma ord. Också frisörsalong
1055,meuble,substantiv,m,möbel,Ce meuble est trop grand.,Den här möbeln är för stor.,,Svenska MÖBEL kommer härifrån! Latin mobilis = flyttbar
1056,immeuble,substantiv,m,"flerfamiljshus, byggnad",Ils habitent dans un grand immeuble.,De bor i ett stort hyreshus.,,"im-meuble = o-flyttbar! Möbler flyttar man, hus inte. Bästa etymologiparet i listan?"
1057,canapé,substantiv,m,soffa,Le chat dort sur le canapé.,Katten sover på soffan.,,Svenskans kanapé (snittarna) – samma ord! Små mackor som 'ligger på soffa'
1058,étagère,substantiv,f,hylla,Mes livres sont sur l'étagère.,Mina böcker står på hyllan.,,étage (våning) har du redan – en hylla är ju våningar för prylar!
1059,tiroir,substantiv,m,låda (i möbel),La clé est dans le tiroir.,Nyckeln ligger i lådan.,,tirer (dra) har du redan → tiroir = den man drar ut!
1060,placard,substantiv,m,skåp,Le sucre est dans le placard.,Sockret står i skåpet.,,Garderob = armoire eller placard. un squelette dans le placard = ett lik i garderoben!
1061,tapis,substantiv,m,matta,Kalle joue sur le tapis.,Kalle leker på mattan.,,Uttal [tapi]. tapis roulant = löpband/rullband. Jfr eng. tapestry
1062,rideau,substantiv,m,gardin,"Ferme les rideaux, Kalle dort.","Dra för gardinerna, Kalle sover.",,Plural rideaux med x! Rideau ! = Ridå! – samma teaterord som på svenska
1063,couloir,substantiv,m,"korridor, hall",La poussette est dans le couloir.,Barnvagnen står i hallen.,,couler = rinna → där folk 'rinner' igenom. Jfr korridor
1064,cave,substantiv,f,källare,Le vin est à la cave.,Vinet är i källaren.,vin (m) = vin,FALSK VÄN! Inte grotta (= grotte). cave à vin = vinkällare
1065,poubelle,substantiv,f,soptunna,La couche va à la poubelle. Vite.,Blöjan åker i soptunnan. Snabbt.,,Uppkallad efter prefekten Eugène Poubelle som införde soptunnan 1884! Sant!
1066,lampe,substantiv,f,lampa,"Allume la lampe, il fait sombre.","Tänd lampan, det är mörkt.",,GRATIS! allumer och sombre – allt återanvänt
1067,ménage,substantiv,m,städning; hushåll,Qui fait le ménage ici ?,Vem städar här?,,faire le ménage = städa. Jfr eng. manage – sköta hushållet!
1068,vaisselle,substantiv,f,disk,"Je fais la vaisselle, tu ranges.","Jag diskar, du plockar undan.",,faire la vaisselle = diska. lave-vaisselle = diskmaskin
1069,lessive,substantiv,f,tvätt,"Avec un bébé, on fait beaucoup de lessive.",Med en bebis blir det mycket tvätt.,,faire la lessive = tvätta. Universell föräldrasanning
1070,aspirateur,substantiv,m,dammsugare,Le bruit de l'aspirateur endort Kalle.,Ljudet av dammsugaren söver Kalle.,,aspirer = suga in. Vissa bebisar SOMNAR av ljudet – testa!
1071,four,substantiv,m,ugn,Le gâteau est dans le four.,Kakan är i ugnen.,,FALSK VÄN! Inte fyra (= quatre). micro-ondes = mikrovågsugn
1072,casserole,substantiv,f,kastrull,La soupe est dans la casserole.,Soppan är i kastrullen.,,Halvfalsk vän: på svenska blev casserole en gryträtt – på franska är det själva kastrullen
1073,poêle,substantiv,f,stekpanna,Une omelette à la poêle !,En omelett i stekpannan!,omelette (f) = omelett (GRATIS),Uttal [pwal]. Lurigt: un poêle (maskulint!) = kamin
1074,pomme de terre,substantiv,f,potatis,On mange des pommes de terre le soir.,Vi äter potatis på kvällen.,,Ordagrant: jordäpple! pomme + terre – båda gamla bekanta. Vardagligt: patate
1075,oignon,substantiv,m,lök,Je pleure à cause des oignons.,Jag gråter på grund av lökarna.,,Uttal [ɔnjɔ̃]. Occupe-toi de tes oignons ! = Sköt dig själv!
1076,ail,substantiv,m,vitlök,Pas d'ail avant un rendez-vous.,Ingen vitlök före en dejt.,,Uttal [aj]. aïoli = ail + oli (olja på provensalska)!
1077,poivre,substantiv,m,peppar,"Sel et poivre, c'est tout.","Salt och peppar, det är allt.",,sel har du redan – nu är kryddhyllan komplett. Jfr eng. pepper
1078,huile,substantiv,f,olja,Un peu d'huile d'olive.,Lite olivolja.,olive (f) = oliv (GRATIS),Uttal [ɥil]. huile också motorolja
1079,farine,substantiv,f,mjöl,Il faut de la farine pour le gâteau.,Det behövs mjöl till kakan.,,Latin farina. Baka med Kalle om några år!
1080,miel,substantiv,m,honung,"Du miel dans le thé, parfait.","Honung i teet, perfekt.",,"lune de miel = smekmånad (honungsmåne, precis som eng. honeymoon!)"
1081,confiture,substantiv,f,sylt,De la confiture sur le pain.,Sylt på brödet.,,Jfr konfityr. confire = sylta/kandera
1082,raisin,substantiv,m,vindruva,Le raisin est délicieux ici.,Vindruvorna är utsökta här.,,KLASSISK FALSK VÄN! raisin = vindruva. Russin = raisin sec (torkad druva)
1083,champignon,substantiv,m,svamp,Une soupe aux champignons.,En svampsoppa.,,INTE champion! Mästaren kommer om ett tag i listan – blanda inte ihop dem som alla andra gör
1084,recette,substantiv,f,recept (mat),Cette recette est simple et rapide.,Det här receptet är enkelt och snabbt.,,OBS: läkarens recept heter ordonnance – kommer i hälsoklustret!
1085,apéro,substantiv,m,"fördrink, apéritif",On prend l'apéro sur la terrasse ?,Tar vi en apéro på terrassen?,,Kortform av apéritif. Fransk institution! trinquer har du redan – Santé !
1086,boîte,substantiv,f,"låda, burk; klubb","Une boîte de tomates, s'il vous plaît.","En burk tomater, tack.",,"Rikt ord: boîte de nuit = nattklubb, boîte aux lettres = brevlåda, boîte = vard. även 'företaget'"
1087,plastique,substantiv,m,plast,Trop de plastique dans le monde.,För mycket plast i världen.,,GRATIS! Fast din 3D-skrivare håller inte med om att det är för mycket
1088,pull,substantiv,m,tröja,"Il fait froid, prends un pull !","Det är kallt, ta en tröja!",,"Från engelskans pullover, förkortat på franskt vis"
1089,chaussette,substantiv,f,strumpa,Kalle perd toujours ses chaussettes.,Kalle tappar alltid sina strumpor.,,chaussures (skor) har du redan → chaussette = lilla sko-kusinen. Bebisstrumpor: universellt försvinnande
1090,jupe,substantiv,f,kjol,Elle porte une jupe bleue.,Hon har en blå kjol.,,mini-jupe = minikjol – franskt 60-talsord som erövrade världen
1091,maillot de bain,substantiv,m,badkläder,Le maillot de bain de Kalle est prêt !,Kalles badkläder är redo!,,Bebissim! maillot = även fotbollströja (le maillot jaune i Tour de France!)
1092,bonnet,substantiv,m,mössa,"En Suède, le bonnet est important.",I Sverige är mössan viktig.,,Jfr eng. bonnet. Svensk vinteröverlevnad på franska
1093,gants,substantiv,m,handskar,Où sont mes gants ?,Var är mina handskar?,,Singular: un gant. gant de toilette = tvättlapp (handske för ansiktet!)
1094,écharpe,substantiv,f,halsduk,Une écharpe rouge pour l'hiver.,En röd halsduk till vintern.,,Jfr eng. scarf – samma germanska rot
1095,bouton,substantiv,m,knapp; finne,Il manque un bouton.,Det saknas en knapp.,,"Trippelord: knapp (kläder), knapp (teknik), finne (hud). appuyer sur le bouton kommer strax!"
1096,tempête,substantiv,f,storm,Quelle tempête cette nuit !,Vilken storm inatt!,,Hatten ^ = försvunnet s: tempête → eng. tempest! Samma trick som forêt/forest
1097,brouillard,substantiv,m,dimma,Le brouillard arrive le matin.,Dimman kommer på morgonen.,,brouiller = röra ihop → dimma rör ihop sikten. J'ai le brouillard dans la tête = hjärndimma
1098,éclair,substantiv,m,blixt; eklär,"Un éclair ! Un, deux, trois...","En blixt! Ett, två, tre...",le tonnerre = åskan (kommer på nästa rad!),Både blixten och bakelsen! Un éclair au chocolat äts snabbt som en blixt
1099,tonnerre,substantiv,m,åska,Kalle n'a pas peur du tonnerre.,Kalle är inte rädd för åskan.,,Tonnerre ! = gammal svordom. coup de tonnerre = åskknall/chock
1100,arc-en-ciel,substantiv,m,regnbåge,"Regarde, un arc-en-ciel !","Titta, en regnbåge!",,Ordagrant: båge-i-himlen. arc + en + ciel – tre gamla bekanta bygger ett nytt ord
1101,température,substantiv,f,temperatur,La température monte.,Temperaturen stiger.,,GRATIS!
1102,geler,verb,,att frysa (till is),Ça gèle dehors !,Det är minusgrader ute!,,OBS accentbyte: geler → ça gèle. le gel = frost/gelé. congélateur = frys
1103,sécher,verb,,att torka,Mes cheveux sèchent vite.,Mitt hår torkar snabbt.,,sec/sèche har du redan → sécher. Slang: sécher un cours = skolka!
1104,cheval,substantiv,m,häst,Kalle veut voir les chevaux.,Kalle vill se hästarna.,,"Plural: chevaux! Mönstret -al → -aux är superviktigt: animal → animaux, journal → journaux"
1105,vache,substantiv,f,ko,Les vaches suédoises sont contentes.,De svenska korna är nöjda.,,Nu förstår du utropet La vache ! (typ 'oj då!') – bokstavligen 'Kon!'
1106,cochon,substantiv,m,gris,Le cochon est rose.,Grisen är rosa.,,"Där kom den: gris heter cochon, gris betyder grå. Ordvitsvarning utfärdad"
1107,poule,substantiv,f,höna,La poule et ses œufs.,Hönan och hennes ägg.,,poulet (kyckling) har du redan → poule är mamman. ma poule = gulle-smeknamn!
1108,canard,substantiv,m,anka,Il y a des canards dans le parc.,Det finns ankor i parken.,,Också slang för tidning! Le Canard enchaîné – Frankrikes satirblaska
1109,souris,substantiv,f,mus,"Souris, petite souris !","Le, lilla mus!",,"TRIPPEL: musen (djuret), datormusen OCH souris = 'le!' av sourire. En mening, tre poänger – varsågod, ordvitsmästaren"
1110,mouche,substantiv,f,fluga,Une mouche dans la cuisine !,En fluga i köket!,,prendre la mouche = bli sur (ta flugan!). Quelle mouche te pique ? = Vad går det åt dig?
1111,moustique,substantiv,m,mygga,Les moustiques m'adorent.,Myggorna älskar mig.,,Från spanskans mosquito. Universell sommarsanning
1112,abeille,substantiv,f,bi,Les abeilles font le miel.,Bina gör honungen.,,miel-återkoppling! Latin apis → abeille
1113,araignée,substantiv,f,spindel,Une araignée ! Du calme.,En spindel! Lugn.,,avoir une araignée au plafond = ha en skruv lös (spindel i taket!)
1114,ours,substantiv,m,björn,"En Suède, il y a des ours.",I Sverige finns det björnar.,,Uttal [urs] – s:et hörs! ours en peluche = nallebjörn
1115,loup,substantiv,m,varg,J'ai une faim de loup !,Jag är vrålhungrig!,,Ordagrant: vargahunger. Quand on parle du loup... = När man talar om trollen...
1116,grenouille,substantiv,f,groda,Les Français mangent des grenouilles ? Rarement !,Äter fransmän grodor? Sällan!,rarement = sällan (av rare),Uttalsutmaning: [grönoj]. Klarar du grenouille klarar du allt
1117,ferme,substantiv,f,bondgård,Les vaches habitent à la ferme.,Korna bor på bondgården.,,"OBS: La ferme ! = Håll klaffen! (vardagligt) – av fermer, inte bondgården"
1118,sang,substantiv,m,blod,"Le sang est rouge, ça va.","Blodet är rött, det är lugnt.",,Uttal [sɑ̃]. sang-froid = kallblodighet – samma bild som på svenska!
1119,gorge,substantiv,f,"hals, svalg",J'ai mal à la gorge.,Jag har ont i halsen.,,avoir mal à har du redan. Les Gorges du Verdon = Frankrikes 'Grand Canyon' (trång hals = ravin)
1120,épaule,substantiv,f,axel,Kalle dort sur mon épaule.,Kalle sover på min axel.,,Jfr epålett – axelprydnaden på uniformer!
1121,estomac,substantiv,m,"mage, magsäck",Mon estomac dit oui.,Min mage säger ja.,,Uttal [ɛstoma] – c:et är tyst! Jfr eng. stomach. ventre har du redan (yttre magen)
1122,front,substantiv,m,panna,Un bisou sur le front de Kalle.,En puss på Kalles panna.,,Pannan går längst fram – precis som fronten. Samma logik
1123,joue,substantiv,f,kind,Un bisou sur la joue. Kalle joue.,En puss på kinden. Kalle leker.,,"joue (kind) och joue (leker, av jouer) stavas lika – meningen ovan är helt korrekt franska!"
1124,douleur,substantiv,f,smärta,La douleur passe vite.,Smärtan går snabbt över.,,Latin dolor. douloureux = smärtsam
1125,piqûre,substantiv,f,stick; spruta,"Une piqûre de moustique, ce n'est rien.","Ett myggbett, det är ingenting.",,piquer = sticka. Gäller både myggan och vaccinationssprutan på BVC
1126,ordonnance,substantiv,f,recept (läkar-),Le médecin écrit une ordonnance.,Läkaren skriver ett recept.,,"Där kom paret: recette = matrecept, ordonnance = läkarrecept. Blanda inte!"
1127,urgences,substantiv,f,akuten,"On va aux urgences ? Non, ça va.","Ska vi till akuten? Nej, det är lugnt.",,urgent = brådskande → les urgences = akutmottagningen. Alltid plural
1128,dentiste,substantiv,m/f,tandläkare,"Le dentiste est gentil, promis.","Tandläkaren är snäll, jag lovar.",,GRATIS: dent → dentiste
1129,infirmier / infirmière,substantiv,m/f,sjuksköterska,L'infirmière pèse Kalle.,Sjuksköterskan väger Kalle.,,BVC-ordet! infirme = svag/sjuklig → den som tar hand om
1130,enceinte,adjektiv,,gravid,"Jessica était enceinte. Maintenant, Kalle est là !",Jessica var gravid. Nu är Kalle här!,,DUBBELORD: une enceinte = en högtalare! 'Gravid högtalare' – franskan håller dig vaken
1131,accoucher,verb,,att föda,Elle a accouché au printemps.,Hon födde på våren.,,accouchement = förlossning. Dagens mest underskattade dagsverke
1132,naissance,substantiv,f,födelse,La naissance de Kalle : le plus beau jour.,Kalles födelse: den finaste dagen.,,naître → naissance. Jfr renässans = åter-födelse!
1133,guérir,verb,,att bli frisk; bota,On guérit vite quand on dort bien.,Man blir snabbt frisk när man sover gott.,,guérison = tillfrisknande
1134,tousser,verb,,att hosta,"Il tousse un peu, mais ça va.","Han hostar lite, men det är okej.",,la toux = hostan. Uttal [tuse]
1135,éternuer,verb,,att nysa,Kalle éternue. Trois fois.,Kalle nyser. Tre gånger.,,Svaret är: À tes souhaits ! = Prosit! (ordagrant 'på dina önskningar' – souhaiter har du redan!)
1136,étonnant / étonnante,adjektiv,,förvånande,Un bébé apprend vite. Étonnant !,En bebis lär sig snabbt. Förvånande!,,étonné = förvånad. Latin: ex-tonare = träffad av åskan (tonnerre!)
1137,soulagé / soulagée,adjektiv,,lättad,Ouf ! Je suis soulagé.,Puh! Jag är lättad.,,ouf har du redan – nu har du känslan bakom. soulager = lindra/lätta
1138,fâché / fâchée,adjektiv,,arg,Tu es fâché contre moi ?,Är du arg på mig?,,≈ énervé. se fâcher = bli arg. OBS: fâché CONTRE någon
1139,agréable,adjektiv,,"behaglig, trevlig",Un moment agréable sur la terrasse.,En trevlig stund på terrassen.,,Jfr eng. agreeable. Motsats: désagréable
1140,ennuyeux / ennuyeuse,adjektiv,,tråkig,Ce film est ennuyeux. On dort ?,Den här filmen är tråkig. Ska vi sova?,,s'ennuyer = ha tråkigt. l'ennui = tristessen (fint franskt lidande)
1141,paresseux / paresseuse,adjektiv,,lat,"Le chat est paresseux. Le chien, jamais.","Katten är lat. Hunden, aldrig.",,la paresse = latheten. Sengångaren heter le paresseux!
1142,têtu / têtue,adjektiv,,envis,Kalle est déjà têtu !,Kalle är redan envis!,,tête → têtu: 'huvudig'! Têtu comme un âne = envis som en åsna
1143,sage,adjektiv,,"snäll, lydig; klok",Sois sage !,Var snäll nu!,,Föräldrafrasen framför andra. OBS: une sage-femme = barnmorska ('klok kvinna' – som svenskans jordemor!)
1144,mignon / mignonne,adjektiv,,"söt, gullig",Kalle est trop mignon.,Kalle är för söt.,,Filet mignon = 'söta lilla filén'. trop + adjektiv = vardaglig förstärkning
1145,inconnu / inconnue,adjektiv,,okänd,Un mot inconnu ? Pas pour longtemps.,Ett okänt ord? Inte länge till.,,connu → inconnu. Också substantiv: un inconnu = en främling
1146,étrange,adjektiv,,"konstig, märklig","C'est étrange, non ?","Det är konstigt, eller hur?",,étranger (utländsk/främling) har du redan – samma familj: det främmande är det konstiga
1147,énorme,adjektiv,,enorm,Le progrès est énorme !,Framstegen är enorma!,,GRATIS! énormément = väldigt mycket
1148,minuscule,adjektiv,,pytteliten,Les chaussettes de Kalle sont minuscules.,Kalles strumpor är pyttesmå.,,GRATIS-ish: minus! Motsats: majuscule = stor bokstav (versal)
1149,véritable,adjektiv,,"äkta, verklig",Un véritable ami.,En äkta vän.,,vérité → véritable
1150,humide,adjektiv,,fuktig,L'air est humide ce matin.,Luften är fuktig i morse.,,GRATIS-ish: humid. l'humidité = fukten
1151,frais / fraîche,adjektiv,,färsk; sval,"L'air est frais, le pain est frais.","Luften är sval, brödet är färskt.",,Hatten i fraîche! Jfr eng. fresh. Il fait frais = det är svalt
1152,sucré / salé,adjektiv,,söt / salt,Sucré ou salé ?,Sött eller salt?,,Crêpe-frågan! sucre och sel har du redan → adjektiven är gratis
1153,épicé / épicée,adjektiv,,kryddstark,Trop épicé pour moi !,För starkt för mig!,,une épice = en krydda. Jfr eng. spicy
1154,mûr / mûre,adjektiv,,mogen,La banane n'est pas mûre.,Bananen är inte mogen.,,Hatten skiljer mûr (mogen) från mur (vägg) – där kom fällan jag lovade!
1155,cru / crue,adjektiv,,rå,On ne mange pas ça cru.,Det där äter man inte rått.,,cuit ↔ cru (cuire har du redan). Jfr crudités = råkostsallad
1156,pressé / pressée,adjektiv,,som har bråttom,"Désolé, je suis pressé !","Förlåt, jag har bråttom!",,presser = pressa → 'pressad' = ha bråttom. une orange pressée = nypressad apelsinjuice
1157,ravi / ravie,adjektiv,,förtjust,Ravi de te rencontrer !,Så trevligt att träffas!,,Standardfras vid presentationer. ravir = hänföra
1158,emploi,substantiv,m,"jobb, anställning",Il cherche un emploi.,Han söker jobb.,,sans emploi = arbetslös. Jfr eng. employment. emploi du temps = schema!
1159,salaire,substantiv,m,lön,Le salaire arrive demain !,Lönen kommer imorgon!,,Latin salarium – romerska soldaters saltpengar. Salt = sel. Allt hänger ihop
1160,patron / patronne,substantiv,m/f,"chef, ägare",Je suis mon propre patron !,Jag är min egen chef!,,"≈ chef. OBS: propre före substantiv = egen, efter = ren! mon propre patron ≠ min rena chef"
1161,collègue,substantiv,m/f,kollega,Mes collègues sont sympas.,Mina kollegor är trevliga.,,GRATIS!
1162,stage,substantiv,m,praktik,Elle fait un stage à Paris.,Hon gör praktik i Paris.,,FALSK VÄN! Inte scen (den kommer strax i listan). un stagiaire = en praktikant
1163,formation,substantiv,f,utbildning,Une formation en trois semaines.,En utbildning på tre veckor.,,"Halvfalsk vän: oftast utbildning/kurs, inte 'formation'"
1164,retraite,substantiv,f,pension,La retraite ? Dans très longtemps.,Pensionen? Om väldigt länge.,,re-traite = dra sig tillbaka. Jfr eng. retreat – samma ord!
1165,impôts,substantiv,m,skatt (till staten),Je paie mes impôts. Quel plaisir.,Jag betalar min skatt. Vilket nöje.,,Oftast plural: les impôts. Ironi ingår ej i priset
1166,chiffre,substantiv,m,siffra,Jonas adore les chiffres.,Jonas älskar siffror.,,Pi-mannen fick sitt ord! chiffre d'affaires = omsättning. Jfr chiffer = hemlig kod
1167,somme,substantiv,f,summa,Une grosse somme d'argent.,En stor summa pengar.,,DUBBELORD: un somme (maskulint!) = en tupplur. faire un somme = ta en lur
1168,dépenser,verb,,att spendera,On dépense trop ce mois-ci.,Vi spenderar för mycket den här månaden.,,les dépenses = utgifterna. Jfr eng. dispense
1169,économiser,verb,,att spara (pengar),On économise pour le voyage.,Vi sparar till resan.,,GRATIS-ish! les économies = besparingarna
1170,emprunter,verb,,att låna (av någon),"J'emprunte, tu prêtes.","Jag lånar, du lånar ut.",,"Paret komplett: prêter har du redan = låna UT, emprunter = låna AV. Svenskan är lat här, franskan inte"
1171,rembourser,verb,,att betala tillbaka,"Je te rembourse demain, promis !","Jag betalar tillbaka imorgon, jag lovar!",,re + bourse (börs/penningpung) = tillbaka i pungen
1172,outil,substantiv,m,verktyg,L'IA est un outil. Pour l'instant.,AI är ett verktyg. Än så länge.,,Uttal [uti]. la boîte à outils = verktygslådan
1173,intelligence artificielle,substantiv,f,artificiell intelligens,L'intelligence artificielle change le monde. Vite.,AI förändrar världen. Snabbt.,,Förkortas IA (tvärtom mot engelskans AI!). Ditt poddämne på franska
1174,données,substantiv,f,data,L'IA apprend avec des données.,AI lär sig med data.,,donner → données: 'det givna'. Precis som latinets data! Alltid plural
1175,robot,substantiv,m,robot,Le robot ne dort jamais.,Roboten sover aldrig.,,GRATIS! Uttal [robo] – t:et är tyst
1176,appareil,substantiv,m,apparat,Mon appareil photo est toujours avec moi.,Min kamera är alltid med mig.,,appareil photo = (stillbilds)kamera. Vid telefonsvar: Qui est à l'appareil ? = Vem talar jag med?
1177,caméra,substantiv,f,videokamera,La caméra tourne !,Kameran rullar!,,"OBS: caméra = video/film, appareil photo = foto. tourner = filma/rulla → tournage = inspelning"
1178,drone,substantiv,m,drönare,Mon drone filme la forêt.,Min drönare filmar skogen.,,GRATIS! Uttal [dron]. Franska flygregler: lika krångliga som svenska
1179,fichier,substantiv,m,fil (data),Le fichier est trop gros.,Filen är för stor.,,Varje videoredigerares vardag. fiche = kort/lapp → fichier = kartotek → datafil
1180,dossier,substantiv,m,"mapp; ärende, akt",Tout est dans le dossier.,Allt finns i mappen.,,Både datormappen och 'akten'. Jfr svenskans dossier – samma ord
1181,logiciel,substantiv,m,programvara,Ce logiciel coûte cher. Très cher.,Det här programmet kostar mycket. Väldigt mycket.,,logique + -iel. Abonnemangsprissättning känns igen på alla språk. matériel = hårdvara
1182,clavier,substantiv,m,tangentbord,Je tape vite sur le clavier.,Jag skriver snabbt på tangentbordet.,,clé/clef (nyckel) → clavier: tangenter hette 'nycklar' – precis som eng. keys!
1183,site,substantiv,m,webbplats,Mes sites sont gratuits.,Mina webbplatser är gratis.,,"un site web, un site internet. Din affärsmodell på franska!"
1184,chaîne,substantiv,f,kanal; kedja,Une nouvelle vidéo sur ma chaîne !,En ny video på min kanal!,,"TV-kanal, YouTube-kanal och kedja. chaîne en or = guldkedja"
1185,montage,substantiv,m,"klippning, redigering",Le montage prend du temps. Beaucoup.,Klippningen tar tid. Mycket.,,monter = klippa (film) → montage. Premiere-sanningen på franska
1186,fond,substantiv,m,botten; bakgrund,Je filme sur fond vert.,Jag filmar mot greenscreen.,,fond vert = greenscreen! au fond = i grunden/längst in. à fond = för fullt
1187,enregistrer,verb,,att spela in; spara,J'enregistre le podcast aujourd'hui.,Jag spelar in podden idag.,,Också 'spara' (fil) och 'checka in' (bagage). Trippelnytta
1188,émission,substantiv,f,program (TV/radio),Une émission sur l'intelligence artificielle.,Ett program om AI.,,émettre = sända ut. Jfr emission – utsändning/utsläpp
1189,série,substantiv,f,serie (TV),On regarde une série ce soir ?,Ska vi se en serie ikväll?,,GRATIS! une série télé
1190,acteur / actrice,substantiv,m/f,skådespelare,L'acteur joue très bien.,Skådespelaren spelar väldigt bra.,,GRATIS-ish. jouer = även spela (roll)
1191,personnage,substantiv,m,"rollfigur, karaktär",Le personnage principal est drôle.,Huvudkaraktären är rolig.,principal / principale = huvud- (GRATIS),personne → personnage. OBS: 'karaktär' (egenskap) = caractère
1192,roman,substantiv,m,roman,Ce roman est génial.,Den här romanen är fantastisk.,,GRATIS! romancier = romanförfattare. Ordet kommer av 'på romanskt språk' – inte latin
1193,poème,substantiv,m,dikt,Jonas écrit des poèmes. Et il gagne.,Jonas skriver dikter. Och han vinner.,,"SM i Poetry Slam, someone? la poésie = poesin, un poète = en poet"
1194,auteur / autrice,substantiv,m/f,författare,Mon auteur préféré ? Difficile !,Min favoritförfattare? Svårt!,,écrivain = synonym. auteur även 'upphovsman' – jfr eng. author
1195,titre,substantiv,m,"titel, rubrik",Le titre du livre est parfait.,Bokens titel är perfekt.,,les gros titres = rubrikerna. sous-titres = undertexter (dina safe zones!)
1196,mémoire,substantiv,f,minne,"La mémoire, ça se travaille !",Minnet går att träna!,,"ÄNTLIGEN. OBS genus ändrar betydelse: LA mémoire = minnet, UN mémoire = en uppsats!"
1197,palais,substantiv,m,palats; gom,Bienvenue dans mon palais de la mémoire !,Välkommen till mitt minnespalats!,,le palais de la mémoire = minnespalatset – ditt hemmaplan! Också gommen: smaken sitter i le palais
1198,par cœur,uttryck,,utantill,Il connaît mille mots par cœur.,Han kan tusen ord utantill.,,Ordagrant 'via hjärtat' – precis som eng. by heart. Antiken trodde minnet satt i hjärtat
1199,technique,substantiv,f,teknik,"Avec la bonne technique, tout est facile.",Med rätt teknik är allt lätt.,,GRATIS! Också adjektiv: un problème technique
1200,méthode,substantiv,f,metod,Ma méthode ? Des images partout.,Min metod? Bilder överallt.,,GRATIS!
1201,association,substantiv,f,association; förening,"Un mot, une image, une association.","Ett ord, en bild, en association.",,GRATIS – och hela din minnesmetod i en mening. Också 'förening' (une association sportive)
1202,se concentrer,verb,,att koncentrera sig,Chut ! Je me concentre.,Sch! Jag koncentrerar mig.,chut ! = sch!,GRATIS-ish. la concentration = koncentrationen
1203,concours,substantiv,m,tävling,"Le concours de jeux de mots, c'est sérieux.",Ordvitstävlingen är på allvar.,,jeu de mots = ordvits! SM på franska: le championnat de Suède. courir → concours: springa ihop = tävla
1204,champion / championne,substantiv,m/f,mästare,Jonas est deux fois champion du monde de mémoire.,Jonas är två gånger världsmästare i minne.,,Meningen du får säga i Frankrike! Och kom ihåg: champignon = svampen. Pinsamt att blanda ihop
1205,public,substantiv,m,publik,Le public adore.,Publiken älskar det.,,Också adjektiv: public/publique = offentlig. en public = inför publik
1206,scène,substantiv,f,scen,"Sur scène, tout est possible.",På scenen är allt möjligt.,,Där kom scenen! Och praktiken heter stage – nu kan du båda fällorna. mettre en scène = regissera
1207,discours,substantiv,m,tal,Son discours était parfait.,Hans tal var perfekt.,,faire/prononcer un discours = hålla tal. Jfr eng. discourse
1208,conférence,substantiv,f,"föredrag, föreläsning",Jonas donne des conférences.,Jonas håller föredrag.,,"Halvfalsk vän: oftast föredrag, inte konferens! donner une conférence = hålla föredrag. Ditt yrke på franska"
1209,tétine,substantiv,f,napp,Où est la tétine ?! Panique !,Var är nappen?! Panik!,panique (f) = panik (GRATIS),Föräldralarmet nummer ett. téter = dia
1210,berceuse,substantiv,f,vaggvisa,Une berceuse suédoise pour Kalle.,En svensk vaggvisa för Kalle.,,Verbet kommer på nästa rad – lyssna efter mönstret
1211,bercer,verb,,att vagga,Je berce Kalle. Il s'endort.,Jag vaggar Kalle. Han somnar.,,bercer → berceuse (vaggvisa) → berceau (vagga). En hel ordfamilj för nattskiftet
1212,ramper,verb,,att krypa,"Bientôt, Kalle va ramper !",Snart kommer Kalle att krypa!,,Jfr eng. ramp – en 'krypande' lutning. Sedan är inget i huset säkert
1213,grimper,verb,,att klättra,Après ramper : grimper. Au secours !,Efter krypa: klättra. Hjälp!,au secours ! = hjälp!,Jfr eng. climb – avlägsna kusiner. Föräldrafas 2
1214,crèche,substantiv,f,förskola (småbarn),"La crèche, c'est pour plus tard.","Förskolan, det blir senare.",,Också julkrubban! Jesusbarnet och dagisbarnen delar ord
1215,nounou,substantiv,f,"dagmamma, barnvakt","Une bonne nounou, ça change tout.",En bra barnvakt förändrar allt.,,"Barnspråk för nourrice (amma/dagmamma). Dubblering = gulligt på franska: dodo, doudou, nounou"
1216,allaiter,verb,,att amma,Jessica allaite Kalle.,Jessica ammar Kalle.,,lait → allaiter: 'mjölka in'. l'allaitement = amningen
1217,poids,substantiv,m,vikt,Le poids de Kalle augmente vite !,Kalles vikt ökar snabbt!,,peser → poids. BVC-kurvan på franska. OBS ds tyst: [pwa]
1218,bêtise,substantiv,f,"hyss, dumhet",Kalle prépare déjà des bêtises.,Kalle planerar redan hyss.,,bête → bêtise. faire des bêtises = hitta på hyss – ordet du kommer använda mest 2028
1219,sembler,verb,,"att verka, tyckas",Tu sembles fatigué.,Du verkar trött.,,il me semble que... = det verkar för mig som att... Jfr eng. resemble
1220,ajouter,verb,,att lägga till,J'ajoute un peu de sel.,Jag lägger till lite salt.,,à + jouter. En ajout = ett tillägg
1221,exister,verb,,"att existera, finnas",Ce mot existe vraiment ?,Finns det där ordet på riktigt?,,GRATIS! l'existence = tillvaron
1222,obtenir,verb,,"att få, erhålla",On obtient de bons résultats.,Man får bra resultat.,,Böjs som tenir (som du redan har)! Jfr eng. obtain
1223,atteindre,verb,,"att nå, uppnå",On atteint le sommet ensemble.,Vi når toppen tillsammans.,,sommet har du redan. J'ai atteint mon but = jag nådde mitt mål
1224,construire,verb,,att bygga,Construire une maison prend du temps.,Att bygga ett hus tar tid.,,Jfr konstruera. la construction = bygget
1225,détruire,verb,,att förstöra,"Construire prend du temps. Détruire, une minute.","Att bygga tar tid. Att förstöra, en minut.",,Samma familj som construire. Framtida Kalle + klosstorn = detta verb
1226,remplacer,verb,,att ersätta,Rien ne remplace le sommeil.,Ingenting ersätter sömn.,,re + place: sätta tillbaka på platsen. Föräldrasanning nummer 47
1227,empêcher,verb,,att hindra,Le bruit empêche Kalle de dormir.,Ljudet hindrar Kalle från att sova.,,empêcher quelqu'un DE faire = hindra någon FRÅN att göra
1228,prévoir,verb,,"att förutse, planera",On prévoit du soleil demain !,Det blir sol imorgon!,,pré + voir = för-se! les prévisions météo = väderprognosen
1229,éteindre,verb,,"att släcka, stänga av","Éteins la lumière, s'il te plaît.","Släck lampan, tack.",,"allumer ↔ éteindre – nu har du båda. Gäller ljus, TV, mobil, allt"
1230,annuler,verb,,"att ställa in, avboka",La réunion est annulée !,Mötet är inställt!,,Jfr eng. annul/cancel. Kontorslivets vackraste mening
1231,mentir,verb,,att ljuga,Je ne mens jamais. C'est faux.,Jag ljuger aldrig. Det är lögn.,,Paradox ingår. Böjs som sentir. Sans mentir ! = utan att ljuga!
1232,mensonge,substantiv,m,lögn,"Un petit mensonge, ce n'est rien ?","En liten lögn, det är väl inget?",,mentir → mensonge. un pieux mensonge = en vit lögn ('from lögn')
1233,voler,verb,,att flyga; att stjäla,Le drone vole. Personne ne le vole.,Drönaren flyger. Ingen stjäl den.,,"DUBBELVERB! Flyga och stjäla – samma ord. un voleur = en tjuv, un vol = en flygning ELLER en stöld"
1234,sauver,verb,,att rädda,Tu me sauves !,Du räddar mig!,,Jfr eng. save. Sauve qui peut ! = rädde sig den som kan!
1235,blesser,verb,,"att skada, såra",Il s'est blessé au genou.,Han skadade knät.,,FALSK VÄN! Inte välsigna (eng. bless) – tvärtom nästan! une blessure = en skada
1236,briller,verb,,"att lysa, glänsa",Le soleil brille enfin.,Solen skiner äntligen.,,"Jfr briljera, brilliant. Tout ce qui brille n'est pas or = allt som glimmar är inte guld"
1237,sonner,verb,,"att ringa, ljuda",Le téléphone sonne. Encore.,Telefonen ringer. Igen.,,la sonnerie = ringsignalen. On a sonné ! = det ringde på dörren!
1238,rater,verb,,att missa; misslyckas,J'ai raté le bus !,Jag missade bussen!,,Vardagligare än manquer. C'est raté = det gick åt skogen
1239,faillir,verb,,att nästan (göra ngt),J'ai failli tomber !,Jag höll på att ramla!,,Grammatikpärla: j'ai failli + verb = jag var nära att. Jfr eng. fail – nästan-misslyckandet
1240,avancer,verb,,att gå framåt,Le projet avance bien !,Projektet går bra framåt!,,avant → avancer. Gäller även klockor: ma montre avance = min klocka går före
1241,reculer,verb,,att backa,La voiture recule lentement.,Bilen backar långsamt.,,"re + cul (bakdel, oartigt men sant) = gå bakåt. avancer ↔ reculer"
1242,glisser,verb,,"att halka, glida; svajpa","Attention, ça glisse !","Akta, det är halt!",,Vinterord OCH mobilord: glisser à droite = svajpa höger. Jfr eng. glide
1243,appuyer,verb,,att trycka (på),Appuie sur le bouton rouge.,Tryck på den röda knappen.,,Där kom knappen till användning! appuyer SUR quelque chose. Också 'stödja'
1244,taper,verb,,att skriva (på tangentbord); slå,Je tape le texte ce soir.,Jag skriver in texten ikväll.,texte (m) = text (GRATIS),taper sur le clavier. se taper = vard. 'behöva dras med'
1245,effacer,verb,,"att sudda, radera",J'efface tout et je recommence.,Jag raderar allt och börjar om.,recommencer = börja om (re + commencer),face → effacer: ta bort från ytan. Delete-knappen på franska
1246,coller,verb,,"att klistra, limma",Ça colle bien.,Det fäster bra.,,la colle = lim. Limstift på 3D-skrivarplattan – ett trick på alla språk! copier-coller = kopiera-klistra
1247,décoller,verb,,att lyfta (flyg),Le drone décolle !,Drönaren lyfter!,,dé + coller = av-limma → släppa från marken! Bästa verbetymologin i listan. le décollage = starten
1248,atterrir,verb,,att landa,L'avion atterrit à Paris.,Planet landar i Paris.,,terre → atterrir: gå mot jorden. l'atterrissage = landningen. décoller ↔ atterrir
1249,installer,verb,,att installera,J'installe le logiciel ce soir.,Jag installerar programmet ikväll.,,GRATIS! s'installer = slå sig ner/bosätta sig
1250,brancher,verb,,att koppla in,"Branche le câble, s'il te plaît.","Koppla in kabeln, tack.",câble (m) = kabel (GRATIS),une branche = en gren → koppla in i 'grenen'. débrancher = dra ur. branché = vard. trendig ('inkopplad')!
1251,dessiner,verb,,att rita,Kalle dessine... sur le mur.,Kalle ritar... på väggen.,,un dessin = en teckning. un dessin animé = tecknad film. Väggkonst: fråga om fem år
1252,peindre,verb,,att måla,"Je peins mal, mais j'aime ça.","Jag målar dåligt, men jag gillar det.",,"la peinture = målning/färg, un peintre = en målare. Jfr eng. paint"
1253,décrire,verb,,att beskriva,Décris l'image !,Beskriv bilden!,,Böjs som écrire: dé + crire. la description = beskrivningen. Minnesträning i ett verb
1254,résumer,verb,,att sammanfatta,"Je résume : le français, c'est génial.",Jag sammanfattar: franska är fantastiskt.,,FALSK VÄN på engelska: to resume = återuppta! Men svenskans resumé = un résumé stämmer
1255,prévenir,verb,,"att förvarna, säga till","Préviens-moi avant, d'accord ?","Säg till mig innan, okej?",,pré + venir: komma före. Mieux vaut prévenir que guérir = bättre att förebygga än bota!
1256,signifier,verb,,att betyda,Que signifie ce mot ?,Vad betyder det här ordet?,,"= vouloir dire, fast finare. la signification = betydelsen. Jfr eng. signify"
1257,douter,verb,,att tvivla,J'en doute.,Det tvivlar jag på.,,doute har du redan. LURIGT: se douter de = ana/misstänka – nästan motsatsen!
1258,agir,verb,,"att handla, agera",Il faut agir maintenant.,Man måste agera nu.,,GRATIS-ish: agera. réagir = reagera (samma familj). il s'agit de = det handlar om – har du redan!
1259,amener,verb,,att ta med (någon),J'amène Kalle chez le médecin.,Jag tar med Kalle till läkaren.,,"Nyansparet: amener = ta med HIT/dit, emmener (som du har) = ta med HÄRIFRÅN. mener = leda"
1260,se garer,verb,,att parkera,Impossible de se garer ici !,Omöjligt att parkera här!,,une gare (station) har du redan – samma rot: ställa åt sidan. un parking = en parkering (franglais!)
1261,avoir l'air,uttryck,,"att se ut, verka",Kalle a l'air content.,Kalle ser nöjd ut.,,Ordagrant 'ha luften/minen'. Vardagligare än sembler – fransmännens favorit
1262,avoir lieu,uttryck,,att äga rum,Le concours a lieu à Paris.,Tävlingen äger rum i Paris.,le lieu = platsen,Bonus: au lieu de = i stället för. Två uttryck till priset av ett
1263,avoir hâte (de),uttryck,,att längta (efter),J'ai hâte d'être en France !,Jag längtar efter att vara i Frankrike!,,hâte = brådska/iver. J'ai hâte ! = Jag ser så fram emot det!
1264,se rendre compte,uttryck,,att inse,Je me rends compte que j'adore le français.,Jag inser att jag älskar franska.,,Ordagrant 'ge sig räkning'. rendre + compte – båda gamla bekanta
1265,faire exprès,uttryck,,att göra med flit,Pardon ! Je n'ai pas fait exprès.,Förlåt! Det var inte meningen.,,Vardagsräddaren. C'est fait exprès = det är meningen
1266,faire attention (à),uttryck,,"att vara försiktig, se upp",Fais attention à la route !,Var försiktig på vägen!,,Attention ! har du som utrop – nu har du hela uttrycket. Fais attention ! = Se upp!
1267,faire semblant (de),uttryck,,att låtsas,"Kalle fait semblant de dormir ? Non, il dort.","Låtsas Kalle sova? Nej, han sover.",,sembler → semblant: 'göra ett verkande'. Barnens paradgren om några år
1268,confiance,substantiv,f,"förtroende, tillit",Je te fais confiance.,Jag litar på dig.,,faire confiance à = lita på. avoir confiance en soi = tro på sig själv. Jfr eng. confidence
1269,doucement,adverb,,"försiktigt, sakta",Doucement ! Kalle dort.,Försiktigt! Kalle sover.,,doux → doucement. Föräldraordet framför alla – öva viskvolym
1270,heureusement,adverb,,"lyckligtvis, som tur är","Heureusement, tout va bien.",Som tur är mår alla bra.,,malheureusement har du sedan länge – nu kom äntligen den glada tvillingen
1271,actuellement,adverb,,"just nu, för närvarande","Actuellement, j'apprends le français.",Just nu lär jag mig franska.,,"STOR FALSK VÄN! Inte 'faktiskt' (= en fait, som du redan har). actuel = nuvarande"
1272,soudain,adverb,,plötsligt,"Soudain, Kalle sourit.",Plötsligt ler Kalle.,,Jfr eng. sudden. Också adjektiv: une pluie soudaine
1273,également,adverb,,"också, likaså",Elle chante également très bien.,Hon sjunger också väldigt bra.,,égal = lika → 'i lika mån'. Snäppet finare än aussi
1274,évidemment,adverb,,"självklart, uppenbarligen",Évidemment !,Självklart!,,évident har du redan. UTTAL: -emment låter [amɑ̃] – évidemment = [evidamɑ̃]
1275,forcément,adverb,,nödvändigtvis,Pas forcément !,Inte nödvändigtvis!,,force → forcément. Pas forcément = repliken som räddar varje diskussion
1276,justement,adverb,,just det; just precis,Justement ! C'est ça !,Just det! Precis!,,juste → justement. Som samtalsöppnare: 'just därför/apropå det'
1277,finalement,adverb,,"till slut, i slutändan","Finalement, c'est facile.",I slutändan är det lätt.,,Halvfalsk vän: mer 'när allt kommer omkring' än 'slutligen' (= enfin)
1278,alors que,konjunktion,,medan; trots att,"Il dort, alors que moi, je travaille.","Han sover, medan jag jobbar.",,"Kontrast-ordet. tandis que = synonym, lite finare"
1279,ailleurs,adverb,,någon annanstans,On va manger ailleurs ?,Ska vi äta någon annanstans?,,Och nu ser du det: d'ailleurs (förresten) = 'från annat håll'!
1280,parmi,preposition,,bland,Ce mot est parmi mes préférés.,Det här ordet är bland mina favoriter.,,"par + mi(lieu): 'mitt ibland'. entre = mellan två, parmi = bland flera"
1281,autour de,preposition,,"runt, omkring",Kalle regarde autour de lui.,Kalle tittar runt omkring sig.,,tour → autour: runt varvet. tout autour = runt om
1282,au moins,uttryck,,"åtminstone, minst",Bois au moins un verre d'eau.,Drick åtminstone ett glas vatten.,,moins har du redan. du moins = åtminstone (reservation) – nyansen kommer med tiden
1283,à peine,adverb,,"knappt, nätt och jämnt",Kalle dort à peine.,Kalle sover knappt.,,peine har du redan: 'med möda'. à peine + inversion är fin franska – senare!
1284,à partir de,uttryck,,från och med,"À partir de demain, on parle français !",Från och med imorgon pratar vi franska!,,partir → à partir de: 'med avgång från'. Deadline-uttrycket
1285,au cas où,uttryck,,"ifall, för säkerhets skull","Prends un parapluie, au cas où.","Ta ett paraply, för säkerhets skull.",,"cas har du redan. Ensamt i slutet av meningen = 'ifall att, liksom'"
1286,quartier,substantiv,m,"kvarter, stadsdel","Un quartier calme, parfait pour Kalle.","Ett lugnt kvarter, perfekt för Kalle.",,quart → quartier: stadens 'fjärdedelar'. le Quartier latin i Paris!
1287,loyer,substantiv,m,hyra,Le loyer augmente. Évidemment.,Hyran höjs. Självklart.,,louer → loyer. Universellt suckämne
1288,propriétaire,substantiv,m/f,"ägare, hyresvärd",Le propriétaire est sympa.,Hyresvärden är trevlig.,,propre-familjen: det som är ens 'eget'. Jfr eng. proprietor
1289,musée,substantiv,m,museum,On visite un musée à Paris ?,Ska vi gå på museum i Paris?,,"OBS maskulint trots -ée: LE musée, LE lycée (gymnasiet). Undantagen som bekräftar regeln"
1290,tableau,substantiv,m,tavla; tabell,"Un tableau de Monet, s'il vous plaît.","En Monet-tavla, tack.",,"table → tableau. Konsttavlan, skoltavlan OCH tabellen. Plural: tableaux"
1291,télé,substantiv,f,TV,Pas de télé pour Kalle. Pas encore.,Ingen TV för Kalle. Inte än.,,Kortform av télévision. à la télé = på TV
1292,changement,substantiv,m,förändring,Un bébé = beaucoup de changements !,En bebis = många förändringar!,,"changer + -ment = substantivmaskinen! Samma mönster: développement, gouvernement – du kan fler än du tror"
1293,vitesse,substantiv,f,"hastighet, fart",À toute vitesse !,I full fart!,,vite → vitesse. en vitesse = snabbt som ögat. Limite de vitesse = fartgräns
1294,imprimante,substantiv,f,skrivare,Mon imprimante 3D travaille jour et nuit.,Min 3D-skrivare jobbar dygnet runt.,,imprimer → imprimante. une imprimante 3D – ditt ord! im-primer = trycka in (jfr eng. imprint)
1295,fil,substantiv,m,"tråd, sladd",Le téléphone est sans fil depuis longtemps.,Telefonen är trådlös sedan länge.,,sans fil = trådlös. le fil d'attente = kön. Och 3D-skrivarens filament är... un fil!
1296,Noël,substantiv,m,jul,Le premier Noël de Kalle !,Kalles första jul!,,Joyeux Noël ! = God jul! Från latin natalis (födelse) – släkt med naissance! Prickarna (trema) = uttala o och e separat
1297,veille,substantiv,f,"dagen före, kvällen före","En Suède, on fête Noël la veille !",I Sverige firar vi jul på julafton!,,Kulturkrock: fransmän firar den 25:e! la veille ↔ le lendemain – nu har du båda. le réveillon = julaftons-/nyårssupén
1298,volonté,substantiv,f,vilja,"Avec de la volonté, tout est possible.",Med vilja är allt möjligt.,,vouloir → volonté. la bonne volonté = god vilja. Nietzsche på franska: la volonté de puissance
1299,chapitre,substantiv,m,kapitel,Chapitre deux : mille mots de plus !,Kapitel två: tusen ord till!,,GRATIS-ish: chapter. Kapitel 2 av 3 på vägen mot 3000
1300,petit à petit,uttryck,,"steg för steg, så småningom","Petit à petit, l'oiseau fait son nid.",Steg för steg bygger fågeln sitt bo.,le nid = boet,Franskt ordspråk – och exakt din metod. 300 nya ord på kontot. On continue !
1301,moi,pronomen,,"jag, mig (betonat)",Moi ? Deux fois champion du monde.,Jag? Två gånger världsmästare.,,"Betonade pronomen: moi, toi, lui, elle, nous, vous, eux. Moi aussi ! = jag också. Moi non plus ! = inte jag heller"
1302,eux,pronomen,,"de, dem (betonat)",C'est pour eux.,Det är till dem.,,Betonad form av ils. chez eux = hemma hos dem
1303,fils,substantiv,m,son,Kalle est notre fils.,Kalle är vår son.,,"UTTAL: [fis] – l:et är tyst! fille har du redan. le fils, la fille"
1304,café,substantiv,m,kaffe; kafé,"Un café, s'il vous plaît.","En kaffe, tack.",,"Frasen framför alla fraser. Både drycken och stället: on va au café. Espresso = un café, stor = un café allongé"
1305,ça va ?,uttryck,,hur är det? / det är bra,Ça va ? Ça va. Et toi ?,Hur är det? Bra. Och du?,,Hela dialogen i tre ord. Fråga och svar är samma – franskans smartaste uppfinning
1306,mille,räkneord,,tusen,Mille mercis !,Tusen tack!,,"Böjs ALDRIG: deux mille, trois mille. Du har använt det i hundra meningar – nu är det officiellt ditt"
1307,million,substantiv,m,miljon,Un million d'abonnés ? Un jour.,En miljon prenumeranter? En dag.,,un million DE + substantiv. milliard har du redan – nu har du hela skalan
1308,tout le monde,uttryck,,alla,Tout le monde dort. Enfin.,Alla sover. Äntligen.,,Ordagrant 'hela världen' = alla. Verb i singular: tout le monde EST là
1309,super,adjektiv,,"toppen, jättebra",C'est super sympa !,Det är jättesnällt!,,"Böjs aldrig. Funkar också som förstärkare: super bon, super vite. Franskans mest använda beröm"
1310,entrer,verb,,att gå in,Entrez !,Kom in!,,rentrer (gå hem) har du redan – entrer är att gå in var som helst. entrée = ingång/förrätt: nu ser du logiken
1311,dedans,adverb,,"inuti, inne",Il pleut. On reste dedans.,Det regnar. Vi stannar inne.,,dehors ↔ dedans – nu har du båda. là-dedans = där inne
1312,vin,substantiv,m,vin,Un verre de vin rouge.,Ett glas rödvin.,,"GRATIS-ish! vin rouge, vin blanc, vin rosé. UTTAL: [vɛ̃] – nasal, n:et hörs inte"
1313,bière,substantiv,f,öl,Une bière bien fraîche.,En riktigt kall öl.,,une bière pression = en fatöl. Belgien och öl = Frankrike och vin
1314,déjeuner,substantiv,m,lunch,On déjeune ensemble ?,Ska vi äta lunch ihop?,,Också verb! KULTURFÄLLA: i Belgien/Québec = frukost. jeûner = fasta → dé-jeuner = bryta fastan (jfr eng. breakfast!)
1315,dîner,substantiv,m,middag,Le dîner est prêt !,Middagen är klar!,,Också verb: on dîne à sept heures. I Québec = lunch! le souper = kvällsmat (precis som svenskans supé)
1316,dessert,substantiv,m,efterrätt,Et comme dessert ?,Och till efterrätt?,,GRATIS! Servitörens standardfråga. desservir = duka av – man 'av-serverar' före efterrätten
1317,chocolat,substantiv,m,choklad,"Le chocolat, c'est la vie.",Choklad är livet.,,GRATIS! un chocolat chaud = en varm choklad. Uttal: [ʃokola] – t:et tyst
1318,jus,substantiv,m,juice,Un jus d'orange frais.,En färskpressad apelsinjuice.,,"UTTAL: [ʒy] – s:et tyst. jus de pomme, jus d'orange"
1319,glace,substantiv,f,glass; is; spegel,"Une glace à la vanille, s'il vous plaît.","En vaniljglass, tack.",vanille (f) = vanilj (GRATIS),"TRIPPELORD: glass, is (på sjön) och spegel! Sammanhanget avgör. Svenskans 'glass' kommer härifrån"
1320,mardi,substantiv,m,tisdag,"Mardi, c'est piscine !",På tisdagar är det simhall!,,lundi har du redan. mardi = Mars dag (krigsguden). Mardi gras = fettisdagen!
1321,mercredi,substantiv,m,onsdag,"Mercredi, les enfants ne vont pas à l'école.",På onsdagar går barnen inte i skolan.,,Merkurius dag. Sant i Frankrike: onsdag är (halv)ledig skoldag – barnkalasens dag!
1322,jeudi,substantiv,m,torsdag,Jeudi soir : cinéma ?,Torsdag kväll: bio?,,"Jupiters dag – precis som torsdag är Tors dag! Samma logik, olika gudar"
1323,vendredi,substantiv,m,fredag,Vendredi ! Enfin !,Fredag! Äntligen!,,Venus dag (fredag = Frejas dag – kärleksgudinnor båda två!). Vendredi treize = fredag den trettonde
1324,samedi,substantiv,m,lördag,"Samedi matin, on fait des crêpes.",Lördag morgon gör vi crêpes.,,Sabbatens dag. OBS: veckodagar skrivs med liten bokstav på franska!
1325,dimanche,substantiv,m,söndag,"Le dimanche, tout est fermé en France.",På söndagar är allt stängt i Frankrike.,,Herrens dag (dies dominica). LE dimanche = varje söndag – bestämd artikel = varje!
1326,calendrier,substantiv,m,kalender,Le calendrier est déjà plein.,Kalendern är redan full.,,"Från romerska calendae – månadens första dag, då räkningarna skulle betalas. Vissa saker ändras aldrig"
1327,février,substantiv,m,februari,"En février, il fait encore froid.",I februari är det fortfarande kallt.,,EN février = i februari (en + månad). janvier har du redan – nu tar vi resten!
1328,mars,substantiv,m,mars,"En mars, le printemps arrive. En théorie.",I mars kommer våren. I teorin.,théorie (f) = teori (GRATIS),"UTTAL: [maʁs] – här hörs s:et faktiskt! Krigsguden och planeten, precis som på svenska"
1329,avril,substantiv,m,april,Poisson d'avril !,Aprilskämt!,,Ordagrant 'aprilfisk'! Barn tejpar pappersfiskar på folks ryggar den 1 april. Sant.
1330,mai,substantiv,m,maj,"En mai, fais ce qu'il te plaît.","I maj, gör vad du vill.",,Franskt ordspråk (rimmar på mai/plaît). Maj = strejkernas och helgdagarnas månad i Frankrike
1331,juin,substantiv,m,juni,"En juin, les soirées sont longues.",I juni är kvällarna långa.,,UTTAL: [ʒɥɛ̃] – övningsord! Midsommar är dock Sveriges gren
1332,juillet,substantiv,m,juli,"Le 14 juillet, c'est la fête nationale.",Fjortonde juli är nationaldagen.,,Bastiljdagen! Fyrverkerier överallt. Juli = Julius Caesars månad
1333,août,substantiv,m,augusti,"En août, Paris est vide.",I augusti är Paris tomt.,,"UTTAL: [ut] – ja, bara 'ot'! Hela Frankrike har semester samtidigt. Augustus månad"
1334,septembre,substantiv,m,september,"En septembre, tout recommence.",I september börjar allt om.,,la rentrée = skolstarten/hösten – ett heligt franskt begrepp. GRATIS-ish månad
1335,octobre,substantiv,m,oktober,"En octobre, les feuilles tombent.",I oktober faller löven.,,GRATIS-ish! octo = åtta – det VAR åttonde månaden innan Caesar och Augustus trängde sig in
1336,novembre,substantiv,m,november,"Novembre : gris, mais calme.","November: grå, men lugn.",,"GRATIS-ish. novem = nio, samma historia"
1337,décembre,substantiv,m,december,En décembre : Noël !,I december: jul!,,GRATIS-ish. Nu kan du alla tolv! decem = tio – sista månaden i gamla romerska kalendern
1338,oncle,substantiv,m,"farbror, morbror",Kalle a des oncles fantastiques.,Kalle har fantastiska farbröder.,fantastique = fantastisk (GRATIS),Jfr eng. uncle. Franskan skiljer inte på farbror/morbror – enklare än svenska!
1339,tante,substantiv,f,"faster, moster",Tante ou oncle : même combat.,Faster eller farbror: samma kamp.,"combat (m) = kamp, strid",Jfr eng. aunt. même combat = 'samma kamp' – vardagsuttryck för 'samma sak'
1340,neveu / nièce,substantiv,m/f,brorson/systerson / brorsdotter,"Kalle, le neveu préféré.","Kalle, favoritbrorsonen.",,Jfr eng. nephew/niece. Plural: neveux. Ett ord för fyra svenska – franskan vinner ibland
1341,papi / mamie,substantiv,m/f,"farfar, morfar / farmor, mormor",Papi et Mamie arrivent samedi !,Farfar och farmor kommer på lördag!,,"Barnspråk för grand-père/grand-mère (grands-parents har du redan). Också: papy, mamy"
1342,petit-fils / petite-fille,substantiv,m/f,barnbarn,Le premier petit-fils de la famille !,Familjens första barnbarn!,,Ordagrant 'lille-son'. Plural: petits-enfants = barnbarnen
1343,beau-père / belle-mère,substantiv,m/f,svärfar; styvfar / svärmor; styvmor,Ma belle-mère est adorable. Vraiment !,Min svärmor är underbar. På riktigt!,adorable = bedårande (GRATIS),DUBBELT: både svär- och styv-! beau/belle = 'vacker' – artighetsstrategi från medeltiden. les beaux-parents = svärföräldrarna
1344,adulte,substantiv,m/f,vuxen,"Les adultes sont fatigués. Les bébés, jamais.","De vuxna är trötta. Bebisarna, aldrig.",,GRATIS-ish. Också adjektiv. un ado = en tonåring (adolescent)
1345,surnom,substantiv,m,smeknamn,Kalle avait un surnom avant de naître.,Kalle hade ett smeknamn innan han föddes.,,sur + nom = 'övernamn'. OBS falsk vän-varning åt andra hållet: eng. surname = efternamn = nom de famille!
1346,enlever,verb,,"att ta av, ta bort",J'enlève mes chaussures.,Jag tar av mig skorna.,,Motsats till mettre. KULTUR: skor av inne i Sverige – i Frankrike är det inte alls självklart!
1347,emporter,verb,,att ta med (härifrån),"Un café à emporter, s'il vous plaît.","En kaffe att ta med, tack.",,"à emporter = takeaway! Trion komplett: apporter (hit), emporter (härifrån), emmener (personer)"
1348,retirer,verb,,"att ta ut, dra tillbaka",Je retire de l'argent.,Jag tar ut pengar.,distributeur (m) = bankomat,re + tirer = dra tillbaka. retirer de l'argent au distributeur
1349,ramasser,verb,,att plocka upp,Je ramasse les jouets. Encore.,Jag plockar upp leksakerna. Igen.,,"ramasser = samla ihop från marken. Föräldraskapets mest upprepade verb, enligt forskningen (min)"
1350,cacher,verb,,att gömma,Kalle cache la tétine. Où ?!,Kalle gömmer nappen. Var?!,,se cacher = gömma sig. cache-cache = kurragömma! Jfr eng. cache – gömt minne
1351,retrouver,verb,,"att hitta (igen), återfinna",J'ai retrouvé la tétine ! Victoire !,Jag hittade nappen! Seger!,victoire (f) = seger,re + trouver = hitta igen. se retrouver (träffas) har du redan – samma familj
1352,se rappeler,verb,,"att minnas, komma ihåg",Je me rappelle tout. C'est mon métier.,Jag minns allt. Det är mitt jobb.,,"= se souvenir (som du har). Nyans: se rappeler quelque chose, se souvenir DE quelque chose. rappeler = också ringa tillbaka!"
1353,bouger,verb,,"att röra sig, flytta på",Ne bouge pas !,Rör dig inte!,,Vardagligare än svenskans 'förflytta'. Ça bouge ! = det händer grejer! Jfr eng. budge
1354,serrer,verb,,"att krama, trycka; dra åt",Je serre Kalle dans mes bras.,Jag kramar Kalle i min famn.,,serrer la main = skaka hand (fransk hälsningskultur!). serré = trång/tight – un café serré = en stark espresso
1355,lâcher,verb,,att släppa,Ne lâche pas !,Släpp inte taget!,,Också bildligt: ge inte upp! Lâche-moi ! = släpp mig / lämna mig ifred (vardagligt)
1356,plier,verb,,att vika,Je plie la lessive devant la télé.,Jag viker tvätten framför TV:n.,,"Jfr eng. ply, pliable. un pliage = en vikning – origami på franska!"
1357,essuyer,verb,,att torka (av),J'essuie la table.,Jag torkar av bordet.,,essuie-glace = vindrutetorkare ('glastorkaren'). essuie-tout = hushållspapper ('torkar-allt')!
1358,vider,verb,,att tömma,Kalle vide le tiroir. Encore.,Kalle tömmer lådan. Igen.,,vide (tom) har du redan → vider. Bebisar: naturens egna tömningsmaskiner
1359,verser,verb,,att hälla,Je verse le lait doucement.,Jag häller mjölken försiktigt.,,"Jfr eng. pour ≈ verser. il pleut des cordes, on verse le café – häll-verbet för allt flytande"
1360,renverser,verb,,"att välta, spilla",Kalle renverse le verre. Évidemment.,Kalle välter glaset. Självklart.,,re + en + verser = hälla åt fel håll! renverser också 'välta omkull' och 'köra på'
1361,couvrir,verb,,att täcka,Je couvre Kalle. Il fait froid.,Jag täcker över Kalle. Det är kallt.,,couverture (filt) har du redan → couvrir! découvrir = upptäcka = 'av-täcka'. Allt hänger ihop
1362,accrocher,verb,,att hänga upp,J'accroche le tableau au mur.,Jag hänger upp tavlan på väggen.,,croc = krok → accrocher = sätta på kroken! s'accrocher = hålla fast/kämpa: Accroche-toi ! = häng i!
1363,attacher,verb,,"att fästa, spänna fast",Attache ta ceinture !,Spänn fast bältet!,"ceinture (f) = bälte, skärp",Jfr eng. attach. Bilbarnstolens verb nummer ett
1364,charger,verb,,att ladda; lasta,Je charge mon téléphone.,Jag laddar min telefon.,chargeur (m) = laddare,télécharger (ladda ner) har du redan – charger är roten. Också lasta: charger la voiture
1365,fabriquer,verb,,att tillverka; hitta på,"Kalle, qu'est-ce que tu fabriques ?","Kalle, vad håller du på med?",,IDIOM-GULD: Qu'est-ce que tu fabriques ? = vad sysslar du med?! fabrique = fabrik
1366,bricoler,verb,,"att meka, pyssla, fixa",Jonas bricole un robot dans le garage.,Jonas mekar med en robot i garaget.,garage (m) = garage (GRATIS),le bricolage = DIY – en fransk folkrörelse! un bricoleur = en hemmafixare. Ditt Arduino-verb
1367,démarrer,verb,,att starta (motor); dra igång,La voiture ne démarre pas. Janvier.,Bilen startar inte. Januari.,,Båtterm från början: kasta loss (amarres = förtöjningar). Le projet démarre ! = projektet drar igång!
1368,s'excuser,verb,,att be om ursäkt,"Excusez-moi, où est la gare ?","Ursäkta, var är stationen?",,Excusez-moi = artigast sättet att börja en fråga. pardon och désolé har du – nu är ursäktstrion komplett
1369,annoncer,verb,,"att meddela, tillkännage",J'ai une grande nouvelle à annoncer !,Jag har en stor nyhet att berätta!,,une nouvelle = en nyhet (les nouvelles har du redan). une annonce = en annons/ett meddelande
1370,chuchoter,verb,,att viska,On chuchote. Kalle dort.,Vi viskar. Kalle sover.,,Ljudhärmande ord – hör du viskandet i chu-chu? Som svenskans 'tissla'
1371,se taire,verb,,"att tiga, vara tyst","Parfois, il faut savoir se taire.",Ibland måste man kunna vara tyst.,,Tais-toi ! = tyst! (burdust). Taisez-vous ! till flera. Filosofiskt OCH praktiskt
1372,jurer,verb,,"att svära, lova",Je te jure !,Jag lovar! / Jag svär!,,Vardagsförstärkaren: je te jure = ärligt talat! Också svära (fula ord): un juron = en svordom
1373,prétendre,verb,,"att hävda, påstå",Il prétend tout savoir. Hmm.,Han påstår sig veta allt. Hmm.,,"FALSK VÄN! Inte låtsas (= faire semblant, som du har). Eng. pretend lurar dig här"
1374,se plaindre,verb,,att klaga,Il se plaint du temps. Classique.,Han klagar på vädret. Klassiskt.,classique = klassisk (GRATIS),plaindre quelqu'un = tycka synd om någon. râler har du redan – se plaindre är artigare klagan
1375,se moquer (de),verb,,"att driva med, skratta åt",Tu te moques de moi ?!,Driver du med mig?!,,Jfr eng. mock. Je m'en moque = jag bryr mig inte (vardagligt)
1376,plaisanter,verb,,"att skoja, skämta",Je plaisante !,Jag skojar bara!,,plaisir → plaisanter. Tu plaisantes ?! = skämtar du?! une plaisanterie = ett skämt (blague har du redan)
1377,rigoler,verb,,"att skratta, skoja (vard.)",On a bien rigolé hier soir.,Vi skrattade gott igår kväll.,,Vardagligare än rire. Tu rigoles ? = skojar du? C'est pour rigoler = det är på skoj. rigolo = kul/lustig
1378,s'amuser,verb,,att ha roligt,Amuse-toi bien !,Ha så kul!,,Standardfrasen när någon ska iväg. Jfr eng. amuse. Bonne soirée ! Amuse-toi bien !
1379,embêter,verb,,"att retas med, störa",Arrête d'embêter le chat !,Sluta reta katten!,,bête → embêter: 'göra någon dum i huvudet'. Ça m'embête = det stör mig/det är jobbigt
1380,rassurer,verb,,att lugna,Ça me rassure.,Det lugnar mig.,,"re + assurer = åter-försäkra. Rassure-toi ! = ta det lugnt, ingen fara!"
1381,convaincre,verb,,att övertyga,Tu m'as convaincu !,Du har övertygat mig!,,Jfr eng. convince. Je suis convaincu = jag är övertygad. Talarens favoritverb
1382,intéresser,verb,,att intressera,Ça m'intéresse !,Det intresserar mig!,,intéressant har du redan. s'intéresser À = intressera sig för. l'intérêt = intresset (och räntan!)
1383,détester,verb,,"att avsky, hata","Kalle déteste le bain ? Non, il adore !","Hatar Kalle badet? Nej, han älskar det!",,adorer ↔ détester – nu har du båda ytterligheterna. Jfr eng. detest
1384,supporter,verb,,"att stå ut med, tåla",Je ne supporte pas le bruit.,Jag står inte ut med oljudet.,,STOR FALSK VÄN! Inte stötta (= soutenir/encourager). Je ne te supporte plus = jag står inte ut med dig!
1385,mériter,verb,,att förtjäna,Tu mérites une pause.,Du förtjänar en paus.,,Jfr eng. merit. Ça se mérite ! = det får man förtjäna!
1386,regretter,verb,,"att ångra, beklaga",Je ne regrette rien.,Jag ångrar ingenting.,,Frankrikes mest berömda livsfilosofi i en mening. Jfr eng. regret
1387,hésiter,verb,,att tveka,J'hésite entre deux mots.,Jag tvekar mellan två ord.,,Jfr eng. hesitate. N'hésite pas ! = tveka inte! (Frasen alla franska mejl slutar med)
1388,supposer,verb,,"att anta, förmoda",Je suppose que oui.,Jag antar det.,,Jfr eng. suppose. GRATIS-ish
1389,rêver,verb,,att drömma,Je rêve en français maintenant !,Jag drömmer på franska nu!,,rêve (dröm) har du redan. rêver DE quelque chose. Milstolpen alla språkinlärare väntar på
1390,craindre,verb,,"att frukta, vara rädd för",Je crains le pire.,Jag fruktar det värsta.,,Snäppet finare än avoir peur. Ne crains rien ! = frukta icke! (Bibelklang på franska också)
1391,souffrir,verb,,att lida,"Il souffre en silence. Non, il râle.","Han lider i tysthet. Nej, han gnäller.",,Jfr eng. suffer. la souffrance = lidandet. Böjs som ouvrir
1392,s'exprimer,verb,,att uttrycka sig,Kalle s'exprime. Fort.,Kalle uttrycker sig. Högljutt.,,ex + presser = pressa ut. Jfr eng. express. une expression = ett uttryck
1393,caresser,verb,,"att smeka, klappa",Kalle caresse le chat. Doucement !,Kalle klappar katten. Försiktigt!,,"Jfr eng. caress. une caresse = en smekning. Klappa djur = caresser, inte taper!"
1394,apparaître,verb,,"att dyka upp, visa sig",Le soleil apparaît enfin.,Solen visar sig äntligen.,,Böjs som connaître (som du har). Jfr eng. appear
1395,disparaître,verb,,att försvinna,Mes chaussettes disparaissent. Mystère.,Mina strumpor försvinner. Mysterium.,mystère (m) = mysterium (GRATIS),apparaître ↔ disparaître. Tvättmaskinens eviga gåta är internationell
1396,paraître,verb,,"att verka, tyckas",Ça paraît difficile. Ça ne l'est pas.,Det verkar svårt. Det är det inte.,,il paraît que (det sägs att) har du redan – här är själva verbet. il paraît = tydligen
1397,s'approcher (de),verb,,att närma sig,L'hiver approche.,Vintern närmar sig.,,Funkar också utan se: le jour approche. proche = nära – kommer strax som egen rad!
1398,accompagner,verb,,"att följa med, ledsaga",Je t'accompagne à la gare.,Jag följer med dig till stationen.,,Jfr eng. accompany. GRATIS-ish. Också om mat: le vin accompagne le fromage
1399,croiser,verb,,att korsa; stöta på,J'ai croisé un ami en ville.,Jag stötte på en vän i stan.,,croiser les doigts = hålla tummarna – fransmännen korsar fingrarna i stället! une croix = ett kors
1400,plonger,verb,,att dyka,Kalle plonge ? Pas encore !,Dyker Kalle? Inte än!,,Babysim heter bébés nageurs på franska. la plongée = dykning. Jfr eng. plunge
1401,avaler,verb,,att svälja,Kalle avale tout.,Kalle sväljer allt.,,aval = nedströms → avaler = 'skicka nedåt'. Bebisfasen där allt ska testas med munnen har ett verb
1402,cuisiner,verb,,att laga mat,Qui cuisine ce soir ?,Vem lagar mat ikväll?,,cuisine (kök/matlagning) har du redan → verbet. GRATIS-ish
1403,brûler,verb,,"att brinna, bränna","Attention, ça brûle !","Akta, det bränns!",,Köksvarning nummer ett. brûlé = bränd – vänta till nästa avsnitt så förstår du crème brûlée på riktigt
1404,fondre,verb,,att smälta,La neige fond. Enfin !,Snön smälter. Äntligen!,,fondue = 'smält' – osträtten är bara ett particip! fondre en larmes = brista i gråt
1405,piquer,verb,,"att sticka(s), bränna(s)",Aïe ! Ça pique !,Aj! Det sticks!,,"piqûre har du redan → verbet. Myggor, nässlor, stark mat: allt 'pique'. Vardagligt också: sno (piquer une idée)"
1406,frapper,verb,,"att slå, knacka",On frappe à la porte.,Det knackar på dörren.,,un café frappé = en isad kaffe ('slagen' med is). Ça m'a frappé = det slog mig!
1407,battre,verb,,att slå,Mon cœur bat vite.,Mitt hjärta slår snabbt.,,se battre = slåss. battre des œufs = vispa ägg. le cœur bat – precis som på svenska
1408,gérer,verb,,"att hantera, sköta",Je gère !,Jag fixar det!,,"Vardagsguld: Je gère ! = jag har koll! T'inquiète, je gère. Jfr eng. manage"
1409,obliger,verb,,att tvinga,Tu n'es pas obligé !,Du måste inte!,,"être obligé de = vara tvungen att. Jfr eng. oblige. Merci, c'est très gentil, mais tu n'es pas obligé"
1410,confirmer,verb,,att bekräfta,Je confirme !,Jag bekräftar!,,"GRATIS! Vardagligt också som 'japp, kan intyga': Il est fatigué ? Je confirme."
1411,reporter,verb,,att skjuta upp,On reporte à demain ?,Skjuter vi upp det till imorgon?,,re + porter = 'bära vidare'. OBS: un reporter = en reporter – men verbet betyder skjuta upp!
1412,participer,verb,,att delta,Tout le monde participe !,Alla deltar!,,"GRATIS! participer À quelque chose. L'important, c'est de participer"
1413,assister (à),verb,,att närvara vid,J'assiste au concert.,Jag är på konserten.,concert (m) = konsert (GRATIS),"FALSK VÄN! = närvara vid, inte assistera (= aider). Eng. attend ≈ assister à"
1414,s'inscrire,verb,,att anmäla sig,Je m'inscris au cours de français.,Jag anmäler mig till franskakursen.,,in + scrire (skriva) = skriva in sig. une inscription = en anmälan. Kursförsäljarens favoritverb
1415,élever,verb,,att uppfostra; föda upp,Élever un enfant : un marathon.,Att uppfostra ett barn: ett maraton.,marathon (m) = maraton (GRATIS),é + lever = 'lyfta upp'. bien élevé = väluppfostrad. un élève (elev) har du redan – samma rot!
1416,enseigner,verb,,att undervisa,Elle enseigne le français.,Hon undervisar i franska.,,un enseignant = en lärare (prof har du redan). l'enseignement = undervisningen
1417,améliorer,verb,,att förbättra,J'améliore mon français chaque jour.,Jag förbättrar min franska varje dag.,,meilleur (bättre) har du redan → a-MÉLIOR-er. Se ordet i ordet!
1418,dépasser,verb,,"att passera, överskrida",On a dépassé les mille mots !,Vi har passerat tusen ord!,,dé + passer. Också köra om: la voiture me dépasse. Ça me dépasse ! = det övergår mitt förstånd!
1419,échouer,verb,,att misslyckas,"Échouer, c'est apprendre.",Att misslyckas är att lära sig.,,Motsats till réussir (som du har). Sjöterm: gå på grund → stranda → misslyckas
1420,risquer,verb,,att riskera,Ça risque d'être drôle.,Det lär nog bli kul.,,risque har du redan. GULD-konstruktion: risquer de + verb = 'lär nog' – används även om positiva saker!
1421,soigner,verb,,"att vårda, sköta om","Maman soigne, papa panique.","Mamma vårdar, pappa får panik.",,un soin = vård. prendre soin de = ta hand om. soigné = välvårdad/omsorgsfull
1422,vacciner,verb,,att vaccinera,Kalle est vacciné. Ouf.,Kalle är vaccinerad. Puh.,,GRATIS! le vaccin = vaccinet. la vaccination – franska uppfinningar: Pasteur var fransman!
1423,proche,adjektiv,,nära,La boulangerie est proche.,Bageriet ligger nära.,,s'approcher fick du nyss – här är roten. mes proches = mina närmaste (familj och vänner)!
1424,sec / sèche,adjektiv,,torr,Mes cheveux sont secs.,Mitt hår är torrt.,,sécher (torka) har du redan. vin sec = torrt vin. sec också = kort/torr i tonen
1425,mou / molle,adjektiv,,"mjuk, slapp",Le canapé est mou. Parfait.,Soffan är mjuk. Perfekt.,,dur ↔ mou. OBS: mjuk och gosig = doux (som du har) – mou är mer 'deggig'
1426,rond / ronde,adjektiv,,rund,La Terre est ronde. Vérifié.,Jorden är rund. Verifierat.,carré = fyrkantig,Jfr eng. round. un rond-point = en rondell
1427,fragile,adjektiv,,"ömtålig, skör",Attention : fragile !,Försiktigt: ömtåligt!,,"GRATIS! Står på varannan flyttkartong. Funkar om paket, hälsa och egon"
1428,pratique,adjektiv,,"praktisk, smidig",Une appli ? C'est pratique.,En app? Det är praktiskt.,,GRATIS! C'est pratique ! = vardagens vanligaste beröm av prylar
1429,utile,adjektiv,,"användbar, nyttig",Un mot utile par jour.,Ett användbart ord om dagen.,,inutile = onödig. Jfr eng. useful/utility. Rimmar fint med facile
1430,efficace,adjektiv,,effektiv,Ma méthode est efficace.,Min metod är effektiv.,,Franskan har ETT ord där engelskan har två (efficient + effective). Enklare!
1431,disponible,adjektiv,,"tillgänglig, ledig",Je suis disponible demain.,Jag är ledig imorgon.,,Jfr eng. available (via disposable). Vardagligt förkortat: dispo – T'es dispo samedi ?
1432,privé / privée,adjektiv,,privat,Vie privée : importante.,Privatliv: viktigt.,,GRATIS! privé ↔ public (som du har). une soirée privée = en privat tillställning
1433,neuf / neuve,adjektiv,,(splitter)ny,"Une voiture neuve ? Non, nouvelle pour nous.","En fabriksny bil? Nej, ny för oss.",,"NYANS-GULD: neuf = fabriksny, nouveau = ny för dig! En begagnad bil kan vara nouvelle men aldrig neuve"
1434,injuste,adjektiv,,orättvis,C'est injuste !,Det är orättvist!,,juste har du redan. Varje barns första juridiska argument – fungerar på alla språk
1435,égal / égale,adjektiv,,lika; likgiltig,Ça m'est égal.,Det gör mig detsamma.,,GULD-fras: Ça m'est égal = det spelar ingen roll för mig. également (likaså) har du redan
1436,contraire,adjektiv,,motsatt,Au contraire !,Tvärtom!,,Också substantiv: le contraire = motsatsen. C'est le contraire ! = det är tvärtom!
1437,capable,adjektiv,,kapabel,Kalle est capable de tout.,Kalle är kapabel till allt.,,GRATIS! capable de + verb. Il en est capable ! = det skulle inte förvåna mig om han gjorde det!
1438,responsable,adjektiv,,ansvarig,Qui est responsable ? Le chat.,Vem är ansvarig? Katten.,,GRATIS! Också substantiv: le/la responsable = den ansvariga. responsable DE quelque chose
1439,bruyant / bruyante,adjektiv,,"högljudd, bullrig",Un voisin bruyant. Super.,En högljudd granne. Toppen.,,bruit (oljud) har du redan → bruyant. Ironiskt super – nu kan du sarkasm på franska
1440,vivant / vivante,adjektiv,,levande,Le français est une langue vivante !,Franska är ett levande språk!,,vivre → vivant. en vivant = livs levande. un salon vivant = ett livligt vardagsrum
1441,debout,adjektiv,,"stående, uppe",Debout ! Il est huit heures !,Upp! Klockan är åtta!,,Böjs ALDRIG. rester debout = stå upp / vara uppe sent. Ordagrant 'på ände' (de + bout!)
1442,nu / nue,adjektiv,,naken,Un bébé tout nu après le bain !,En spritt naken bebis efter badet!,,tout nu = spritt naken. pieds nus = barfota ('nakna fötter')
1443,confortable,adjektiv,,bekväm,Un fauteuil confortable.,En bekväm fåtölj.,,"GRATIS – men stava franskt: conFORtable, inte comfortable!"
1444,gaucher / droitier,adjektiv,,vänsterhänt / högerhänt,Kalle : gaucher ou droitier ? Mystère.,Kalle: vänster- eller högerhänt? Mysterium.,,gauche/droite har du redan → gaucher/droitier. Smart avledning: -er/-ier = '-hänt'
1445,humain / humaine,adjektiv,,mänsklig,L'erreur est humaine.,Att fela är mänskligt.,,"GRATIS-ish. Också substantiv: un humain = en människa, les humains = människorna"
1446,solide,adjektiv,,"stabil, hållbar, stadig",Une table solide. Testée par Kalle.,Ett stadigt bord. Testat av Kalle.,,GRATIS! du solide = rejäla grejer. un argument solide = ett hållbart argument
1447,épais / épaisse,adjektiv,,tjock,Un livre épais pour l'hiver.,En tjock bok för vintern.,,Motsats: mince! Du kan mince ! som utrop ('sjutton!') – adjektivet betyder tunn/smal
1448,mouillé / mouillée,adjektiv,,"blöt, våt",Tout est mouillé. Il pleut des cordes.,Allt är blött. Det ösregnar.,,se mouiller = bli blöt – och bildligt: våga sticka ut hakan!
1449,étroit / étroite,adjektiv,,"trång, smal",Les rues de Paris sont étroites.,Paris gator är smala.,,large ↔ étroit. être à l'étroit = bo/sitta trångt
1450,électrique,adjektiv,,elektrisk,"Une voiture électrique, bien sûr.","En elbil, såklart.",,GRATIS! l'électricité = elen. une ambiance électrique = en laddad stämning
1451,sain / saine,adjektiv,,"hälsosam, sund",Sain et sauf !,Välbehållen!,,IDIOM: sain et sauf = 'frisk och räddad' = oskadd. manger sain = äta nyttigt. Jfr eng. sane
1452,objet,substantiv,m,"föremål, sak",Chaque objet a sa place. En théorie.,Varje sak har sin plats. I teorin.,,Jfr eng. object. objets trouvés = hittegods ('hittade föremål')
1453,affaires,substantiv,f pl,"saker, tillhörigheter; affärer",Range tes affaires !,Plocka undan dina saker!,,"DUBBEL: mes affaires = mina grejer, les affaires = affärslivet. Ça, c'est mon affaire ! = det sköter jag!"
1454,trou,substantiv,m,hål,Il y a un trou dans ma chaussette.,Det är ett hål i min strumpa.,,un trou de mémoire = en minneslucka – ordet du aldrig behöver använda om dig själv
1455,tache,substantiv,f,fläck,Une tache sur la chemise. Merci Kalle.,En fläck på skjortan. Tack Kalle.,,OBS: tâche MED accent = uppgift! En accent circonflexe skiljer fläcken från jobbet
1456,poussière,substantiv,f,damm,La poussière revient toujours.,Dammet kommer alltid tillbaka.,,faire la poussière = damma. et des poussières = 'och lite till': cent euros et des poussières
1457,feuille,substantiv,f,löv; pappersark,"Une feuille de papier, vite !","Ett pappersark, fort!",,"DUBBEL: löv OCH ark – båda är tunna blad. une feuille de papier, les feuilles d'automne"
1458,crème,substantiv,f,grädde; kräm,"La crème brûlée : brûlée, mais parfaite.","Crème brûlée: bränd, men perfekt.",,Nu förstår du efterrätten: 'bränd grädde'! la crème de la crème = gräddan av gräddan
1459,bonbon,substantiv,m,"godis, karamell",Pas de bonbons avant le dîner !,Inget godis före middagen!,,bon + bon = 'gott-gott'! Barnspråk som blev ett riktigt ord. Lördagsgodis är dock oöversättligt
1460,frites,substantiv,f pl,pommes frites,Des frites ! Merci la Belgique.,Pommes frites! Tack Belgien.,,Kort för pommes de terre frites = friterad potatis. Svenskan lånade 'pommes frites' – fransmännen säger bara frites!
1461,salade,substantiv,f,sallad,"Une salade pour moi. Enfin, des frites aussi.","En sallad till mig. Alltså, pommes frites också.",,raconter des salades = snacka strunt ('berätta sallader')!
1462,carotte,substantiv,f,morot,"Les carottes, c'est bon pour les yeux ?",Är morötter bra för ögonen?,,Les carottes sont cuites ! = 'morötterna är kokta' = loppet är kört! la carotte et le bâton = moroten och piskan
1463,jambon,substantiv,m,skinka,"Un sandwich au jambon, s'il vous plaît.","En skinksmörgås, tack.",sandwich (m) = smörgås (GRATIS),jambe (ben) har du redan → jambon = 'benet' på grisen! Logiskt och lite läskigt
1464,saucisse,substantiv,f,korv,On mange des saucisses. Très suédois.,Vi äter korv. Väldigt svenskt.,,le saucisson = torr salamikorv (fransk klassiker). Ne pas attacher son chien avec des saucisses = vara snål!
1465,cerise,substantiv,f,körsbär,La cerise sur le gâteau !,Pricken över i:et!,,Ordagrant 'körsbäret på tårtan' = grädden på moset. Franskans och svenskans bilder möts i fikat
1466,champ,substantiv,m,"fält, åker",Un champ de fraises.,Ett jordgubbsfält.,,champignon har du redan = 'liten fältgrej'! sur le champ = på fläcken/genast
1467,yaourt,substantiv,m,yoghurt,Un yaourt pour Kalle ? Bientôt !,En yoghurt till Kalle? Snart!,,UTTAL: [jauʁt]. chanter en yaourt = sjunga på låtsasengelska när man inte kan texten! Officiellt uttryck
1468,champagne,substantiv,m,champagne,Du champagne ? On fête quoi ?,Champagne? Vad firar vi?,,GRATIS! Bara bubbel från Champagne får heta så – resten är crémant eller mousseux. Fransmännen har advokater på det
1469,avocat,substantiv,m,advokat; avokado,L'avocat mange un avocat.,Advokaten äter en avokado.,,DUBBEL: exakt samma ord! Sammanhanget avgör vem som äter vem
1470,escargot,substantiv,m,"snigel, snäcka",L'escargot : animal ou plat ?,Snigeln: djur eller maträtt?,,I Frankrike: båda. avancer comme un escargot = gå i snigelfart
1471,poire,substantiv,f,päron,Une poire bien mûre.,Ett riktigt moget päron.,,couper la poire en deux = 'dela päronet på mitten' = mötas på halva vägen!
1472,prune,substantiv,f,plommon,Des prunes du jardin.,Plommon från trädgården.,,"FALSK VÄN! prune = plommon, inte torkat (= pruneau). Och vardagligt: une prune = en parkeringsböter!"
1473,laine,substantiv,f,ull,Un pull en laine suédoise.,En tröja i svensk ull.,,en laine = av ull. mouton (får) känner du från revenons à nos moutons – nu vet du vad de bidrar med
1474,pouce,substantiv,m,tumme; tum,Kalle suce son pouce.,Kalle suger på tummen.,sucer = att suga,Tumme OCH måttet tum – precis som svenskan! un coup de pouce = en hjälpande knuff. Pouce ! = pax/time-out (barnlek)
1475,souffler,verb,,att blåsa,Souffle les bougies !,Blås ut ljusen!,bougie (f) = stearinljus,Också viska fram repliker: un souffleur = en sufflör! Svenskan lånade teaterordet direkt
1476,trembler,verb,,"att darra, skaka",Je tremble de froid.,Jag darrar av köld.,,trembler comme une feuille = darra som ett löv – feuille fick du nyss! Jfr eng. tremble
1477,couler,verb,,att rinna; sjunka,L'eau coule.,Vattnet rinner.,,DUBBEL: rinna OCH sjunka (le bateau coule !). se la couler douce = ta det lugnt
1478,tenter,verb,,att försöka; fresta,Tente ta chance !,Pröva lyckan!,,"= essayer, snäppet finare. Och fresta: C'est tentant ! = det är frestande!"
1479,s'apercevoir (de),verb,,"att märka, inse",Je m'aperçois de mon erreur.,Jag inser mitt misstag.,,apercevoir = skymta → s'apercevoir = 'få syn på' inombords. Jfr eng. perceive
1480,conseiller,verb,,"att råda, rekommendera",Je te conseille ce livre.,Jag rekommenderar dig den här boken.,,conseil (råd) har du redan → verbet. Också substantiv: un conseiller = en rådgivare
1481,bavarder,verb,,"att småprata, prata på",On bavarde au café.,Vi sitter och pratar på kaféet.,,bavard = pratsam. Hör du bla-bla-ljudet i ordet? Det är ingen slump
1482,mordre,verb,,att bita(s),"Le moustique m'a mordu... non, piqué !","Myggan bet mig... nej, stack mig!",,"NYANS: tänder mordre, insekter piquer! Hundar mord, myggor pique. Il ne mord pas ! = han bits inte!"
1483,siffler,verb,,att vissla,Je siffle une chanson.,Jag visslar en melodi.,,Också bua ut (siffler un joueur) och domarens vissling. l'arbitre siffle ! = domaren blåser!
1484,griller,verb,,"att grilla, rosta",On grille des saucisses ce soir !,Vi grillar korv ikväll!,,GRATIS-ish! le grille-pain = brödrosten ('rosta-bröd'). griller un feu rouge = köra mot rött!
1485,tondre,verb,,"att klippa (gräs), klippa av",Je tonds la pelouse. Le dimanche.,Jag klipper gräsmattan. På söndagar.,pelouse (f) = gräsmatta,la tondeuse = gräsklipparen OCH hårtrimmern. Villaförortens heligaste verb
1486,arroser,verb,,att vattna; fira med skål,On arrose les fleurs. Et la naissance !,Vi vattnar blommorna. Och skålar för födseln!,,DUBBEL: vattna OCH 'blöta' en nyhet = fira! Ça s'arrose ! = det måste firas!
1487,planter,verb,,att plantera,Je plante des fraises.,Jag planterar jordgubbar.,,GRATIS-ish! Vardagsbonus: mon ordinateur a planté = datorn har kraschat. planter quelqu'un = dumpa någon på plats
1488,cueillir,verb,,"att plocka (bär, blommor)",On cueille des fraises des bois.,Vi plockar smultron.,,fraises des bois = 'skogsjordgubbar' = smultron – ett särskilt fint ord i er familj. UTTAL: [kœjiʁ]
1489,poste,substantiv,f/m,post; tjänst,Je vais à la poste. Comme en 1995.,Jag går till posten. Som 1995.,timbre (m) = frimärke,"GENUS-LEKTION: LA poste = posten, LE poste = tjänsten/befattningen! Ett genus, två världar"
1490,colis,substantiv,m,paket,Un colis pour moi ? Encore ?,Ett paket till mig? Igen?,livrer = att leverera,UTTAL: [kɔli] – s:et tyst. la livraison = leveransen. Näthandelns viktigaste glosa
1491,coiffeur,substantiv,m,frisör,"Chez le coiffeur, on parle beaucoup.",Hos frisören pratar man mycket.,,la coiffure = frisyren. se coiffer = fixa håret. Också coiffeuse (f)
1492,balcon,substantiv,m,balkong,Un café sur le balcon.,En kaffe på balkongen.,,GRATIS! Nästan i alla fall: balcon → balkong. Teaterns andra våning heter också le balcon
1493,chauffage,substantiv,m,"uppvärmning, värme(system)","Le chauffage, essentiel en Suède.",Värmen – nödvändig i Sverige.,essentiel = nödvändig (GRATIS),chaud har du redan → chauffer = värma → chauffage. le chauffage central = centralvärme
1494,accident,substantiv,m,olycka,Un petit accident. Rien de grave.,En liten olycka. Inget allvarligt.,,GRATIS! par accident = av misstag. accidenté = kuperad (om terräng) – överraskande återanvändning
1495,camion,substantiv,m,lastbil,Un camion bloque la rue.,En lastbil blockerar gatan.,bloquer = att blockera (GRATIS),une camionnette = en skåpbil. le camion de déménagement = flyttbilen
1496,pompier,substantiv,m,brandman,Le camion de pompiers ! Pin-pon !,Brandbilen! Tut-tut!,,pompe = pump → pompier = 'pumparen'! Pin-pon = franska barns sirenljud. Alla småbarnsföräldrars glosa
1497,permis,substantiv,m,körkort; tillstånd,Le permis coûte cher. En Suède aussi.,Körkortet är dyrt. I Sverige också.,,permettre har du redan → permis = 'tillåtet'. le permis de conduire = körkortet
1498,essence,substantiv,f,bensin,"Le plein d'essence, s'il vous plaît.","Full tank, tack.",,faire le plein = tanka fullt ('göra fullt'). Också essens/kärna – bensin ansågs vara oljans 'essens'!
1499,panne,substantiv,f,"fel, haveri",La voiture est en panne.,Bilen har gått sönder.,,en panne = trasig/ur funktion. tomber en panne = gå sönder. une panne d'électricité = ett strömavbrott
1500,assurance,substantiv,f,försäkring; säkerhet,L'assurance coûte cher. Comme tout.,Försäkringen är dyr. Som allt annat.,,assurer = försäkra – och vardagligt: Il assure ! = han är grym! avec assurance = med självsäkerhet
1501,batterie,substantiv,f,batteri; trummor,Batterie : 1 %. Panique.,Batteri: 1 %. Panik.,,DUBBEL: telefonens batteri OCH trumset! jouer de la batterie = spela trummor
1502,pile,substantiv,f,batteri (litet); hög,Pile ou face ?,Krona eller klave?,,"TRIPPEL: småbatteri (AA), hög (une pile de livres) och prick: à huit heures pile = prick klockan åtta!"
1503,moteur,substantiv,m,motor,Le moteur tourne !,Motorn går!,,Filmguld: Moteur ! = 'kamera går!' på inspelning. moteur de recherche = sökmotor
1504,courant,substantiv,m,ström,Coupe le courant !,Bryt strömmen!,,"TRIPPEL: el-ström, être au courant = vara informerad (Tiens-moi au courant ! = håll mig uppdaterad!) och un courant d'air = drag"
1505,robinet,substantiv,m,kran (vatten),Ferme le robinet !,Stäng av kranen!,,"l'eau du robinet = kranvatten – gratis på franska restauranger! Säg: une carafe d'eau, s'il vous plaît"
1506,prise,substantiv,f,"eluttag; grepp, tag",Où est la prise ?,Var är eluttaget?,,prendre → prise = 'tag'. Elektrikerns OCH filmarens ord: une prise de vue = en tagning!
1507,échelle,substantiv,f,stege; skala,L'échelle est dans le garage.,Stegen är i garaget.,,DUBBEL: stege OCH skala – à grande échelle = i stor skala. Kartans skala klättrar man inte på
1508,marteau,substantiv,m,hammare,"Un marteau, des clous, un projet.","En hammare, spikar, ett projekt.",clou (m) = spik,être marteau = vara knäpp (vard.)! le marteau-piqueur = tryckluftsborr – piquer känner du igen
1509,os,substantiv,m,ben (skelett),Le chien cache un os.,Hunden gömmer ett ben.,,UTTALSFÄLLA: un os [ɔss] men des os [o] – s:et försvinner i plural! tomber sur un os = stöta på patrull
1510,circulation,substantiv,f,trafik; cirkulation,La circulation à Paris ? Non merci.,Trafiken i Paris? Nej tack.,,GRATIS-ish: både biltrafik och blodomlopp. Bonne circulation ! önskar man ingen i Parisrusningen
1511,piéton,substantiv,m,fotgängare,Attention aux piétons !,Se upp för fotgängare!,,pied har du redan → piéton! une rue piétonne = en gågata
1512,joie,substantiv,f,glädje,Quelle joie !,Vilken glädje!,,joyeux = glad → Joyeux Noël ! Nu ser du logiken bakom julhälsningen
1513,larme,substantiv,f,tår,"Des larmes ? Non, de la joie.","Tårar? Nej, glädje.",,fondre en larmes = brista i gråt ('smälta i tårar' – fondre fick du nyss). larmes de crocodile = krokodiltårar
1514,preuve,substantiv,f,bevis,La preuve ? Mille mots.,Beviset? Tusen ord.,prouver = att bevisa,Jfr eng. proof. faire preuve de patience = visa prov på tålamod
1515,défaut,substantiv,m,"fel, brist, svaghet",Mon défaut ? Trop curieux.,Min svaghet? För nyfiken.,,qualité ↔ défaut – nu har du båda. à défaut de = i brist på. Jfr eng. default!
1516,espace,substantiv,m,utrymme; rymd,Il faut de l'espace pour jouer.,Man behöver utrymme för att leka.,,"TRIPPEL: utrymme, rymden (l'espace !) och mellanslagstangenten. Ett ord, tre världar"
1517,matière,substantiv,f,ämne; material,Ma matière préférée ? Les maths.,Mitt favoritämne? Matte.,,DUBBEL: skolämne och material. en matière de = när det gäller. Jfr eng. matter
1518,délai,substantiv,m,"tidsfrist, deadline",Le délai : vendredi.,Deadline: fredag.,,"FALSK VÄN! délai = tidsfrist, INTE försening (= retard, som du har). dans les délais = i tid"
1519,reçu,substantiv,m,kvitto,Gardez le reçu !,Spara kvittot!,,recevoir → reçu = 'mottaget'. Bokföringens viktigaste papper – på alla språk
1520,surprise,substantiv,f,överraskning,J'adore les surprises. Les bonnes.,Jag älskar överraskningar. De bra.,,Adjektivet surpris/surprise har du redan – här är substantivet. par surprise = oväntat
1521,génie,substantiv,m,geni; ande,"Un génie, ce bébé.","Ett geni, den här bebisen.",,"TRE betydelser: geni, flaskande (le génie de la lampe!) och ingenjörskonst (génie civil). Jfr eng. genius/genie"
1522,capitale,substantiv,f,huvudstad,Capitale de la France ? Trop facile.,Frankrikes huvudstad? För lätt.,,"LA capitale = huvudstad, LE capital = kapitalet. Också versal: en capitales = MED STORA BOKSTÄVER"
1523,frontière,substantiv,f,gräns,La Suède et la Norvège partagent une frontière.,Sverige och Norge delar en gräns.,,Jfr eng. frontier. sans frontières = utan gränser
1524,drapeau,substantiv,m,flagga,"196 pays, 196 drapeaux.","196 länder, 196 flaggor.",,drap = lakan/tyg → drapeau = 'lilla tyget'! Vissa kan alla 196. Bara sägandes
1525,roi / reine,substantiv,m/f,kung / drottning,Le roi et la reine de Suède.,Sveriges kung och drottning.,,"UTTAL: roi [ʁwa]. Schack: le roi, la reine. la galette des rois = kungakakan (6 januari-tradition!)"
1526,élan,substantiv,m,"älg; sats, fart","L'élan, roi de la forêt suédoise.","Älgen, den svenska skogens kung.",,"DUBBEL: älg OCH sats/skjuts! prendre son élan = ta sats. avec élan = med entusiasm. Sveriges djur, Frankrikes ord"
1527,écureuil,substantiv,m,ekorre,L'écureuil ? Impossible à prononcer.,Ekorren? Omöjlig att uttala.,,"[ekyʁœj] – franskans hämnd för att squirrel är lika svårt åt andra hållet. Öva högt, skratta, försök igen"
1528,papillon,substantiv,m,fjäril,"Un papillon ! Regarde, Kalle !","En fjäril! Titta, Kalle!",,papillon de nuit = nattfjäril. brasse papillon = fjärilsim. nœud papillon = fluga (den man har på sig)!
1529,tradition,substantiv,f,tradition,Une tradition suédoise : le fika.,En svensk tradition: fikat.,,GRATIS! Fransmännen har ingen riktig fika – la pause café är det närmaste. Sverige vinner den ronden
1530,canicule,substantiv,f,värmebölja,La canicule arrive. Vive la Suède !,Värmeböljan kommer. Leve Sverige!,la clim = AC (climatisation),canis = hund! Hundstjärnan Sirius syns i juli–augusti → 'hunddagarna' = värmebölja. Etymologi-guld
1531,racine,substantiv,f,rot,Chaque mot a ses racines.,Varje ord har sina rötter.,,"Trädens, ordens och matematikens: racine carrée = kvadratrot! carré fick du nyss"
1532,humeur,substantiv,f,humör,Kalle est de bonne humeur. Nous aussi.,Kalle är på gott humör. Vi också.,,"VARNING: humeur = humör, humour = humor! En bokstav skiljer – du har humour sedan tidigare"
1533,horreur,substantiv,f,"fasa, skräck",Quelle horreur !,Så hemskt!,,horrible har du redan → substantivet. J'ai horreur de ça = jag avskyr det. un film d'horreur = en skräckfilm
1534,chômage,substantiv,m,arbetslöshet,Le chômage diminue. Bonne nouvelle.,Arbetslösheten minskar. Goda nyheter.,,au chômage = arbetslös. Etymologi: latin caumare = 'vila i middagshettan' → inte jobba. Sant!
1535,renard,substantiv,m,räv,Le renard traverse la route.,Räven går över vägen.,,rusé comme un renard = listig som en räv. Ordet kommer från en saga: räven Renart var så populär att han bytte namn på hela arten!
1536,requin,substantiv,m,haj,Pas de requins en Suède. Presque.,Inga hajar i Sverige. Nästan.,,Filmhajen heter Les Dents de la mer ('Havets tänder') på franska. Också bildligt: un requin de la finance = en finanshaj
1537,condition,substantiv,f,villkor; skick,À une condition !,På ett villkor!,,GRATIS! à condition que = förutsatt att. en bonne condition = i gott skick
1538,respect,substantiv,m,respekt,"Le respect, ça s'apprend.",Respekt är något man lär sig.,,"GRATIS – men UTTAL: [ʁɛspɛ], ct:et är tyst! respecter = respektera"
1539,avantage,substantiv,m,fördel,Avantage : c'est gratuit.,Fördel: det är gratis.,,"Jfr eng. advantage. Motsatsen: un inconvénient = en nackdel. Tennis: Avantage, Suède !"
1540,sentiment,substantiv,m,känsla,Un sentiment étrange... et beau.,En märklig känsla... och vacker.,,sentir har du redan → sentiment. J'ai le sentiment que... = jag har en känsla av att...
1541,rarement,adverb,,sällan,Je me trompe rarement. Rarement.,Jag har sällan fel. Sällan.,,rare → rarement. souvent ↔ rarement – nu har du båda
1542,complètement,adverb,,"helt, fullständigt",Complètement d'accord !,Helt överens!,,complet har du redan → adverbet. Vardagsförstärkare: complètement fou = helt galet
1543,apparemment,adverb,,tydligen,"Apparemment, il va pleuvoir.",Tydligen ska det regna.,,"UTTALSREGEL: -emment och -amment uttalas BÅDA [amɑ̃]! apparemment, évidemment, vraiment... nej, vraiment är -ment [mɑ̃]"
1544,désormais,adverb,,"hädanefter, numera","Désormais, on parle français le samedi.",Hädanefter pratar vi franska på lördagar.,,dès + or + mais = 'från denna stund'. Elegantare än à partir de maintenant
1545,autrefois,adverb,,förr i tiden,"Autrefois, pas de wifi. L'horreur.",Förr i tiden: inget wifi. Fasansfullt.,,autre + fois = 'en annan gång' = förr. Motsats: de nos jours = nuförtiden
1546,de plus en plus,uttryck,,"mer och mer, allt mer",Kalle grandit de plus en plus vite !,Kalle växer allt snabbare!,,Motsatsen: de moins en moins = allt mindre. Franskans favoritkonstruktion för förändring
1547,en plus,uttryck,,dessutom,"En plus, c'est bon pour le cerveau.",Dessutom är det bra för hjärnan.,,en plus de = utöver. Et en plus ! = och dessutom! (indignerat)
1548,de toute façon,uttryck,,"i alla fall, hur som helst","De toute façon, on a le temps.",Vi har tid i vilket fall som helst.,,façon har du redan. Samtalets universalverktyg när man vill gå vidare
1549,par contre,uttryck,,däremot,"Par contre, pas ce soir.",Däremot inte ikväll.,,"Vardagligt. Finare synonym: en revanche. Språkpoliser bråkar om par contre – använd det ändå, alla gör det"
1550,en même temps,uttryck,,samtidigt,En même temps... il a raison.,Samtidigt... han har ju rätt.,,Också 'å andra sidan' mitt i ett resonemang. à la fois = på en gång: deux choses à la fois
1551,d'habitude,uttryck,,vanligtvis,"D'habitude, je dors. Avant.",Vanligtvis sover jag. Förr.,,habitude har du redan. comme d'habitude = som vanligt – sången bakom My Way heter faktiskt så!
1552,en gros,uttryck,,"i stora drag, typ","En gros, ça marche.",I stora drag funkar det.,,gros har du redan. Motsats: en détail. Också bokstavligt: acheter en gros = köpa i parti
1553,nulle part,uttryck,,ingenstans,Mes clés ? Nulle part.,Mina nycklar? Ingenstans.,,quelque part (någonstans) och partout (överallt) har du – nu är trion komplett
1554,dessus / dessous,adverb,,ovanpå / under,Le chat dort dessus. Ou dessous.,Katten sover ovanpå. Eller under.,,"au-dessus de = ovanför, en dessous de = nedanför. sens dessus dessous = upp och ner = totalt kaos!"
1555,en face,uttryck,,mittemot,La boulangerie est en face.,Bageriet ligger mittemot.,,en face de = mittemot. la face = ansiktet/sidan – pile ou face minns du!
1556,à travers,uttryck,,"genom, tvärs igenom",La lumière passe à travers le rideau.,Ljuset silar genom gardinen.,,de travers = snett/på fel sätt: tout va de travers = allt går snett!
1557,ainsi,adverb,,"så, på så sätt",Ainsi va la vie.,Sådant är livet.,,ainsi que = liksom. et ainsi de suite = och så vidare. Lite finare stilnivå
1558,c'est-à-dire,uttryck,,det vill säga,"Bientôt, c'est-à-dire dans cinq minutes.","Snart, det vill säga om fem minuter.",,Ordagrant 'det är att säga'. Förkortas c-à-d. Franskans dvs.
1559,comme si,uttryck,,som om,Comme si c'était facile !,Som om det vore lätt!,,Sarkasmens grundkonstruktion. comme si de rien n'était = som om ingenting hade hänt
1560,ne ... plus,grammatik,,inte längre,Kalle ne pleure plus. Victoire !,Kalle gråter inte längre. Seger!,,"UTTALSGULD: plus i ne...plus = [ply], TYST s! Je n'en veux plus [ply] = jag vill inte ha mer. Hörbart s ändrar betydelsen till 'mer'!"
1561,ne ... que,grammatik,,"bara, endast",Je ne bois que du café.,Jag dricker bara kaffe.,,Smidigare än seulement i talspråk. Il n'y a que toi = det finns bara du
1562,pas du tout,uttryck,,inte alls,Fatigué ? Pas du tout. (Si.),Trött? Inte alls. (Jo.),,GULD: si = JO – svaret på en negativ fråga! Tu ne dors pas ? Si ! Franskan har ordet svenskan skryter om
1563,lorsque,konjunktion,,"när, då","Lorsque Kalle dort, tout est calme.",När Kalle sover är allt lugnt.,,"= quand, men snäppet finare/skriftligare. Bra att känna igen i text"
1564,cependant,adverb,,"emellertid, dock","Cependant, il y a un problème.",Det finns dock ett problem.,,"ce + pendant = 'under tiden' från början. = pourtant, men kostymklätt"
1565,notamment,adverb,,"i synnerhet, bland annat","J'aime les langues, notamment le français.","Jag gillar språk, i synnerhet franska.",,Journalistfranskans favoritadverb. noter → notamment = 'värt att notera'
1566,sûrement,adverb,,"säkert, antagligen",Il dort ? Sûrement.,Sover han? Antagligen.,,LÖMSK: betyder ofta 'antagligen' snarare än 'garanterat'! sûrement pas = knappast/aldrig i livet
1567,n'est-ce pas,uttryck,,"eller hur, inte sant","C'est beau, n'est-ce pas ?","Det är vackert, eller hur?",,Universaltaggen på slutet. Vardagligare motsvarighet: hein ? (som du har). Klassisk fransklärarfras
1568,volontiers,adverb,,gärna,Un café ? Volontiers !,En kaffe? Gärna!,,ÄNTLIGEN – franskans 'gärna'! Ordagrant 'villigt'. avec plaisir funkar också. Artighetsguld
1569,ça marche,uttryck,,"det funkar, OK",On se voit demain ? Ça marche !,Ses vi imorgon? Det blir bra!,,marcher = gå OCH funka → 'det funkar' = överenskommet! Synonym: Ça roule ! ('det rullar')
1570,tiens !,uttryck,,oj! se där! här!,Tiens ! Un arc-en-ciel !,Titta! En regnbåge!,,"TRIPPEL: förvåning (tiens !), räcka över något (tiens = varsågod) och misstänksamt: tiens, tiens... = jaså, jaså..."
1571,vas-y,uttryck,,kör! sätt igång! kom igen!,"Vas-y, tu peux le faire !","Kör, du klarar det!",,aller + y. Till flera: Allez-y ! Tillsammans: On y va ! = nu kör vi!
1572,laisse tomber,uttryck,,"glöm det, strunta i det","Laisse tomber, c'est pas grave.","Glöm det, det gör inget.",,Ordagrant 'låt falla'. OBS talspråk: c'est pas grave utan ne – så låter riktig vardagsfranska
1573,ça vaut le coup,uttryck,,det är värt det,Apprendre le français ? Ça vaut le coup !,Lära sig franska? Det är värt det!,,valoir och coup har du redan. Kusinen: il vaut mieux + verb = det är bättre att (il vaut mieux dormir)
1574,tant mieux,uttryck,,"desto bättre, vad bra",Il dort ? Tant mieux !,Sover han? Vad bra!,,tant pis (synd!) har du redan – nu har du båda. Livets två svar på det mesta
1575,pas mal,uttryck,,"inte illa, riktigt bra","Pas mal, ce vin !","Inte illa, det här vinet!",,Fransk underdrift: pas mal = faktiskt riktigt bra! Och: pas mal de = ganska mycket (pas mal de travail)
1576,quoi de neuf ?,uttryck,,vad nytt? läget?,Quoi de neuf ? Rien. Parfait.,Vad nytt? Inget. Perfekt.,,"neuf fick du nyss. Quoi de neuf, docteur ? = franska titeln på Snurre Sprätts klassiker!"
1577,dis donc,uttryck,,du! oj du! hör du!,"Dis donc, il grandit vite !","Du, vad snabbt han växer!",,Uppmärksamhetsmarkör före något förvånande. Ba dis donc ! = oj då! Ordagrant 'säg alltså'
1578,j'en peux plus,uttryck,,jag orkar inte mer,"Je n'en peux plus... Si, encore un peu.","Jag orkar inte mer... Jo, lite till.",,UTTAL: [ply]! Föräldraskapets nationalsång. Talspråk droppar ne: J'en peux plus !
1579,faire la grasse matinée,uttryck,,"att sova ut, ha sovmorgon",La grasse matinée ? Un souvenir.,Sovmorgon? Ett minne.,gras / grasse = fet,Ordagrant 'göra den feta morgonen'. Franskans mysigaste uttryck – och nyblivna föräldrars sorgligaste
1580,faire plaisir,uttryck,,att glädja,Ça me fait plaisir !,Det gläder mig!,,plaisir har du redan. Fais-toi plaisir ! = unna dig!
1581,faire de son mieux,uttryck,,att göra sitt bästa,Je fais de mon mieux !,Jag gör mitt bästa!,,"Böjs efter person: de mon mieux, de ton mieux, de son mieux"
1582,rendre visite (à),uttryck,,att hälsa på (någon),On rend visite à Papi et Mamie.,Vi hälsar på farmor och farfar.,,"NYANS-GULD: visiter = besöka PLATSER, rendre visite à = besöka PERSONER. On visite Paris, on rend visite à Mamie!"
1583,avoir du mal à,uttryck,,att ha svårt att,J'ai du mal à me lever.,Jag har svårt att gå upp.,,"SKILJ: avoir mal = ha ont (som du har), avoir du mal À = ha svårt att. Ett litet du ändrar allt!"
1584,avoir tort,uttryck,,att ha fel,"J'ai tort ? Impossible. ... Bon, d'accord.",Har jag fel? Omöjligt. ... Okej då.,,avoir raison (ha rätt) har du redan – nu är paret komplett. Donner tort à = ge någon fel
1585,avoir le droit (de),uttryck,,"att ha rätt att, få",J'ai le droit de me reposer ? Oui !,Får jag vila? Ja!,,droit har du redan. On n'a pas le droit = det är inte tillåtet. Barnens andra juridiska argument: J'ai le droit !
1586,à plus !,uttryck,,vi ses! hörs!,Je dois y aller. À plus !,Jag måste dra. Vi ses!,,"Kort för à plus tard. UTTAL: [a plys] – här HÖRS s:et, tvärtemot regeln! I sms: A+"
1587,être en forme,uttryck,,"att vara i form, pigg",Je suis en forme ! (Mensonge.),Jag är i form! (Lögn.),,forme har du redan. en pleine forme = i toppform. La forme ? = hur är läget/orken?
1588,faire un tour,uttryck,,"att ta en sväng, en runda",On fait un tour au parc ?,Ska vi ta en sväng till parken?,,tour har du redan. faire le tour de = gå runt något – le Tour de France = rundan runt Frankrike!
1589,jeter un coup d'œil,uttryck,,att ta en titt,Je jette un coup d'œil.,Jag tar en titt.,,"'Kasta ett ögonkast'. GULD-grammatik: un œil = ETT öga, men flera = des yeux! Franskans konstigaste plural"
1590,coup de main,uttryck,,hjälpande hand,Tu me donnes un coup de main ?,Kan du hjälpa mig?,,Ordagrant 'ett handslag'. donner un coup de main = rycka in och hjälpa till
1591,coup de fil,uttryck,,telefonsamtal,Je passe un coup de fil.,Jag ringer ett samtal.,,"fil (tråd) har du redan → 'en trådstöt' = ett samtal, från telefontrådarnas tid. passer un coup de fil = slå en signal"
1592,tant que,uttryck,,så länge (som),"Tant que Kalle dort, on est libres.",Så länge Kalle sover är vi fria.,,"tant pis, tant mieux, tant que – tant-familjen komplett. Tant que ça ?! = SÅ mycket?!"
1593,paysage,substantiv,m,landskap,Le drone filme le paysage.,Drönaren filmar landskapet.,,pays har du redan → paysage. Jfr eng. landscape via franskans -age. un paysage de rêve = ett drömlandskap
1594,coucher de soleil,substantiv,m,solnedgång,Un coucher de soleil parfait pour filmer.,En perfekt solnedgång att filma.,,Solen 'lägger sig' – precis som Kalle! le lever de soleil = soluppgång. Golden hour = l'heure dorée
1595,réalisateur,substantiv,m,regissör,"Réalisateur, acteur, monteur : moi.","Regissör, skådespelare, klippare: jag.",monteur (m) = klippare,FALSK VÄN: réaliser = förverkliga/inse – men réaliser un film = regissera! réalisatrice (f)
1596,scénario,substantiv,m,manus,Le scénario est prêt !,Manuset är klart!,,GRATIS! un/une scénariste = manusförfattare. le scénario catastrophe = värsta scenariot
1597,épisode,substantiv,m,avsnitt,Nouvel épisode demain !,Nytt avsnitt imorgon!,,"GRATIS! Grammatikbonus: nouvel = nouveau före vokal (un nouvel épisode, un nouvel ami)"
1598,micro,substantiv,m,mikrofon,Le micro est allumé. Attention !,Mikrofonen är på. Se upp!,,Kort för microphone. le micro-ondes = mikrovågsugnen. tendre le micro = räcka fram micken (intervju)
1599,chef-d'œuvre,substantiv,m,mästerverk,Mille six cents mots : un chef-d'œuvre en cours.,Sextonhundra ord: ett mästerverk under arbete.,œuvre (f) = verk,UTTAL: [ʃɛdœvʁ] – f:et är tyst! chef = huvud → 'verkets huvud'. Plural: des chefs-d'œuvre
1600,à suivre,uttryck,,fortsättning följer,À suivre...,Fortsättning följer...,,suivre har du redan. Följetongernas magiska ord. Nästa avsnitt: orden 1601–1900
1601,bateau,substantiv,m,båt,Un bateau sur le lac.,En båt på sjön.,,Hur klarade vi oss utan? bateau-mouche = turistbåt i Paris ('flugbåt'!). mener en bateau = lura någon
1602,baguette,substantiv,f,baguette; pinne; trollstav,"Une baguette, s'il vous plaît.","En baguette, tack.",,"TRIPPEL: brödet, trollstaven (baguette magique!) och ätpinnar (baguettes chinoises). Frankrikes viktigaste ord"
1603,chaise,substantiv,f,stol,Une chaise haute pour Kalle !,En barnstol till Kalle!,,chaise haute = barnstol ('hög stol'). chaise longue = solstol – ordagrant 'lång stol'!
1604,village,substantiv,m,by,Un petit village français.,En liten fransk by.,,GRATIS-ish! le plus beau village de France – officiell tävling som byar vinner. Sant
1605,lettre,substantiv,f,brev; bokstav,Une lettre ? Pour moi ?,Ett brev? Till mig?,,DUBBEL: brev OCH bokstav. à la lettre = bokstavligen. les lettres = humaniora!
1606,euro,substantiv,m,euro,Ça coûte dix euros.,Det kostar tio euro.,centime (m) = cent,"Böjs: un euro, dix euros (med s!). Vardagligt: balle – dix balles = tio spänn"
1607,kilo,substantiv,m,kilo,"Deux kilos de pommes, s'il vous plaît.","Två kilo äpplen, tack.",gramme (m) = gram,Kort för kilogramme. Marknadens viktigaste ord. un demi-kilo = ett halvt kilo
1608,litre,substantiv,m,liter,Un litre de lait.,En liter mjölk.,,GRATIS! Frankrike gav världen metersystemet – tacka revolutionen
1609,mètre,substantiv,m,meter,Cent mètres. Facile.,Hundra meter. Enkelt.,,"kilomètre, centimètre – hela familjen. OBS: métro har du redan – kort för chemin de fer métropolitain!"
1610,hauteur,substantiv,f,höjd,Trois mètres de hauteur.,Tre meter högt.,,"haut → hauteur. Mönstret: -eur gör mått: largeur (bredd), longueur (längd), profondeur (djup)"
1611,seconde,substantiv,f,sekund,Une seconde !,Ett ögonblick!,,DUBBEL: sekund och 'andra' (seconde classe). Attends une seconde ! = vänta lite!
1612,point,substantiv,m,punkt; poäng,"Un point, c'est tout !",Punkt slut!,,"Punkt, poäng och prick. point faible = svag punkt. à point = lagom (om kött: medium!)"
1613,virgule,substantiv,f,komma,Trois virgule un quatre un cinq neuf...,Tre komma ett fyra ett fem nio...,,Franskan använder decimalKOMMA som svenskan! point-virgule = semikolon. Vissa kan fortsätta den där sifferföljden ett tag
1614,ligne,substantiv,f,"linje, rad",La ligne est occupée.,Linjen är upptagen.,,en ligne = online! ligne droite = raksträcka. garder la ligne = hålla linjen (figuren)
1615,photo,substantiv,f,foto,Une photo de famille.,Ett familjefoto.,,OBS genus: LA photo (kort för photographie). prendre une photo = ta ett kort. photo de classe = skolfoto
1616,message,substantiv,m,meddelande,Tu as un message !,Du har ett meddelande!,,GRATIS! laisser un message = lämna ett meddelande. Le message est passé ! = budskapet gick fram!
1617,appel,substantiv,m,samtal; upprop,Un appel manqué. Encore.,Ett missat samtal. Igen.,,appeler har du redan → un appel. faire l'appel = ropa upp namnen (skolan). un appel à l'aide = ett rop på hjälp
1618,adresse,substantiv,f,adress; skicklighet,C'est la bonne adresse ?,Är det rätt adress?,,"DUBBEL: adress OCH skicklighet/fingerfärdighet! un tour d'adresse = ett skicklighetstrick. Bara ett d, till skillnad från engelskan"
1619,texte,substantiv,m,text,J'écris un texte.,Jag skriver en text.,texto (m) = sms,GRATIS! un texto = ett sms – Envoie-moi un texto ! Franskans smidigaste förkortning
1620,son (ljud),substantiv,m,ljud,Le son et l'image.,Ljud och bild.,,"Inte att förväxla med son/sa/ses (hans/hennes)! Klipparens två världar: le son, l'image. le son de sa voix = ljudet av hens röst"
1621,ton (tonläge),substantiv,m,"ton, tonläge",Ne me parle pas sur ce ton !,Prata inte med mig i den tonen!,,Inte ton/ta/tes (din)! Musikens och humörets ton. sur un ton calme = i lugn ton
1622,nature,substantiv,f,natur,"La nature suédoise, c'est ma télé.",Den svenska naturen är min TV.,,GRATIS! nature morte = stilleben ('död natur'). un yaourt nature = en naturell yoghurt
1623,car,konjunktion,,"för, ty; buss","Je dors, car Kalle dort.","Jag sover, för Kalle sover.",,DUBBEL: finare 'parce que' OCH un car = turistbuss/skolbuss! en car = med buss
1624,de rien,uttryck,,"varsågod, ingen orsak",Merci ! De rien !,Tack! Ingen orsak!,,Ordagrant 'av ingenting'. Finare: je vous en prie (som du har). Il n'y a pas de quoi = ingen orsak alls
1625,ouais,interjektion,,"ja, jo (vard.)","Ouais, ouais, je sais.","Ja, ja, jag vet.",,"Talspråkets oui – som svenskans 'a'/'jaa'. mouais = tjaa... (tveksamt). Skriv oui, säg ouais"
1626,déposer,verb,,"att lämna (av), sätta ner",Je dépose Kalle à la crèche.,Jag lämnar Kalle på förskolan.,,dé + poser. Föräldralogistikens verb nummer ett. déposer de l'argent = sätta in pengar
1627,récupérer,verb,,att hämta (upp); återhämta,Je récupère Kalle à seize heures.,Jag hämtar Kalle klockan fyra.,,Logistikens verb nummer två! Också: récupérer après une nuit difficile = återhämta sig
1628,surveiller,verb,,"att hålla koll på, övervaka",Je surveille le four.,Jag håller koll på ugnen.,,sur + veiller = 'vaka över'. surveille ton langage ! = vårda ditt språk!
1629,terminer,verb,,att avsluta,Je termine et j'arrive !,Jag avslutar och kommer!,,"= finir, snäppet formellare. Terminé ! = klart! le terminus = ändstationen"
1630,reprendre,verb,,att återuppta; ta mer,On reprend demain.,Vi fortsätter imorgon.,,re + prendre. Tu reprends du gâteau ? = tar du mer tårta? reprendre des forces = samla krafter
1631,remettre,verb,,att sätta tillbaka; skjuta upp,Je remets ça à demain.,Jag skjuter upp det till imorgon.,,re + mettre. Ne remets pas à demain... = skjut inte upp till imorgon... (ordspråket slutar: det du kan göra idag)
1632,déchirer,verb,,att riva sönder,Kalle déchire le journal.,Kalle river sönder tidningen.,,Vardagsslang-bonus: Ça déchire ! = det är grymt! Bebisar håller med
1633,découper,verb,,"att klippa ut, skära upp",On découpe des papillons en papier.,Vi klipper ut pappersfjärilar.,,dé + couper = klippa UT/skära upp i bitar. Pysslets verb
1634,copier,verb,,att kopiera,"Je copie, je colle.","Jag kopierar, jag klistrar in.",,copier-coller = copy-paste! Skolklassikern: copier sur son voisin = fuska av grannen
1635,joindre,verb,,"att nå, få tag på; bifoga",Je n'arrive pas à le joindre.,Jag får inte tag på honom.,,une pièce jointe = en bilaga (mejl!). rejoindre (ansluta sig) har du redan – samma familj
1636,échapper,verb,,"att undkomma, slippa undan",Le nom m'échappe. Impossible !,Namnet har fallit mig ur minnet. Omöjligt!,,Ça m'échappe = det går mig förbi. l'échapper belle = klara sig med blotta förskräckelsen
1637,saisir,verb,,att gripa; fatta,Je saisis l'occasion !,Jag tar chansen!,,Tu saisis ? = fattar du? Också mata in: saisir un mot de passe = skriva in ett lösenord
1638,soutenir,verb,,att stötta,Je te soutiens !,Jag stöttar dig!,,HÄR är ordet engelskans support lurar dig att missa – supporter betyder ju 'stå ut med'! sous + tenir = 'hålla under'
1639,lutter,verb,,att kämpa,On lutte contre le sommeil.,Vi kämpar mot sömnen.,,la lutte = kampen OCH brottning! la lutte contre... = kampen mot...
1640,céder,verb,,"att ge efter, ge vika",Je ne cède pas. ... Je cède.,Jag ger inte efter. ... Jag ger efter.,,Förhandling med bebis: kort process. cédez le passage = lämna företräde (skylten!)
1641,insister,verb,,"att insistera, envisas",N'insiste pas !,Tjata inte!,,GRATIS! J'insiste ! = jag insisterar! (t.ex. när man bjuder på notan)
1642,résister,verb,,att stå emot,Impossible de résister au chocolat.,Omöjligt att motstå choklad.,,"GRATIS! résister à la tentation – tenter fick du nyss, frestelsen är komplett"
1643,ralentir,verb,,att sakta ner,Ralentis ! On n'est pas pressés.,Sakta ner! Vi har ingen brådska.,,lent (långsam) har du redan → ra-LENT-ir. Motorväg och livsstil: samma uppmaning
1644,se perdre,verb,,att gå vilse,On s'est perdus. Encore.,Vi gick vilse. Igen.,,perdre har du redan. Je me suis perdu = jag har gått vilse – GPS-erans mest onödiga mening. Nästan
1645,se balader,verb,,"att strosa, gå en sväng",On se balade en ville.,Vi strosar runt i stan.,,Vardagligare än se promener. une balade = en promenad/tur. Inte ballad – det är une ballade med två l!
1646,gêner,verb,,"att störa, genera",Ça te gêne si j'ouvre la fenêtre ?,Stör det dig om jag öppnar fönstret?,,gêné (generad) har du redan → verbet. Artighetsfrasen: Ça vous gêne si... ?
1647,consoler,verb,,att trösta,Je console Kalle. Et il me console.,Jag tröstar Kalle. Och han tröstar mig.,,"GRATIS-ish! Jfr eng. console. Fungerar åt båda hållen, visar forskningen (min, igen)"
1648,veiller,verb,,att vaka,Je veille sur toi.,Jag vakar över dig.,,veille (kvällen före) har du redan – samma rot: vara vaken. veiller tard = vara uppe sent
1649,bâiller,verb,,att gäspa,Kalle bâille. Moi aussi. Toi aussi ?,Kalle gäspar. Jag också. Du också?,,Vetenskapligt bevisat smittsamt – till och med i text. bâiller aux corneilles = gapa mot kråkorna = dagdrömma
1650,ronfler,verb,,att snarka,Qui ronfle ? Pas moi.,Vem snarkar? Inte jag.,,Ljudhärmande – hör du rrron-ljudet? Universellt förnekat verb
1651,accueillir,verb,,"att välkomna, ta emot",On accueille les invités.,Vi tar emot gästerna.,,Ser du cueillir (plocka) därinne? Man 'plockar upp' sina gäster! l'accueil = receptionen/mottagandet
1652,se demander,verb,,att undra,Je me demande pourquoi.,Jag undrar varför.,,demander har du redan → 'fråga sig själv' = undra. Je me demande bien ! = det kan man verkligen undra!
1653,se douter (de),verb,,"att ana, misstänka",Je m'en doutais !,Jag anade det!,,"LÖMSK NYANS: douter = tvivla, men SE douter = ana – nästan motsatser! Je m'en doutais = jag visste väl det"
1654,parier,verb,,att slå vad,Je parie que Kalle sourit.,Jag slår vad om att Kalle ler.,,Je parie que... = jag slår vad om att... un pari = ett vad. Pari gagné ! = vunnet vad!
1655,tricher,verb,,att fuska,Tu triches !,Du fuskar!,,un tricheur = en fuskare. Spelkvällens viktigaste anklagelse. Jfr eng. trick
1656,juger,verb,,"att döma, bedöma",Ne juge pas !,Döm inte!,,un juge = en domare. à en juger par... = att döma av... Jfr eng. judge
1657,pardonner,verb,,att förlåta,Pardonne-moi !,Förlåt mig!,,"pardon har du redan → verbet. Pardonner, c'est oublier ? Nej – och det vet minnesmästare bättre än de flesta"
1658,ignorer,verb,,att inte veta; ignorera,J'ignore pourquoi.,Jag vet inte varför.,,"HALVFALSK VÄN: betyder oftast 'inte veta', inte bara strunta i! J'ignore son nom = jag vet inte vad hen heter"
1659,confondre,verb,,"att blanda ihop, förväxla",Je confonds humeur et humour. Jamais !,Jag blandar ihop humeur och humour. Aldrig!,,"Ordparen från förra avsnittet sitter, eller hur? confondre A avec B = förväxla A med B"
1660,séparer,verb,,"att skilja, separera",On sépare le blanc du jaune.,Vi skiljer vitan från gulan.,,GRATIS! Kökets kemi. se séparer = separera/gå skilda vägar
1661,résoudre,verb,,att lösa,Je résous le problème. Calmement.,Jag löser problemet. Lugnt.,,Jfr eng. resolve. résoudre une énigme = lösa en gåta. la solution har du redan – nu har du vägen dit
1662,multiplier,verb,,att multiplicera,Sept fois huit ? Trop facile.,Sju gånger åtta? För lätt.,,GRATIS! fois = gånger (som du har). la multiplication = multiplikationen. Vissa har byggt hela sajter om saken
1663,diviser,verb,,"att dela, dividera",On divise par deux.,Vi delar med två.,,GRATIS! diviser pour régner = söndra och härska. la division = divisionen
1664,échanger,verb,,"att byta, utbyta",On échange ?,Ska vi byta?,,é + changer. échanger des idées = utbyta idéer. un échange = ett utbyte
1665,convenir,verb,,att passa; komma överens,Ça te convient ?,Passar det dig?,,Artighetsguld för att boka tid: Ça vous convient ? Jfr eng. convenient. Comme convenu = som överenskommet
1666,se détendre,verb,,att slappna av,Détends-toi ! Tout va bien.,Slappna av! Allt är bra.,,dé + tendre = 'spänna av'. détendu = avslappnad. Zen på franska: rester zen !
1667,appartenir (à),verb,,att tillhöra,Ce livre appartient à la bibliothèque.,Den här boken tillhör biblioteket.,,"tenir-familjens sista medlem: tenir, retenir, soutenir, appartenir. Jfr eng. appertain"
1668,vaincre,verb,,att besegra,On a vaincu le sommeil. Presque.,Vi besegrade sömnen. Nästan.,,convaincre (övertyga) har du redan = 'besegra med argument'! le vainqueur = segraren
1669,baisser,verb,,att sänka,"Baisse le son, Kalle dort !","Sänk ljudet, Kalle sover!",,bas (låg) har du redan → baisser. baisser les bras = ge upp ('sänka armarna'). Motsats: monter/augmenter
1670,interrompre,verb,,att avbryta,"Ne m'interromps pas ! Pardon, tu disais ?","Avbryt mig inte! Förlåt, vad sa du?",,inter + rompre (bryta) = bryta mitt i. Jfr eng. interrupt. une interruption = ett avbrott
1671,exiger,verb,,att kräva,"J'exige des explications ! (Non, pas vraiment.)","Jag kräver en förklaring! (Nej, inte egentligen.)",explication (f) = förklaring (GRATIS),"Jfr eng. exigent. exigeant = krävande. Bebisar exiger, vuxna demander"
1672,nier,verb,,att förneka,Je nie tout.,Jag förnekar allt.,,Jfr eng. deny. nier l'évidence = förneka det uppenbara. Katters standardstrategi
1673,prier,verb,,"att be, bönfalla",Je te prie de m'écouter.,Jag ber dig lyssna på mig.,,je vous en prie (varsågod) har du redan – ordagrant 'jag ber er om det'! une prière = en bön
1674,flâner,verb,,"att flanera, strosa planlöst",On flâne le long de la Seine.,Vi flanerar längs Seine.,,Svenskan LÅNADE ordet! le flâneur – parisisk livskonst: att gå utan mål. Baudelaire skrev om det
1675,s'attendre (à),verb,,"att vänta sig, förvänta sig",Je ne m'attendais pas à ça !,Det hade jag inte väntat mig!,,"attendre = vänta, S'attendre à = FÖRvänta sig. Litet se, stor skillnad"
1676,soulever,verb,,att lyfta (upp),Je soulève le canapé. Presque.,Jag lyfter soffan. Nästan.,,sous + lever = lyfta underifrån. soulever une question = väcka en fråga
1677,déclarer,verb,,"att deklarera, förklara",Rien à déclarer !,Inget att förtulla!,,GRATIS! Tullens fras. déclarer sa flamme = förklara sin kärlek ('deklarera sin låga')
1678,secouer,verb,,att skaka,Secoue bien la bouteille !,Skaka flaskan ordentligt!,,"Jfr eng. shake (avlägset släkt via 'succussion'... nej, men lätt att minnas ändå). Secoue-toi ! = ryck upp dig!"
1679,remuer,verb,,att röra (om),Remue la sauce !,Rör om i såsen!,sauce (f) = sås (kommer strax som egen rad),Kökets rörelse. remuer ciel et terre = röra upp himmel och jord!
1680,mâcher,verb,,att tugga,Kalle apprend à mâcher.,Kalle lär sig tugga.,,mâcher ses mots = 'tugga sina ord' – ne pas mâcher ses mots = säga precis vad man tycker!
1681,lécher,verb,,att slicka,Le chat se lèche.,Katten slickar sig.,,GULD-idiom: faire du lèche-vitrine = fönstershoppa – ordagrant 'slicka skyltfönster'!
1682,traîner,verb,,att släpa; dra ut på tiden; ligga och skräpa,Les jouets traînent partout.,Leksakerna ligger överallt.,,"TRIPPEL: släpa, dra ut på tiden (ça traîne...) och skräpa. traîner des pieds = släpa fötterna = vara motvillig"
1683,enfiler,verb,,att dra på sig; trä,J'enfile un pull et j'arrive.,Jag drar på mig en tröja och kommer.,,fil (tråd) har du redan → 'trä på tråden'! enfiler une aiguille = trä en nål
1684,repasser,verb,,att stryka; komma förbi igen,Repasser ? Jamais.,Stryka? Aldrig.,,DUBBEL: stryka kläder OCH komma tillbaka: je repasse plus tard = jag kommer förbi senare. le fer à repasser = strykjärnet
1685,frotter,verb,,"att gnugga, skrubba",Je frotte la tache. Elle gagne.,Jag gnuggar fläcken. Den vinner.,,se frotter les mains = gnugga händerna (belåtet). Fläckens eviga kamp
1686,gratter,verb,,"att klia, skrapa",Ça gratte !,Det kliar!,,Myggbettets verb. un gratte-ciel = en skyskrapa ('himmelsskrapa') – samma bild som engelskan!
1687,se moucher,verb,,att snyta sig,Kalle ne sait pas encore se moucher.,Kalle kan inte snyta sig än.,mouchoir (m) = näsduk,mouche (fluga) har du redan – snyta sig kommer faktiskt därifrån (jaga bort 'flugor')! Föräldravinterns verb
1688,vomir,verb,,att kräkas,Le bébé a vomi. Sur moi. Bien sûr.,Bebisen kräktes. På mig. Såklart.,,Föräldraskapets ofiltrerade sanning. Jfr eng. vomit. Alltid på den nytvättade tröjan
1689,saigner,verb,,att blöda,Ça saigne un peu. Ça va.,Det blöder lite. Det är lugnt.,,sang (blod) har du redan → saigner. saignant = blodig (om kött: rare!)
1690,neiger,verb,,att snöa,Il neige ! Enfin !,Det snöar! Äntligen!,,neige (snö) har du redan – nu kan du verbet. Il neige à gros flocons = det snöar stora flingor
1691,puer,verb,,att stinka,La couche pue. Au travail !,Blöjan stinker. Till verket!,,Ärlighetens verb. Ça pue ! = det luktar illa! Blöjbytarstationens nationalsång
1692,ballon,substantiv,m,boll; ballong,Un ballon rouge pour Kalle.,En röd boll till Kalle.,,DUBBEL: stor boll OCH ballong! Liten boll = une balle. le ballon rond = fotbollen (smeknamn)
1693,gonfler,verb,,"att blåsa upp, pumpa",On gonfle les ballons !,Vi blåser upp ballongerna!,,gonflé = uppblåst – och vardagligt: Il est gonflé ! = han är fräck! dégonfler = pysa ur
1694,éclater,verb,,"att spricka, brista",Le ballon éclate. Drame.,Ballongen spricker. Drama.,drame (m) = drama (GRATIS),éclater de rire = gapskratta ('brista av skratt')! s'éclater = ha jättekul (vard.)
1695,éclairer,verb,,att lysa upp,La lampe éclaire la chambre.,Lampan lyser upp rummet.,,clair (ljus/klar) har du redan → é-CLAIR-er. Ça m'éclaire ! = nu klarnar det!
1696,gaspiller,verb,,att slösa,Ne gaspille pas l'eau !,Slösa inte med vattnet!,,le gaspillage = slöseriet. le gaspillage alimentaire = matsvinnet – stort ämne i Frankrike
1697,recycler,verb,,att återvinna,On recycle. Évidemment.,Vi återvinner. Självklart.,,GRATIS! le recyclage = återvinningen. se recycler = omskola sig!
1698,déchets,substantiv,m pl,"sopor, avfall","Les déchets, chacun sa poubelle.",Soporna – varsin tunna.,,déchet = det som 'faller av' (déchoir). zéro déchet = zero waste-rörelsen
1699,trier,verb,,att sortera,On trie les déchets. Sport national suédois.,Vi sorterar soporna. Svensk nationalsport.,,le tri = sorteringen. trier sur le volet = handplocka det bästa – volet kommer strax!
1700,pollution,substantiv,f,förorening,"Moins de pollution, plus de vélo.","Mindre föroreningar, mer cykel.",polluer = att förorena,GRATIS! l'air pollué = den förorenade luften
1701,lèvre,substantiv,f,läpp,Un sourire sur les lèvres.,Ett leende på läpparna.,,du bout des lèvres = halvhjärtat ('med läpparnas yttersta'). le rouge à lèvres = läppstiftet
1702,ongle,substantiv,m,nagel,Kalle a des ongles minuscules.,Kalle har pyttesmå naglar.,,OBS: UN ongle – maskulinum fast det låter feminint! se ronger les ongles = bita på naglarna
1703,barbe,substantiv,f,skägg,La barbe de trois jours.,Tredagarsstubben.,,GULD-idiom: La barbe ! = vilket tjat!/så tråkigt! Och barbe à papa = sockervadd ('pappas skägg')!
1704,poil,substantiv,m,hårstrå (kropp/djur),Le chat perd ses poils. Partout.,Katten tappar hår. Överallt.,,"cheveux = hår på huvudet, poils = resten! GULD: au poil ! = perfekt! à un poil près = på håret när"
1705,muscle,substantiv,m,muskel,"Les muscles, ça se travaille. Doucement.",Muskler byggs upp. Försiktigt.,,GRATIS! musclé = muskulös. Rom byggdes inte på en dag – gäller även axlar
1706,coude,substantiv,m,armbåge,Les coudes sur la table ? Débat éternel.,Armbågarna på bordet? Evig debatt.,,GULD-idiom: huile de coude = armbågsfett = hårt arbete! Precis som svenskan. jouer des coudes = armbåga sig fram
1707,cheville,substantiv,f,"fotled, vrist",Attention à la cheville sur le verglas !,Akta fotleden på halkan !,,GULD-idiom: avoir les chevilles qui enflent = 'få svullna fotleder' = bli stöddig av beröm!
1708,nerf,substantiv,m,nerv,Ça me tape sur les nerfs !,Det går mig på nerverna!,,"énervé (irriterad) har du redan – ordagrant 'ur-nervad'! UTTAL: [nɛʁ], f:et tyst. Du nerf ! = ryck upp dig!"
1709,veine,substantiv,f,"ven, åder; tur",Quelle veine !,Vilken tur!,,DUBBEL: blodåder OCH flyt! avoir de la veine = ha tur. Pas de veine ! = otur!
1710,régime,substantiv,m,diet; regim,Pas de régime. Des frites.,Ingen diet. Pommes frites.,,"DUBBEL: bantning OCH styrelseskick! le régime méditerranéen funkar för båda... nej, bara maten"
1711,pansement,substantiv,m,plåster,Un pansement et un bisou. Guéri !,Ett plåster och en puss. Botad!,,panser = förbinda. Föräldramedicinens två grundpelare – bisou har du redan
1712,allergie,substantiv,f,allergi,Une allergie au pollen. Bonjour le printemps.,Pollenallergi. Hej våren.,pollen (m) = pollen (GRATIS),GRATIS! allergique à = allergisk mot. Je suis allergique aux lundis = skämtet alla gör
1713,grippe,substantiv,f,influensa,La grippe arrive avec l'hiver.,Influensan kommer med vintern.,,attraper la grippe = få influensan. GULD-bonus: prendre en grippe = få ett horn i sidan till någon!
1714,sirop,substantiv,m,"(host)saft, sirap",Du sirop pour la toux.,Hostmedicin.,toux (f) = hosta,tousser (hosta) har du redan → la toux. sirop d'érable = lönnsirap – Québecs guld
1715,chou,substantiv,m,kål; älskling,Mon petit chou !,Min lilla älskling!,,Kål OCH smeknamn! chou à la crème = petit-chou-bakelsen – svenskans 'petischu' är franska! chou-fleur = blomkål
1716,blé,substantiv,m,vete,Un champ de blé.,Ett vetefält.,,Vardagsslang: du blé = pengar ('deg' – precis som svenskan använder bröd/deg!)
1717,pâte,substantiv,f,"deg, smet",La pâte à crêpes repose.,Pannkakssmeten vilar.,,"NYANS: la pâte = deg/smet, les pâtes = pasta! pâte à modeler = modellera – framtida Kalle-aktivitet"
1718,tartine,substantiv,f,"smörgås, macka",Une tartine de confiture.,En macka med sylt.,,tartiner = breda på. Frukostfranskans hjärta. Nutella säljer mest i just Frankrike – tartinens fel
1719,omelette,substantiv,f,omelett,Une omelette pour deux.,En omelett för två.,,ORDSPRÅKET: On ne fait pas d'omelette sans casser des œufs = man måste våga för att vinna!
1720,bœuf,substantiv,m,nötkött; oxe,Du bœuf ou du poulet ?,Nötkött eller kyckling?,"porc (m) = fläskkött, agneau (m) = lamm","vache = djuret, bœuf = maten! UTTAL: un bœuf [bœf], des bœufs [bø] – f:et försvinner, precis som os!"
1721,saumon,substantiv,m,lax,"Le saumon, très suédois.",Lax – väldigt svenskt.,,saumon fumé = rökt lax. Färgen rosa-orange heter också saumon – laxrosa!
1722,crevette,substantiv,f,räka,Des crevettes pour la fête !,Räkor till festen!,,Räkfrossans ord. Också smeknamn för liten och pigg person: ma crevette !
1723,moule,substantiv,f/m,mussla; form,Des moules-frites !,Musslor med pommes!,,"GENUS-DUBBEL: LA moule = musslan, LE moule = gjutformen! Den som gjuter och printar figurer använder maskulinum"
1724,filet,substantiv,m,nät; filé,Un filet de poisson.,En fiskfilé.,,"DUBBEL: nät (fotbollsmål, fiskenät) OCH filé! un filet d'huile d'olive = en skvätt olivolja"
1725,moutarde,substantiv,f,senap,"La moutarde de Dijon, ça pique !",Dijonsenap – det sticker!,,GULD-idiom: la moutarde me monte au nez = 'senapen stiger mig åt näsan' = jag börjar bli förbannad!
1726,vinaigre,substantiv,m,"vinäger, ättika",Huile et vinaigre.,Olja och vinäger.,aigre = sur,vin + aigre = SURT VIN – det är hela hemligheten! vinaigrette = 'lilla sura vinet'
1727,sauce,substantiv,f,sås,La sauce fait tout.,Såsen gör allt.,,GRATIS! en sauce = i sås. Vardagligt: mettre la sauce = ge järnet!
1728,cannelle,substantiv,f,kanel,La cannelle : parfum de la Suède.,Kanel: doften av Sverige.,,"le roulé à la cannelle = kanelbullen. Frankrike har croissanter, Sverige har bullar – oavgjort"
1729,noix,substantiv,f,"valnöt, nöt",Des noix pour le cerveau.,Nötter för hjärnan.,,une noix de beurre = en klick smör! à la noix = värdelös (vard.). Ser hjärnan ut som en valnöt? Lite
1730,noisette,substantiv,f,hasselnöt,"Un café noisette, s'il vous plaît.","En kaffe med en skvätt mjölk, tack.",,"'Liten nöt'! café noisette = espresso med mjölkskvätt – uppkallad efter FÄRGEN, inte smaken"
1731,myrtille,substantiv,f,blåbär,Des myrtilles de la forêt suédoise.,Blåbär från den svenska skogen.,,Skogens guld. tarte aux myrtilles = blåbärspaj. Svenska skogsblåbär slår odlade – vetenskapligt bevisat (av svenskar)
1732,framboise,substantiv,f,hallon,Fraise ou framboise ?,Jordgubbe eller hallon?,,"Bärtrion komplett: fraise, framboise, myrtille. framboisier = hallonbuske"
1733,mûre,substantiv,f,björnbär,Une mûre bien mûre.,Ett riktigt moget björnbär.,,"ORDVITS-VARNING: adjektivet mûr/mûre (mogen) har du redan – här är BÄRET. En mening, två mûre. Varsågod"
1734,pamplemousse,substantiv,m,grapefrukt,Pamplemousse ! Le plus beau mot du français ?,Pamplemousse! Franskans vackraste ord?,,Från nederländska pompelmoes. Helt onödigt roligt att säga. Säg det tre gånger
1735,haricot,substantiv,m,böna,"Des haricots verts, très français.",Haricots verts – väldigt franskt.,,Svenskan lånade hela frasen! GULD: la fin des haricots = 'bönornas slut' = totalkatastrof!
1736,bol,substantiv,m,skål,Un bol de céréales.,En skål flingor.,céréales (f pl) = flingor,GULD-idiom: en avoir ras le bol = vara utless ('ha det upp till skålkanten')! J'en ai ras le bol !
1737,marron,adjektiv,,brun; kastanj,Des chaussures marron.,Bruna skor.,,GRAMMATIK-GULD: marron böjs ALDRIG (det är egentligen substantivet kastanj!). Hår är dock brun: cheveux bruns
1738,violet / violette,adjektiv,,lila,"Le violet, couleur des rois.","Lila, kungarnas färg.",,Från blomman violette (viol). Färgpaletten växer: nu har du även lila
1739,foncé,adjektiv,,mörk (om färg),Bleu clair ou bleu foncé ?,Ljusblå eller mörkblå?,,clair har du redan → motsatsen. Böjs inte efter färgen: des chemises bleu foncé
1740,or,substantiv,m,guld,Une médaille d'or !,En guldmedalj!,médaille (f) = medalj,DUBBEL: guld OCH konjunktionen 'men/nu' i skrift! Och argent = BÅDE pengar och silver. Ekonomiskt språk
1741,fer,substantiv,m,järn,Le fer à repasser dort dans le placard.,Strykjärnet sover i garderoben.,,"repasser fick du nyss → fer à repasser! le chemin de fer = järnvägen ('järnvägen', ordagrant!)"
1742,métal,substantiv,m,metall,Un robot en métal.,En robot i metall.,,"GRATIS! Plural: métaux. musique métal = hårdrock, samma som svenskan"
1743,carton,substantiv,m,kartong,Un carton de colis. Encore un.,En paketkartong. En till.,,GULD: faire un carton = göra succé! Och carton rouge = rött kort (fotboll)
1744,cuir,substantiv,m,"läder, skinn",Une veste en cuir.,En skinnjacka.,,en cuir = i läder. Filmkaraktärens uniform sedan 1950-talet
1745,ampoule,substantiv,f,glödlampa; blåsa,L'ampoule est morte. Encore.,Glödlampan är död. Igen.,,DUBBEL: glödlampa OCH blåsa (skavsår)! Vandringens och hemmets gemensamma ord
1746,éponge,substantiv,f,svamp (disk),L'éponge magique existe. Presque.,Den magiska svampen finns. Nästan.,,GULD-idiom: jeter l'éponge = kasta in handduken (boxning!). passer l'éponge = stryka ett streck över
1747,touche,substantiv,f,tangent; touch,Appuie sur la touche espace.,Tryck på mellanslagstangenten.,,toucher har du redan → la touche. la touche entrée = enter. une touche personnelle = en personlig touch
1748,vis,substantiv,f,skruv,Il manque une vis.,Det fattas en skruv.,tournevis (m) = skruvmejsel,"GULD-idiom: Il te manque une vis ! = du har en skruv lös! tourne + vis = skruvmejsel, logiskt"
1749,sonnette,substantiv,f,dörrklocka,La sonnette ! Le colis !,Dörrklockan! Paketet!,,sonner har du redan → sonnette. Nätshoppingens lyckligaste ljud. tirer la sonnette d'alarme = slå larm
1750,volet,substantiv,m,fönsterlucka,Les volets fermés à midi : très français.,Stängda fönsterluckor mitt på dagen: väldigt franskt.,,Frankrikes fasaduniform! Nu förstår du också trier sur le volet = handplocka det bästa
1751,rez-de-chaussée,substantiv,m,bottenvåning,J'habite au rez-de-chaussée.,Jag bor på bottenvåningen.,,KULTUR-FÄLLA: bottenvåningen är våning 0! Le premier étage = svenska 'andra våningen'. Hissknappen 'RC' eller '0'
1752,berceau,substantiv,m,vagga,Kalle dort dans son berceau. Parfois.,Kalle sover i sin vagga. Ibland.,,"bercer och berceuse har du redan – familjen komplett: vagga (verb), vaggvisa, vagga (möbel)"
1753,réveil,substantiv,m,väckarklocka; uppvaknande,Le réveil sonne à sept heures. Kalle sonne avant.,Väckarklockan ringer klockan sju. Kalle ringer innan.,,se réveiller har du redan → le réveil: både klockan och uppvaknandet. au réveil = vid uppvaknandet
1754,drap,substantiv,m,lakan,Des draps propres : le vrai luxe.,Rena lakan: den äkta lyxen.,,Minns drapeau = 'lilla tyget'? Här är stora tyget! GULD: être dans de beaux draps = sitta i klistret!
1755,matelas,substantiv,m,madrass,Un bon matelas change la vie.,En bra madrass förändrar livet.,,"UTTAL: [matla] – s:et tyst. Nybliven förälder-visdom: madrassen spelar ingen roll, sömnen sker ändå inte"
1756,couette,substantiv,f,täcke,"Sous la couette, il fait toujours beau.",Under täcket är det alltid fint väder.,,DUBBEL: täcke OCH tofsar i håret (des couettes)! housse de couette = påslakan
1757,cadre,substantiv,m,ram; chef,Une photo de Kalle dans un cadre.,Ett foto på Kalle i en ram.,,"TRIPPEL: tavelram, tjänsteman/chef (un cadre supérieur) och dans le cadre de = inom ramen för!"
1758,affiche,substantiv,f,affisch,Une affiche de cinéma sur le mur.,En filmaffisch på väggen.,afficher = att visa/anslå,Svenskan lånade ordet! à l'affiche = på repertoaren. afficher complet = utsålt
1759,paire,substantiv,f,par,Une paire de chaussettes. Sans trous.,Ett par strumpor. Utan hål.,,"une paire de lunettes, une paire de ciseaux. C'est une autre paire de manches ! = det är en helt annan femma!"
1760,caisse,substantiv,f,kassa; låda,"À la caisse, Kalle charme tout le monde.",I kassan charmar Kalle alla.,charmer = att charma (GRATIS),Passer à la caisse = gå och betala. Också låda: une caisse à outils = en verktygslåda
1761,rayon,substantiv,m,"hylla, avdelning; stråle",C'est au rayon trois.,Det är på hylla tre.,,"TRIPPEL: butikshylla, solstråle (rayon de soleil) och cykeleker! Ett ord, tre liv"
1762,panier,substantiv,m,korg,Un panier de fraises des bois.,En korg smultron.,,Basketkorgen heter också le panier – marquer un panier = sätta en korg! panier repas = matsäck
1763,chariot,substantiv,m,kundvagn,Kalle adore le chariot. Le supermarché : une aventure.,Kalle älskar kundvagnen. Mataffären: ett äventyr.,,Jfr eng. chariot (stridsvagn!) – franskan behöll vardagsversionen
1764,espèces,substantiv,f pl,kontanter,En espèces ou par carte ?,Kontant eller kort?,,DUBBEL: kontanter OCH arter/sorter! une espèce de = en sorts. payer en espèces = betala kontant
1765,pour cent,uttryck,,procent,Cent pour cent d'accord !,Hundra procent överens!,,Ordagrant 'per hundra' – precis som pro-cent! le pourcentage = procentsatsen
1766,réduction,substantiv,f,rabatt,Vingt pour cent de réduction !,Tjugo procents rabatt!,,réduire = minska. en solde har du redan – nu kan du förhandla också
1767,produit,substantiv,m,produkt,Un produit suédois de qualité.,En svensk kvalitetsprodukt.,,produire = producera. produits frais = färskvaror. produit de l'année = årets produkt
1768,usine,substantiv,f,fabrik,L'usine tourne jour et nuit.,Fabriken går dygnet runt.,,"sortie d'usine = fabriksny. Jfr eng. usine i 'usinage'... nej, men tänk 'user' = använda – där maskiner används!"
1769,banlieue,substantiv,f,förort,La banlieue parisienne est immense.,Paris förorter är enorma.,,la grande banlieue = ytterförorterna. banlieusard = förortsbo
1770,carrefour,substantiv,m,vägkorsning,"Au carrefour, tourne à droite.",Sväng höger i korsningen.,,Butikskedjan Carrefour betyder alltså 'vägkorsningen' – därav logotypens pilar! quatre + fourche = fyrvägskors
1771,panneau,substantiv,m,skylt,Le panneau dit stop. On s'arrête.,Skylten säger stopp. Vi stannar.,,panneau solaire = solpanel. tomber dans le panneau = gå i fällan!
1772,tunnel,substantiv,m,tunnel,Le tunnel sous la Manche.,Tunneln under Engelska kanalen.,,GRATIS! la Manche = Engelska kanalen – ordagrant 'ärmen'. Titta på kartan: den ser faktiskt ut så
1773,autoroute,substantiv,f,motorväg,L'autoroute est payante en France.,Motorvägen är avgiftsbelagd i Frankrike.,"payant = avgiftsbelagd, péage (m) = vägtull",OBS: UNE autoroute (femininum!). Budgettips: nationale-vägarna är gratis och vackrare
1774,horaire,substantiv,m,"tidtabell, schema",Les horaires d'été changent tout.,Sommartidtabellen ändrar allt.,,OBS: UN horaire (maskulinum trots -e!). heure → horaire. horaires d'ouverture = öppettider
1775,séjour,substantiv,m,vistelse,Bon séjour en France !,Trevlig vistelse i Frankrike!,,DUBBEL: vistelse OCH vardagsrum (la salle de séjour = 'vistelserummet')! Hotellets och hemmets ord
1776,tente,substantiv,f,tält,On monte la tente sous la pluie.,Vi sätter upp tältet i regnet.,camping (m) = camping (GRATIS),Homofon-varning: tente låter som tante (moster) OCH tente (försöker)! Sammanhanget räddar dig
1777,randonnée,substantiv,f,vandring,"Une randonnée en forêt, ça change tout.",En vandring i skogen förändrar allt.,,"Vardagligt: la rando. faire de la randonnée = vandra. Sveriges nationalsport, Frankrikes också (GR-lederna!)"
1778,touriste,substantiv,m/f,turist,Trop de touristes ? On est touristes aussi.,För många turister? Vi är också turister.,,GRATIS! le piège à touristes = turistfällan – piège fick du snart... nej strax! Håll utkik
1779,guide,substantiv,m/f,guide; guidebok,Le guide connaît tous les secrets.,Guiden kan alla hemligheter.,,DUBBEL: personen OCH boken (le Guide Michelin!). guider = att guida
1780,quai,substantiv,m,perrong; kaj,Le train part du quai numéro deux.,Tåget går från spår två.,,Tågets OCH hamnens ord. les quais de Seine = Seines kajer – Paris bästa promenad
1781,douane,substantiv,f,tull,La douane ? Rien à déclarer.,Tullen? Inget att förtulla.,,déclarer fick du nyss – nu vet du var frasen används! le douanier = tulltjänstemannen
1782,fleuve,substantiv,m,flod (till havet),"La Seine est un fleuve, pas une rivière.","Seine är en 'fleuve', inte en 'rivière'.",,"NYANS-GULD: fleuve mynnar i HAVET, rivière i en annan flod! Franskan skiljer – svenskan säger flod om båda"
1783,marée,substantiv,f,tidvatten,La marée monte vite au Mont-Saint-Michel.,Tidvattnet stiger snabbt vid Mont-Saint-Michel.,,"mer → marée! marée haute/basse = flod/ebb. Snabbare än en galopperande häst, sägs det om Mont-Saint-Michel"
1784,côte,substantiv,f,kust; revben,La côte ouest de la Suède.,Sveriges västkust.,,"TRIPPEL: kust, revben OCH kotlett (côte de porc)! OBS accenten: côte ≠ côté (sida) – den kommer strax"
1785,port,substantiv,m,hamn,Le port de Göteborg.,Göteborgs hamn.,,porter (bära) har du redan – hamnen är där man BÄR i land! arriver à bon port = komma väl fram
1786,phare,substantiv,m,fyr; strålkastare,Le phare guide les bateaux.,Fyren leder båtarna.,,DUBBEL: fyr OCH billyktor (allumer les phares = tända helljuset)! Från Pharos – antikens berömda fyr
1787,horizon,substantiv,m,horisont,Le soleil touche l'horizon. Silence. On filme.,Solen når horisonten. Tystnad. Vi filmar.,,GRATIS! à l'horizon = i sikte. élargir ses horizons = vidga sina vyer
1788,flocon,substantiv,m,flinga,"Les premiers flocons ! Kalle, regarde !","De första snöflingorna! Kalle, titta!",,"DUBBEL: flocon de neige = snöflinga, flocons d'avoine = havregryn! Vinterns och frukostens ord"
1789,verglas,substantiv,m,"halka, isgata","Attention, verglas !",Varning för halka!,,verre + glace = 'glasis' – exakt vad det är! Svensk vinteröverlevnadsglosa nummer ett
1790,luge,substantiv,f,"pulka, kälke",La luge attend Kalle. L'hiver prochain ?,Pulkan väntar på Kalle. Nästa vinter?,,faire de la luge = åka pulka. OS-grenen rodel heter också luge!
1791,sortie,substantiv,f,utgång; utflykt; release,"La sortie de secours, toujours à droite. Ou à gauche.","Nödutgången, alltid till höger. Eller vänster.",,"TRIPPEL: utgång, utflykt (une sortie en famille) och premiär: la sortie du film = filmens release!"
1792,tâche,substantiv,f,uppgift,Une tâche à la fois.,En uppgift i taget.,,"Nu är lektionen komplett: tache = fläck, tâche = uppgift. Hatten (accenten) gör jobbet"
1793,objectif,substantiv,m,mål; objektiv,L'objectif : mille abonnés. Avec un bon objectif.,Målet: tusen prenumeranter. Med ett bra objektiv.,,DUBBEL: målet OCH kameralinsen! Filmarens favoritdubbeltydighet. atteindre son objectif = nå sitt mål
1794,rapport,substantiv,m,rapport; förhållande,Le rapport est prêt. Presque.,Rapporten är klar. Nästan.,,GULD-konstruktion: par rapport à = jämfört med/i förhållande till. Aucun rapport ! = det har inget samband!
1795,document,substantiv,m,dokument,Un document important. Où ça ?,Ett viktigt dokument. Var då?,,"GRATIS! documents de voyage = resehandlingar. Alltid i fel mapp, på alla språk"
1796,contrat,substantiv,m,"kontrakt, avtal",Je lis avant de signer le contrat.,Jag läser innan jag skriver på kontraktet.,,GRATIS! signer un contrat = skriva på. remplir sa part du contrat = hålla sin del av avtalet
1797,accord,substantiv,m,överenskommelse; ackord,On a un accord !,Vi har en överenskommelse!,,d'accord har du sagt tusen gånger – HÄR är själva ordet! Också musikackord. être en accord avec = vara i samklang med
1798,formulaire,substantiv,m,"formulär, blankett",Encore un formulaire à remplir.,Ännu en blankett att fylla i.,,remplir un formulaire = fylla i en blankett. Byråkratins modersmål är franska (på riktigt – diplomatspråket!)
1799,exercice,substantiv,m,övning,"Un exercice par jour, sans exception.","En övning om dagen, utan undantag.",exception (f) = undantag (GRATIS),"GRATIS! L'exercice fait le maître... nej, det heter c'est en forgeant qu'on devient forgeron – 'man blir smed genom att smida'"
1800,recherche,substantiv,f,forskning; sökning,La recherche sur l'IA avance vite.,AI-forskningen går snabbt framåt.,,chercher → recherche. DUBBEL: forskning OCH sökning (moteur de recherche = sökmotor). à la recherche de = på jakt efter
1801,étude,substantiv,f,studie; studier,Une étude le confirme. Laquelle ? Mystère.,En studie bekräftar det. Vilken? Mysterium.,,"les études = studierna (faire des études = studera). Internetdebattens favoritfras, sällan med källa"
1802,débat,substantiv,m,debatt,Le débat sur l'IA continue. J'écris.,AI-debatten fortsätter. Jag skriver.,,GRATIS! débattre = debattera. sans débat = utan diskussion
1803,TVA,substantiv,f,moms,La TVA : vingt pour cent en France.,Momsen: tjugo procent i Frankrike.,,"taxe sur la valeur ajoutée = skatt på tillagt värde – exakt som svenskans mervärdesskatt! TTC = inkl. moms, HT = exkl."
1804,budget,substantiv,m,budget,Le budget est serré. Comme toujours.,Budgeten är tajt. Som alltid.,,GRATIS! Franskan gav engelskan ordet: bougette = liten väska (för pengar)! Cirkeln sluten
1805,bourse,substantiv,f,börs; stipendium,"La bourse monte, la bourse descend.","Börsen går upp, börsen går ner.",,DUBBEL: aktiebörsen OCH stipendium (une bourse d'études)! Från börshandlarfamiljen Van der Burse i Brygge – sant
1806,action,substantiv,f,aktie; handling,Des actions suédoises et américaines.,Svenska och amerikanska aktier.,,DUBBEL: aktie OCH handling! Action ! = tagning! – filmarens och börsens gemensamma rop
1807,croissance,substantiv,f,tillväxt,"La croissance ralentit. Le croissant, jamais.","Tillväxten saktar ner. Croissanten, aldrig.",,croissant = 'växande' (månen som växer till halvmåne – därav formen)! Samma rot: croître = växa
1808,crise,substantiv,f,kris,"Pas de panique, pas de crise.","Ingen panik, ingen kris.",,GRATIS! une crise de rire = ett skrattanfall. la crise de la quarantaine = fyrtioårskrisen
1809,dette,substantiv,f,skuld,"Pas de dettes, pas de souci.","Inga skulder, inga bekymmer.",,Jfr eng. debt (b:et är stumt där – franskan skippade det helt). la dette publique = statsskulden
1810,moyenne,substantiv,f,genomsnitt,Ma moyenne de sommeil ? Secret.,Mitt sömngenomsnitt? Hemligt.,,moyen (medel-) har du redan → la moyenne. en moyenne = i genomsnitt. au-dessus de la moyenne = över snittet
1811,dizaine,substantiv,f,tiotal,Une dizaine d'années. Ou deux.,Ett tiotal år. Eller två.,,"Mönstret: dizaine (10), douzaine (dussin!), centaine (100), millier (1000). Une dizaine = ungefär tio"
1812,échec,substantiv,m,misslyckande; (pl.) schack,"Un échec ? Non, une leçon. Et les échecs ? Un jeu !","Ett misslyckande? Nej, en läxa. Och schack? Ett spel!",,"échouer → échec. GULD-DUBBEL: les échecs = SCHACK! échec et mat = schack matt – från persiskans 'shah mat', kungen är död"
1813,patience,substantiv,f,tålamod,La patience : niveau expert.,Tålamod: expertnivå.,expert (m) = expert (GRATIS),GRATIS! Patience... = lugn i stormen... Un peu de patience ! Föräldraskapets valuta
1814,réalité,substantiv,f,verklighet,La réalité dépasse la fiction.,Verkligheten överträffar dikten.,fiction (f) = fiktion (GRATIS),GRATIS! en réalité = i själva verket. la réalité virtuelle = VR
1815,astuce,substantiv,f,"knep, tips",Une astuce de mémoire ? J'en ai mille.,Ett minnesknep? Jag har tusen.,,astucieux = fyndig. Livshackarens ord: Voici l'astuce ! = här är tricket!
1816,piège,substantiv,m,fälla,C'est un piège !,Det är en fälla!,,le piège à touristes = turistfällan (som utlovat!). piéger = gillra en fälla. une question piège = en kuggfråga
1817,effet,substantiv,m,effekt,Les effets spéciaux ? C'est moi.,Specialeffekterna? Det är jag.,,GULD-fras: en effet = mycket riktigt/faktiskt. faire de l'effet = göra intryck. Klipparens och retorikerns ord
1818,championnat,substantiv,m,mästerskap,Le championnat du monde de mémoire existe. Vraiment.,VM i minne finns. På riktigt.,,champion har du redan → championnat. Vissa har till och med vunnit det. Två gånger
1819,adversaire,substantiv,m/f,motståndare,Mon adversaire : le sommeil.,Min motståndare: sömnen.,,Jfr eng. adversary. un adversaire de taille = en motståndare att räkna med
1820,récompense,substantiv,f,belöning,La récompense ? Un câlin.,Belöningen? En kram.,,récompenser = belöna. toute peine mérite récompense = all möda förtjänar belöning
1821,éternité,substantiv,f,evighet,La nuit a duré une éternité.,Natten varade en evighet.,,éternel = evig. Ça fait une éternité ! = det var evigheter sedan! Småbarnsnätternas tidsenhet
1822,foule,substantiv,f,folkmassa; massa,Une foule de souvenirs.,En massa minnen.,,une foule de = en massa. un bain de foule = folkbad (politikerns handskakningsrunda!)
1823,crayon,substantiv,m,blyertspenna,Un crayon et du papier : ça suffit.,En penna och papper: det räcker.,,"Från craie = krita! stylo = bläckpenna, crayon = blyerts. crayon de couleur = färgpenna"
1824,gomme,substantiv,f,suddgummi,Où est la gomme ?,Var är suddgummit?,,gommer = sudda. le chewing-gum = tuggummit (franskan gav upp och lånade). mettre la gomme = gasa på!
1825,ciseaux,substantiv,m pl,sax,"Les ciseaux, loin de Kalle.","Saxen, långt från Kalle.",,ALLTID plural – som svenskans 'byxor'! une paire de ciseaux = en sax. coup de ciseaux = saxning (fotboll!)
1826,colle,substantiv,f,lim,"La colle aussi, loin de Kalle.","Limmet också, långt från Kalle.",,coller → la colle. GULD: poser une colle = ställa en kuggfråga! une colle = också kvarsittning (skolslang)
1827,cahier,substantiv,m,skrivhäfte,Un cahier d'exercices par jour.,Ett övningshäfte om dagen.,,"cahier de textes = läxbok. Vissa bygger appar i stället för häften – samma idé, fler nivåer"
1828,carnet,substantiv,m,"anteckningsbok, block",Un carnet pour les idées.,Ett block för idéerna.,,carnet d'adresses = adressbok. carnet de voyage = resedagbok. Fickformatets vän
1829,vocabulaire,substantiv,m,ordförråd,Mon vocabulaire grandit chaque jour.,Mitt ordförråd växer varje dag.,,GRATIS! Just nu: 1900 ord och räknar. enrichir son vocabulaire = berika sitt ordförråd
1830,conjugaison,substantiv,f,"böjning, konjugation",La conjugaison ? Petit à petit.,Verbböjningen? Steg för steg.,,"conjuguer = böja. Minns rad 1300: petit à petit, l'oiseau fait son nid. Gäller även verb"
1831,orthographe,substantiv,f,stavning,L'orthographe française : un sport.,Fransk stavning: en sport.,,ortho (rätt) + graphe (skrift). Fransmännen har diktamens-SM på TV – la dictée. Sant!
1832,rime,substantiv,f,rim,"Une rime parfaite, ça se fête.",Ett perfekt rim ska firas.,rimer = att rimma,"Poesins byggsten. rime riche = rikt rim. Vissa har tävlat i saken – på scen, med mikrofon"
1833,conte,substantiv,m,saga,Un conte avant de dormir.,En saga före läggdags.,,"raconter har du redan – ordagrant 'sag-a'! conte de fées = älvsaga. Charles Perrault: Askungen, Rödluvan – franska original!"
1834,héros,substantiv,m,hjälte,Notre héros dort vingt heures par jour.,Vår hjälte sover tjugo timmar om dygnet.,,GRAMMATIK-KURIOSA: LE héros (inte l'héros – h:et 'blockerar')! Men l'héroïne. héroïque = heroisk
1835,sorte,substantiv,f,"sort, slag","Une sorte de jeu, une sorte de sport.","En sorts lek, en sorts sport.",,toutes sortes de = alla möjliga sorters. quelle sorte de... ? = vilken typ av...? Syskon till espèce
1836,bord,substantiv,m,"kant, strand","Au bord du lac, tout est calme.",Vid sjökanten är allt lugnt.,,GULD-DUBBEL: kant OCH ombord: à bord ! = ombord! bienvenue à bord = välkommen ombord. au bord de = på gränsen till
1837,côté,substantiv,m,sida,Chacun son côté du lit.,Var och en sin sida av sängen.,,Nu är accentlektionen klar: côte (kust/revben) ≠ côté (sida)! à côté de har du redan. du bon côté = på den ljusa sidan
1838,intérieur / extérieur,substantiv,m,insida / utsida,"À l'intérieur, au chaud.","Inomhus, i värmen.",,GRATIS: interiör/exteriör! à l'intérieur de = inuti. ministre de l'Intérieur = inrikesminister
1839,pression,substantiv,f,"tryck, press",La pression monte. Respire.,Pressen stiger. Andas.,,DUBBEL: tryck OCH fatöl! une pression = en stor stark (minns bière pression?). sous pression = under press
1840,ambiance,substantiv,f,stämning,L'ambiance est bonne ce soir !,Stämningen är god ikväll!,,Svenskan lånade 'ambiance'! mettre de l'ambiance = få igång stämningen. ambiance électrique – som utlovat
1841,parfum,substantiv,m,"doft, parfym; smak",Quel parfum ? Vanille ou fraise ?,Vilken smak? Vanilj eller jordgubb?,,"TRIPPEL: parfym, doft OCH glassmak! Quel parfum ? är glasskioskens standardfråga. être au parfum = vara införstådd"
1842,égalité,substantiv,f,jämlikhet; lika,"Liberté, égalité, fraternité !","Frihet, jämlikhet, broderskap!",fraternité (f) = broderskap (frère!),Frankrikes motto sedan revolutionen. Sport-bonus: à égalité = oavgjort/lika!
1843,manifestation,substantiv,f,demonstration,Une manifestation ? À Paris ? Quelle surprise.,En demonstration? I Paris? Vilken överraskning.,,Vardagligt: une manif. manifester = demonstrera. Fransk folkrörelsekultur i ett ord
1844,signe,substantiv,m,tecken,"Un signe de la main, et Kalle sourit.","En vinkning, och Kalle ler.",,faire signe = höra av sig (Fais-moi signe !). la langue des signes = teckenspråket. bon signe ! = gott tecken!
1845,moche,adjektiv,,ful; trist,Il fait moche aujourd'hui.,Det är fulväder idag.,,"Talspråkets 'ful' – om väder, kläder, situationer. C'est moche ! = vad tråkigt/trist!"
1846,chic,adjektiv,,"chic, stilig","Très chic, cette chemise !","Väldigt stilig, den där skjortan!",,Svenskan lånade det! Böjs aldrig. GULD-utrop: Chic ! = vad kul! (lite gammaldags charmigt)
1847,branché,adjektiv,,trendig; inkopplad,Un café très branché.,Ett väldigt trendigt kafé.,,brancher har du redan → branché = 'inkopplad' = med i svängen! Teknikens metafor blev mode
1848,abîmé,adjektiv,,"skadad, sliten",Le livre est abîmé. Merci qui ?,Boken är trasig. Tack vem?,"abîmer = att förstöra, skada",Från abîme = avgrund – 'kastad i avgrunden'! Vardagens ord för allt som Kalle... någon... råkat ha sönder
1849,malin / maligne,adjektiv,,"klurig, smart","Malin, le petit !","Klurig, den lille!",,GULD-ironi: C'est malin ! = 'snyggt jobbat!' (när något går fel). le plus malin = den listigaste
1850,doué,adjektiv,,begåvad,Doué pour les langues ? Ça se travaille.,Språkbegåvad? Det går att träna upp.,,"doué pour/en = begåvad i. surdoué = särbegåvad. Talang är bra, metod är bättre"
1851,faible,adjektiv,,svag,Mon point faible ? Le chocolat.,Min svaga punkt? Choklad.,,point faible ↔ point fort. avoir un faible pour = ha ett svagt hjärta för!
1852,maladroit,adjektiv,,klumpig,Maladroit ? Moi ? ... Oui.,Klumpig? Jag? ... Ja.,,mal + adroit! Och adroit kommer av droite – högerhanden var 'den skickliga sidan'. Orättvist mot vänsterhänta
1853,costaud,adjektiv,,"stark, bastant","Costaud, ce petit !","Stark, den lille!",,Vardagligt beröm. Också om saker: un café costaud = en stark kaffe!
1854,coquin / coquine,adjektiv,,"busig, rackarns",Petit coquin !,Lilla rackare!,,Föräldraordförrådets mest använda kärleksord. un regard coquin = en busig blick
1855,distrait,adjektiv,,tankspridd,"Distrait ? Pardon, tu disais ?","Tankspridd? Förlåt, vad sa du?",,distraire = förströ/distrahera. Motsatsen till concentré. Professorstereotypens adjektiv
1856,souple,adjektiv,,"smidig, flexibel",Souple comme un bébé.,Smidig som en bebis.,,Också om scheman: des horaires souples = flexibla tider. la souplesse = smidigheten
1857,prudent,adjektiv,,försiktig,Prudent sur le verglas.,Försiktig på halkan.,,GRATIS-ish! Sois prudent ! = var försiktig! la prudence est mère de sûreté = försiktighet är säkerhetens moder
1858,satisfait,adjektiv,,nöjd,Satisfait ? Très satisfait.,Nöjd? Mycket nöjd.,,satisfait ou remboursé = nöjd-kund-garanti ('nöjd eller pengarna tillbaka')! satisfaire = tillfredsställa
1859,quasiment,adverb,,"nästan, i princip",Quasiment fini !,Nästan klart!,,Talspråkets presque. quasi + ment. Quasiment tous les jours = i princip varje dag
1860,hyper,adverb,,"jätte-, super-",C'est hyper bon !,Det är jättegott!,,"Förstärkarsamlingen komplett: super, hyper, trop, vachement, carrément. hyper > super, säger ungdomen"
1861,autant,adverb,,"lika mycket, så mycket",Autant que possible.,Så mycket som möjligt.,,GULD-fras: Autant pour moi ! = mitt fel/jag tar tillbaka! autant de = lika många
1862,aussitôt,adverb,,"genast, så snart","Aussitôt dit, aussitôt fait !",Sagt och gjort!,,aussi + tôt = 'lika tidigt'. aussitôt que = så snart som. Idiomet är exakt svenskans!
1863,du moins,uttryck,,"åtminstone, i alla fall","Il dort. Du moins, je crois.",Han sover. Tror jag i alla fall.,,"NYANS: au moins = minst (mängd), du moins = reservation ('det vill säga, om jag inte har fel')"
1864,à l'envers,uttryck,,"bakvänt, upp och ner, ut och in",Le pull est à l'envers.,Tröjan är ut och in.,à l'endroit = rättvänt,Minns endroit = plats? Här är andra betydelsen: rätsidan! Småbarnsmorgnarnas mest användbara uttryck
1865,au lieu de,uttryck,,i stället för,"Au lieu de dormir, je lis.",I stället för att sova läser jag.,,lieu (plats) känner du från avoir lieu. au lieu de + infinitiv – smidigare än svenskans konstruktion
1866,à force de,uttryck,,genom att (ihärdigt),"À force de répéter, ça rentre.",Genom att repetera fastnar det.,,force + envishet = resultat. Ça rentre ! = det fastnar/går in! Språkinlärningens motto
1867,bien que,konjunktion,,"fastän, även om","Bien que fatigué, je continue.",Fastän trött fortsätter jag.,,"Kräver subjonctif med verb (bien que ce SOIT difficile) – men med adjektiv slipper du undan, som här!"
1868,pourvu que,uttryck,,"bara, om bara",Pourvu qu'il dorme !,Bara han sover!,,"Föräldrabönens grammatik. Pourvu que ça dure ! = bara det håller i sig! (Napoleons mamma, faktiskt)"
1869,à propos,uttryck,,"förresten, apropå","À propos, tu as vu mes clés ?","Förresten, har du sett mina nycklar?",,Svenskan lånade apropå! à propos de = angående. Syskon till au fait
1870,histoire de,uttryck,,bara för att,Histoire de rire.,Bara för skojs skull.,,Talspråksguld: histoire de + infinitiv = 'bara för att'. Histoire de voir = bara för att se
1871,quant à,uttryck,,"vad gäller, vad beträffar","Quant à moi, je dors.",Vad mig beträffar sover jag.,,HOMOFON-VARNING: låter exakt som quand (när)! Stavningen skiljer: quant à = vad gäller
1872,davantage,adverb,,"mer, ytterligare",Il en faut davantage ? Vraiment ?,Behövs det mer? Verkligen?,,d' + avantage – ordet du fick på rad 1595! Finare än plus: travailler davantage = jobba mer
1873,avant-hier / après-demain,adverb,,i förrgår / i övermorgon,Avant-hier ? Aucune idée. Après-demain ? On verra.,I förrgår? Ingen aning. I övermorgon? Vi får se.,,"Logiskt system: avant + hier, après + demain. Småbarnstidens tidsuppfattning i en mening"
1874,voici,preposition,,här är,Voici Kalle !,Här är Kalle!,,"Teoretiskt: voici = här, voilà = där. I praktiken vinner voilà nästan alltid i talspråk. Men nu vet du"
1875,cool,adjektiv,,"cool, skön",Cool. Très cool.,Coolt. Väldigt coolt.,,Franskan lånade och böjer aldrig. Reste cool ! = ta det lugnt! Uttalas [kul] – vilket blir kul på svenska
1876,zut,interjektion,,"attans, sjutton",Zut ! J'ai oublié mes clés.,Attans! Jag glömde nycklarna.,,Artigaste svordomen – funkar inför både mormor och chef. Zut alors ! = klassikern
1877,purée !,interjektion,,jäklar! (mos),Purée ! Encore ?,Jäklar! Igen?,,DUBBEL: potatismos OCH utrop! Som att utbrista 'Potatismos!' i frustration. Franskan är underbar
1878,tu parles !,uttryck,,knappast! skitsnack!,Facile ? Tu parles !,Lätt? Knappast!,,Ordagrant 'du pratar' = 'det kan du tro själv!'. Tu parles d'une surprise ! = snacka om överraskning!
1879,mon œil !,uttryck,,det tror jag inte på!,Gratuit ? Mon œil !,Gratis? Aldrig i livet!,,Sägs medan man drar ner undre ögonlocket – gesten OCH frasen betyder 'jag ser vad du försöker med'!
1880,la classe !,uttryck,,stiligt! snyggt!,Une chemise repassée ? La classe !,En struken skjorta? Stiligt!,,"classe (skolklass) har du redan – här är stilen! avoir la classe = ha stil. Ça, c'est la classe !"
1881,faire gaffe,uttryck,,"att akta sig, se upp",Fais gaffe au verglas !,Akta dig för halkan!,,Vardagens attention ! GULD-DUBBEL: une gaffe = en tabbe! faire une gaffe = göra bort sig
1882,faire la tête,uttryck,,att tjura,Kalle fait la tête. Deux minutes.,Kalle tjurar. I två minuter.,,Ordagrant 'göra huvudet' – trumpen min. faire la tête à quelqu'un = sura på någon
1883,avoir la flemme,uttryck,,"att inte orka, vara lat",J'ai la flemme de cuisiner.,Jag orkar inte laga mat.,,Talspråksguld! la flemme = latheten (från 'flegma'!). J'ai la flemme = jag pallar inte. Ärlighetens uttryck
1884,avoir le trac,uttryck,,att ha rampfeber,Le trac avant de parler ? Toujours un peu.,Rampfeber före ett tal? Alltid lite.,,"Scenens hemlighet: alla har det, proffsen använder det. le trac = fjärilarna i magen"
1885,à tes souhaits !,uttryck,,prosit!,Atchoum ! — À tes souhaits !,Atjo! — Prosit!,,Ordagrant 'på dina önskningar'! Till ni-personer: à vos souhaits ! Bonus: meilleurs vœux = bästa hälsningar (nyår)
1886,bon courage,uttryck,,"kämpa på, lycka till",Bon courage pour la nuit !,Lycka till i natt!,,"NYANS: bonne chance = tur behövs, bon courage = kraft behövs. Till småbarnsföräldrar: alltid courage"
1887,ça va aller,uttryck,,det ordnar sig,Ça va aller. Promis.,Det kommer ordna sig. Jag lovar.,,"Tröstens tre ord. Ça va aller, mon grand = det ordnar sig, gubben. Franskans varmaste mening"
1888,sous-titre,substantiv,m,undertext,Toujours avec les sous-titres !,Alltid med undertexter!,sous-titrer = att undertexta,sous + titre = 'undertitel'. Den som klipper vertikalvideo vet: texten ska hamna i säkra zonen
1889,version,substantiv,f,version,"En version originale, avec sous-titres.","I originalversion, med undertext.",,"KULTUR: VO = version originale, VF = version française (dubbat). Frankrike dubbar allt – Sverige textar. Lagom vann"
1890,plateau,substantiv,m,bricka; platå; filmset,Silence sur le plateau !,Tystnad i studion!,,"TRIPPEL: serveringsbricka, högplatå OCH inspelningsplats! plateau de fromages = ostbricka. Filmarens arbetsplats"
1891,décor,substantiv,m,"dekor, scenografi",Le décor : parfait. Le budget : zéro.,Scenografin: perfekt. Budgeten: noll.,,Indiefilmarens ekvation. changer de décor = byta miljö. Naturen: bästa gratisdekoren
1892,carrière,substantiv,f,karriär; stenbrott,Une carrière dans une carrière ? Pourquoi pas.,En karriär i ett stenbrott? Varför inte.,,"DUBBEL: karriär OCH stenbrott! Samma ord, via latinets 'väg för vagnar'. En mening gjord för ordvitsmästare"
1893,générique,substantiv,m,"eftertexter, förtexter",On reste jusqu'au générique.,Vi stannar till eftertexterna.,,"générique de fin = eftertexterna. Också adjektiv: generisk. Filmens hela lag, i rullande text"
1894,s'abonner,verb,,"att prenumerera, följa",Abonnez-vous ! Ça aide.,Prenumerera! Det hjälper.,,abonné har du redan → verbet. un abonnement = en prenumeration. Skaparekonomins viktigaste uppmaning
1895,publier,verb,,att publicera,Je publie la vidéo ce soir.,Jag publicerar videon ikväll.,,GRATIS! publier un livre = ge ut en bok. la publication = publiceringen. Knappen som kräver mod
1896,diffuser,verb,,"att sända, sprida",L'épisode est diffusé en direct.,Avsnittet sänds live.,"en direct = live, direktsänt","diffuser = sprida ut (ljus, ljud, program). la diffusion = sändningen. re-diffusion = repris!"
1897,coder,verb,,"att koda, programmera",Je code un petit jeu pour apprendre.,Jag kodar ett litet spel för att lära mig.,un bug = en bugg,"le code = koden. Franska tech-ord är ofta engelska – men verbet coder är helfranskt böjligt: je code, tu codes..."
1898,mettre à jour,uttryck,,att uppdatera,Je mets à jour l'appli.,Jag uppdaterar appen.,,Ordagrant 'sätta till dags'! une mise à jour = en uppdatering. à jour = uppdaterad/ajour – svenskan lånade det!
1899,cap,substantiv,m,kurs; udde,Cap sur les trois mille !,Kurs mot tretusen!,,DUBBEL: kompasskurs OCH udde (le cap Horn)! garder le cap = hålla kursen. mettre le cap sur = sätta kurs mot
1900,bonne continuation,uttryck,,fortsatt lycka till,Mille neuf cents mots. Bonne continuation !,Nittonhundra ord. Fortsatt lycka till!,,Franskans fras till den som är mitt i något bra – ett helt uttryck svenskan saknar. Passar perfekt just här
1901,se pencher,verb,,"att luta sig, böja sig","Penche-toi, tu verras mieux.","Luta dig fram, så ser du bättre.",,se pencher sur = titta närmare på (une question). Nyfikenhetens kroppsspråk
1902,s'allonger,verb,,att lägga sig ner,Je m'allonge cinq minutes. Promis.,Jag lägger mig fem minuter. Jag lovar.,,long → s'allonger = 'göra sig lång'. Föräldralögnen nummer ett: fem minuter
1903,s'étirer,verb,,att sträcka på sig,Je m'étire comme un chat.,Jag sträcker på mig som en katt.,,"tirer har du redan → s'étirer. Morgonens första verb, kattens hela filosofi"
1904,se cogner,verb,,att slå i sig,Je me cogne toujours au même endroit.,Jag slår i mig alltid på samma ställe.,,Dörrkarmens verb. se cogner la tête = slå i huvudet. Statistiskt: alltid lilltån
1905,trébucher,verb,,att snubbla,Je trébuche sur un jouet. Classique.,Jag snubblar på en leksak. Klassiskt.,,Föräldragolvets minfält. trébucher sur les mots = snubbla på orden
1906,sursauter,verb,,"att hoppa till, rycka till",Le téléphone sonne. Je sursaute.,Telefonen ringer. Jag hoppar till.,,sur + sauter = 'hoppa uppåt'. faire sursauter quelqu'un = skrämma någon
1907,bousculer,verb,,att knuffa(s),On se bouscule dans le métro.,Man knuffas i tunnelbanan.,,bousculer les habitudes = skaka om vanorna. Paris i rusningstid: verbet i praktiken
1908,écraser,verb,,"att krossa, mosa",N'écrase pas la fraise !,Mosa inte jordgubben!,,écraser une purée = mosa potatis (purée !). se faire écraser = bli överkörd. Kökets och trafikens verb
1909,tremper,verb,,att blötlägga; doppa,Trempé jusqu'aux os !,Genomblöt in på bara skinnet!,,IDIOM: 'blöt ända till benen' – os minns du (tyst s i plural!). tremper un biscuit = doppa ett kex
1910,transpirer,verb,,att svettas,Je transpire déjà. Il est neuf heures.,Jag svettas redan. Klockan är nio.,,Jfr eng. perspire. transpirer à grosses gouttes = svettas floder
1911,rougir,verb,,att rodna,Je rougis facilement.,Jag rodnar lätt.,,"rouge → rougir! Mönstret: pâlir = blekna, grandir = växa. Färg + -ir = bli"
1912,fuir,verb,,att fly,Je fuis les réunions inutiles.,Jag flyr onödiga möten.,,s'enfuir = rymma. Också läcka: le robinet fuit = kranen läcker! Dubbelanvändbart
1913,hurler,verb,,"att tjuta, vråla",Le vent hurle cette nuit.,Vinden tjuter i natt.,,hurler de rire = tjuta av skratt. hurler avec les loups = tjuta med vargarna = följa flocken
1914,soupirer,verb,,att sucka,Je soupire. Fort. Deux fois.,Jag suckar. Högt. Två gånger.,,un soupir = en suck. Kommunikationsform i alla långvariga relationer
1915,fredonner,verb,,"att gnola, nynna",Je fredonne une berceuse.,Jag gnolar på en vaggvisa.,,Hör du fre-don-ljudet? Nynnandets eget ljudhärmande verb
1916,chatouiller,verb,,att kittla,Je chatouille Kalle. Rires garantis !,Jag kittlar Kalle. Skratt garanterat!,garanti = garanterad (GRATIS),chatouilleux = kittlig. Guili-guili ! = franskans killekille!
1917,gigoter,verb,,att sprattla,Kalle gigote de joie.,Kalle sprattlar av glädje.,,le gigot = lammlägg – gigoter är att 'vifta med benen'! Bebisarnas nationalsport
1918,taquiner,verb,,att retas (snällt),J'aime taquiner Jessica. Un peu.,Jag gillar att retas med Jessica. Lite.,,Snäll retning – aldrig elak. taquin = retsam. Kärleksspråkens gemensamma dialekt
1919,gâter,verb,,att skämma bort,Mamie gâte Kalle. Normal.,Farmor skämmer bort Kalle. Helt normalt.,,un enfant gâté = ett bortskämt barn. Och gâteau ? Obesläktat – men lätt att minnas: kakor skämmer bort!
1920,déguiser,verb,,att klä ut (sig),On se déguise en quoi cette année ?,Vad ska vi klä ut oss till i år?,,un déguisement = en utklädnad. se déguiser en pirate = klä ut sig till pirat
1921,emballer,verb,,att slå in; entusiasmera,J'emballe le cadeau. Mal.,Jag slår in presenten. Dåligt.,,GULD-slang: Je suis emballé ! = jag är såld/eld och lågor! l'emballage = förpackningen
1922,tricoter,verb,,att sticka (garn),Mamie tricote pour Kalle.,Farmor stickar åt Kalle.,,"le tricot = stickning/stickad tröja. Mormorsekonomins grundpelare, i båda länderna"
1923,souligner,verb,,att stryka under; betona,Je souligne l'essentiel.,Jag stryker under det viktigaste.,,sous + ligne = 'under linjen'! Också betona: je souligne que... = jag vill understryka att...
1924,entourer,verb,,att ringa in; omge,Entoure la bonne réponse !,Ringa in rätt svar!,,tour har du redan → entourer. entouré de = omgiven av. l'entourage = kretsen omkring en
1925,supprimer,verb,,"att radera, ta bort",Supprimer ? Oui. Non ! Trop tard.,Radera? Ja. Nej! För sent.,,Delete-knappens verb. supprimer un fichier = radera en fil. Ångern kommer alltid en sekund senare
1926,vibrer,verb,,att vibrera,Le téléphone vibre. On l'ignore.,Telefonen vibrerar. Vi ignorerar den.,,GRATIS! faire vibrer = beröra djupt: cette musique me fait vibrer !
1927,clignoter,verb,,att blinka (lampa),La lampe clignote. Mauvais signe.,Lampan blinkar. Dåligt tecken.,,"le clignotant = blinkersen! Ögat blinkar med cligner, lampan med clignoter"
1928,freiner,verb,,att bromsa,Freine ! Un écureuil !,Bromsa! En ekorre!,le frein = bromsen,Motsats: accélérer = gasa. freiner des quatre fers = bromsa med alla medel
1929,doubler,verb,,att köra om; dubba; dubbla,Le film est doublé en français. Hélas.,Filmen är dubbad till franska. Tyvärr.,,"TRIPPEL: köra om, dubba film OCH fördubbla! VF-kulturen i ett verb. hélas = ack (som du har)"
1930,s'installer,verb,,"att slå sig ner, installera sig",Installe-toi ! Café ?,Slå dig ner! Kaffe?,,Värdskapets verb: Installez-vous ! = känn er som hemma. s'installer en Suède = bosätta sig i Sverige
1931,bouillir,verb,,att koka (bubbla),L'eau bout ! Le thé arrive.,Vattnet kokar! Teet kommer.,,faire bouillir de l'eau = koka upp vatten. bouillir d'impatience = koka av otålighet
1932,mijoter,verb,,"att puttra, sjuda",Ça mijote depuis trois heures.,Det har puttrat i tre timmar.,,GULD-DUBBEL: puttra OCH ha något i görningen: Qu'est-ce que tu mijotes ? = vad har du i kikaren?
1933,éplucher,verb,,att skala,J'épluche les pommes de terre.,Jag skalar potatisen.,,Också granska: éplucher un contrat = finkamma ett kontrakt! Kökets och juristens gemensamma verb
1934,congeler,verb,,att frysa in,Je congèle le reste.,Jag fryser in resten.,le congélateur = frysen,geler har du redan → congeler. Matlådelivets bästa vän
1935,réchauffer,verb,,att värma upp,Je réchauffe les restes. Encore meilleurs !,Jag värmer resterna. Ännu godare!,,re + chauffer (chauffage-familjen!). du réchauffé = uppvärmd gammal skåpmat – även bildligt om idéer!
1936,débarrasser,verb,,att duka av; röja undan,On débarrasse la table ?,Ska vi duka av?,,GULD: Bon débarras ! = skönt att bli av med! le débarras = förrådet (där allt hamnar)
1937,balayer,verb,,att sopa,Je balaie les miettes. Il y en a mille.,Jag sopar smulorna. Det finns tusen.,miette (f) = smula,le balai = kvasten. balayer devant sa porte = sopa framför egen dörr – samma bild som svenskan!
1938,croquer,verb,,"att knapra, bita i",Kalle croque la vie.,Kalle biter i livet med god aptit.,,croque-monsieur = 'knapra-herrn' (varm skinkost-macka!). croquer à pleines dents = ta för sig av livet
1939,grignoter,verb,,"att småäta, knapra",Je grignote entre les repas. Souvent.,Jag småäter mellan målen. Ofta.,,Ljudhärmande gnagande! grignoter du terrain = knapra åt sig mark (även bildligt)
1940,déguster,verb,,"att avnjuta, provsmaka",On déguste. On ne mange pas.,Man avnjuter. Man äter inte.,,une dégustation de vin = en vinprovning. Skillnaden mellan att äta och att äta på franska
1941,savourer,verb,,att njuta av,Je savoure le silence.,Jag njuter av tystnaden.,,la saveur = smaken. savoureux = smakrik. Föräldrars mest sällsynta lyx: fem tysta minuter
1942,se régaler,verb,,"att frossa, tycka det är jättegott",On s'est régalés !,Vi åt så gott!,,MIDDAGENS FINASTE KOMPLIMANG: Je me suis régalé ! Säg det till en fransk kock och bli vän för livet
1943,semer,verb,,att så,On sème en avril. On espère en mai.,Man sår i april. Man hoppas i maj.,,semer la panique = så panik. Också skaka av sig: semer un poursuivant = skaka av sig en förföljare!
1944,récolter,verb,,att skörda,On récolte ce qu'on sème.,Man skördar det man sår.,,Ordspråket är identiskt med svenskans! la récolte = skörden
1945,creuser,verb,,att gräva,Kalle creusera des trous. Partout.,Kalle kommer gräva hål. Överallt.,,creuser une question = gräva djupare i en fråga. Ça creuse ! = det ger aptit! ('gräver' i magen)
1946,colorier,verb,,att färglägga,Colorier sans dépasser ? Impossible.,Färglägga innanför linjerna? Omöjligt.,,couleur → colorier. un coloriage = en målarbild. Framtida fredagsmys-aktivitet
1947,percer,verb,,att borra; slå igenom,Je perce un trou. Le mur gagne.,Jag borrar ett hål. Väggen vinner.,la perceuse = borrmaskinen,GULD-DUBBEL: borra OCH slå igenom som artist: percer dans la musique = slå igenom i musiken!
1948,énerver,verb,,att irritera,Ça m'énerve !,Det irriterar mig!,,énervé har du redan → verbet. Ça m'énerve ! = vardagens mest böjda fras. T'énerve pas ! = ta det lugnt!
1949,vexer,verb,,"att såra, förnärma","Ne te vexe pas, c'est pour rire !","Ta inte illa upp, det är på skoj!",,vexé = stött. Jfr eng. vexed. Retandets gräns går exakt här
1950,s'entendre,verb,,"att komma överens, trivas ihop","On s'entend bien, tous les trois.","Vi trivs bra ihop, alla tre.",,"LÖMSK NYANS: entendre = höra, S'entendre = komma överens! Bien s'entendre avec = gå bra ihop med"
1951,se réconcilier,verb,,att bli sams,On se réconcilie autour d'un café.,Vi blir sams över en kaffe.,,GRATIS-ish (jfr eng. reconcile). Kaffets diplomatiska superkraft
1952,confier,verb,,att anförtro,Je te confie un secret.,Jag anförtror dig en hemlighet.,,confiance har du redan → confier. confier Kalle à Mamie = lämna Kalle i farmors vård
1953,gronder,verb,,att skälla på; mullra,"On ne gronde pas, on explique. En théorie.","Man skäller inte, man förklarar. I teorin.",,DUBBEL: skälla på barn OCH åskan mullrar: le tonnerre gronde ! Föräldraidealens verb
1954,négocier,verb,,att förhandla,On négocie l'heure du dodo.,Vi förhandlar om läggdags.,,GRATIS! Bebisen vinner alltid förhandlingen. non négociable = icke förhandlingsbart
1955,embaucher,verb,,att anställa,On embauche ! Motivé ?,Vi anställer! Motiverad?,,Motsats: licencier = säga upp. l'embauche = anställningen. un entretien d'embauche = en jobbintervju
1956,bosser,verb,,att jobba (vard.),Je bosse ce week-end. Hélas.,Jag jobbar i helgen. Tyvärr.,,Vardagsparet komplett: bosser + le boulot = jobba + jobbet. travailler är för formella sammanhang
1957,assumer,verb,,"att stå för, ta ansvar för",J'assume ! Complètement.,Jag står för det! Helt och hållet.,,FALSK VÄN: inte 'anta' (= supposer)! J'assume = jag står för mina val. Modernt självförtroendeverb
1958,constater,verb,,att konstatera,Je constate. Sans juger.,Jag konstaterar. Utan att döma.,,GRATIS! le constat = konstaterandet (och skadeanmälan vid bilkrock!)
1959,estimer,verb,,"att uppskatta, bedöma",J'estime : deux heures. Donc quatre.,Jag uppskattar: två timmar. Alltså fyra.,,"Projektplaneringens järnlag, giltig på alla språk. estimer quelqu'un = högakta någon"
1960,réciter,verb,,"att recitera, rabbla",Réciter les décimales de pi ? Fait.,Rabbla decimalerna i pi? Avklarat.,,une récitation = uppläsning ur minnet. Vissa tar det längre än andra. Betydligt längre
1961,se lancer,verb,,"att våga sig på, sätta igång","Allez, je me lance !","Okej, jag kör!",,"lancer (kasta) har du redan → 'kasta sig ut'. Entreprenörens, talarens och nybörjarens verb"
1962,apprendre par cœur,uttryck,,att lära sig utantill,J'apprends dix mots par cœur. Par jour.,Jag lär mig tio ord utantill. Om dagen.,,"'Lära med HJÄRTAT' – franskan lägger minnet i hjärtat, inte huvudet! Vackraste minnesuttrycket som finns"
1963,ça tombe bien,uttryck,,det passar bra,Tu es là ? Ça tombe bien !,Är du här? Det passar perfekt!,,tomber = falla → 'det faller bra'. Motsats: ça tombe mal = det passar illa
1964,entendu,uttryck,,"uppfattat, överenskommet",Entendu ! À demain.,Uppfattat! Vi ses imorgon.,,entendre = höra → 'hört' = OK! C'est entendu = det är avgjort. Bien entendu = naturligtvis
1965,à table !,uttryck,,maten är klar!,À table ! ... J'arrive ! (Non.),Maten är klar! ... Jag kommer! (Nej.),,Familjelivets mest ropade fras. passer à table = sätta sig till bords – och vardagligt: börja tjalla!
1966,fais de beaux rêves,uttryck,,dröm sött,"Fais de beaux rêves, Kalle.","Dröm sött, Kalle.",,Ordagrant 'gör vackra drömmar'. Dors bien = sov gott. Kvällens vackraste hemläxa
1967,touchons du bois,uttryck,,"ta i trä, peppar peppar",Il dort depuis huit heures. Touchons du bois.,"Han har sovit i åtta timmar. Peppar, peppar.",,Fransmännen tar också i trä! Je touche du bois = jag tar i trä. Universell vidskepelse
1968,dormir comme un loir,uttryck,,att sova som en stock,Kalle dort comme un loir.,Kalle sover som en stock.,le loir = hasselmusen,Franskan sover som en hasselmus (vintersover sju månader!). Svenskan som en stock. Musen vinner
1969,faire ses nuits,uttryck,,att sova hela natten (bebis),Il fait ses nuits ! (Parfois.),Han sover hela nätterna! (Ibland.),,"FÖRÄLDRAFRANSKANS VIKTIGASTE FRAS. Frågan alla ställer, svaret alla pyntar på"
1970,faire ses dents,uttryck,,att få tänder,Faire ses dents : dur pour tout le monde.,Att få tänder: tufft för alla.,,Ordagrant 'göra sina tänder'. une poussée dentaire = ett tandgenombrott. Courage
1971,pipi / caca,substantiv,m,kiss / bajs,Pipi ? Caca ? Mystère.,Kiss? Bajs? Mysterium.,,Blöjbytets gissningslek. faire pipi = kissa. Barnspråk som hela Frankrike använder utan att skämmas
1972,pousser comme un champignon,uttryck,,att växa så det knakar,Kalle pousse comme un champignon !,Kalle växer som en svamp!,,pousser + champignon – du kan båda! Städer kan också: des villes-champignons = städer som skjuter upp
1973,pile-poil,uttryck,,"precis, exakt (vard.)",Pile-poil à l'heure !,Precis i tid!,,"pile (prick) + poil (hårstrå) – två ord du redan kan, ihopslagna till vardagsguld!"
1974,n'empêche,uttryck,,"i alla fall, ändå","N'empêche, c'était drôle.",Det var i alla fall roligt.,,empêcher (hindra) har du redan. N'empêche que... = det hindrar inte att... Talspråkets 'men ändå'
1975,au pire,uttryck,,i värsta fall,"Au pire, on rit.",I värsta fall skrattar vi.,,pire har du redan. Motsats: au mieux = i bästa fall. Livsfilosofi i två ord
1976,en cachette,uttryck,,i smyg,"En cachette, je mange du chocolat.",I smyg äter jag choklad.,,cacher → en cachette. jouer à cache-cache = leka kurragömma!
1977,pour de vrai,uttryck,,på riktigt,Pour de vrai ?,På riktigt?,,Barnspråkets sanningskontroll. pour de bon = på allvar/för gott. Snart Kalles favoritfråga
1978,entre guillemets,uttryck,,inom citationstecken,"Un « expert », entre guillemets.","En 'expert', inom citattecken.",,les guillemets = de franska « vinkelcitattecknen »! Sägs med fingercitat i luften – precis som hemma
1979,éventuellement,adverb,,"möjligen, eventuellt",Éventuellement demain. On verra.,Möjligen imorgon. Vi får se.,,FALSK VÄN för engelsktalande: INTE 'till slut' (= finalement)! Men svenskans 'eventuellt' stämmer perfekt
1980,récemment,adverb,,nyligen,"Récemment ? C'était hier, donc.",Nyligen? Det var alltså igår.,,récent → récemment. Minns [amɑ̃]-regeln: -emment uttalas [amɑ̃]! Föräldratid: allt var 'nyligen'
1981,quotidien,adjektiv,,daglig; vardag,Le café quotidien : sacré.,Det dagliga kaffet: heligt.,,"TRIPPEL: daglig, vardagen (le quotidien) OCH dagstidning! Mönstret: hebdomadaire = vecko-, mensuel = månads-, annuel = års-"
1982,pareil,adjektiv,,"likadan, samma",Pareil pour moi !,Samma för mig!,,Talspråksguld: Pareil ! = samma här! C'est pareil = det är samma sak. sans pareil = utan like
1983,autrement,adverb,,annars; annorlunda,Autrement dit : non.,Med andra ord: nej.,,"autre → autrement. autrement dit = med andra ord. Dépêche-toi, autrement on est en retard !"
1984,en avance,uttryck,,"i förväg, för tidig",Dix minutes en avance. Un miracle.,Tio minuter för tidig. Ett mirakel.,,Trion: en avance / à l'heure / en retard. GULD: merci d'avance = tack på förhand (mejlets bästa avslut!)
1985,au fur et à mesure,uttryck,,"allteftersom, i takt med","Au fur et à mesure, ça devient facile.",Allteftersom blir det lätt.,,Franskans finaste sätt att säga 'steg för steg medan det händer'. Språkinlärningens exakta beskrivning
1986,au fond,uttryck,,"i grunden, innerst inne","Au fond, on est d'accord.",I grunden är vi överens.,,fond har du redan. au fond de = längst in i. Diskussionens fredsförklaring
1987,ceci dit,uttryck,,med det sagt,"Ceci dit, il a raison.",Med det sagt: han har rätt.,,"Också cela dit. Debattens artiga vändpunkt – först medge, sedan invända"
1988,en attendant,uttryck,,"under tiden, tills vidare","En attendant, on mange.",Under tiden äter vi.,,attendre → 'medan man väntar'. En attendant mieux = i väntan på något bättre
1989,tandis que,konjunktion,,medan,Je code tandis que Kalle dort.,Jag kodar medan Kalle sover.,,"= pendant que, snäppet finare. Också kontrast: medan/whereas. alors que = samma funktion"
1990,vu que,uttryck,,eftersom (vard.),Vu que tu insistes... d'accord.,Eftersom du insisterar... okej.,,"voir → vu = 'sett att'. Talspråkets puisque. Vu le temps, on reste ! = med tanke på vädret stannar vi!"
1991,faute de,uttryck,,i brist på,"Faute de temps, on improvise.",I brist på tid improviserar vi.,improviser = att improvisera (GRATIS),faute (fel) har du redan. Faute de mieux = i brist på bättre. Föräldralivets metod
1992,en vain,uttryck,,förgäves,Chercher les clés. En vain.,Leta efter nycklarna. Förgäves.,,"Jfr eng. in vain. Kort, elegant, uppgiven – väldigt franskt"
1993,jumeau / jumelle,substantiv,m/f,tvilling,"Des jumeaux ? Non, un seul Kalle suffit.","Tvillingar? Nej, en Kalle räcker.",,GULD-DUBBEL: des jumelles = tvillingsystrar OCH en kikare! Två linser = tvillingar. Logiskt!
1994,inconnu,substantiv,m,"främling, okänd",Un inconnu sourit à Kalle. Kalle sourit.,En främling ler mot Kalle. Kalle ler.,,connu (känd) → inconnu. Också matematikens obekanta: l'inconnue de l'équation!
1995,ado,substantiv,m/f,tonåring,Un ado dort autant qu'un bébé.,En tonåring sover lika mycket som en bebis.,,"Kort för adolescent. Franskan klipper allt: ado, appli, ciné, dispo. Effektivt folk"
1996,enfance,substantiv,f,barndom,L'enfance de Kalle commence bien.,Kalles barndom börjar bra.,,"Mönstret: enfance, adolescence, vieillesse (ålderdom). un souvenir d'enfance = ett barndomsminne"
1997,célibataire,substantiv,m/f,singel,Célibataire ? Non : très occupé.,Singel? Nej: väldigt upptagen.,,GRATIS-ish (jfr eng. celibate – men betyder bara ogift/singel!). une vie de célibataire = singelliv
1998,parrain / marraine,substantiv,m/f,gudfar / gudmor,Le parrain et la marraine de Kalle.,Kalles gudfar och gudmor.,,Le Parrain = Gudfadern (filmen!). Också fadder i föreningar: parrainer = sponsra/vara fadder
1999,puce,substantiv,f,loppa; chip; gumman,Une puce électronique. Ou un insecte. Ou un surnom !,Ett chip. Eller en insekt. Eller ett smeknamn!,,TRIPPEL! Ma puce = gumman/älskling (vanligaste barnsmeknamnet!). le marché aux puces = loppmarknaden!
2000,poing,substantiv,m,knytnäve,Kalle serre le poing. Fort.,Kalle knyter näven. Hårt.,,HOMOFON med point [pwɛ̃]! GULD: dormir à poings fermés = sova djupt ('med knutna nävar') – bebisars specialitet
2001,souffle,substantiv,m,"andedräkt, anda",À bout de souffle !,Helt andfådd!,,souffler → le souffle. couper le souffle = ta andan ur en. À bout de souffle = även klassisk fransk film (1960)
2002,cuisse,substantiv,f,lår,Une aile ou une cuisse ?,Vinge eller lår?,,Söndagskycklingens klassiska fråga. cuisses de grenouille = grodlår (mer myt än vardag!)
2003,frisson,substantiv,m,rysning,Des frissons ! Quelle musique !,Rysningar! Vilken musik!,,J'ai des frissons = jag ryser (bra musik ELLER feber – sammanhanget avgör). frissonner = rysa
2004,chair de poule,uttryck,,gåshud,Cette chanson me donne la chair de poule.,Den där låten ger mig gåshud.,"la chair = kött, hull; la poule = höna","NYANS-SKRATT: svenskan säger GÅShud, franskan HÖNSkött! Samma knottror, olika fågel"
2005,sagesse,substantiv,f,"visdom, klokhet",La sagesse vient en dormant ?,Kommer visdomen när man sover?,,sage → sagesse. GULD: une dent de sagesse = en visdomstand – exakt som svenskan!
2006,folie,substantiv,f,galenskap,C'est de la folie !,Det är rena galenskapen!,,fou → folie. à la folie = vansinnigt mycket (je t'aime à la folie !). un grain de folie = ett stänk galenskap
2007,cauchemar,substantiv,m,mardröm,Un cauchemar ? Viens là.,En mardröm? Kom hit.,,Motsatsen till rêve. Trösten är dock likadan på alla språk: famnen
2008,fou rire,uttryck,,skrattattack,Un fou rire au pire moment.,En skrattattack i värsta möjliga stund.,,'Galet skratt'. avoir un fou rire = få en okontrollerbar skrattattack. Kyrktyst rum = garanterad utlösare
2009,solitude,substantiv,f,ensamhet,Un peu de solitude ? Le rêve.,Lite ensamhet? En dröm.,,seul → solitude. Ordet bytte laddning vid föräldraskapet: från problem till lyx
2010,vacarme,substantiv,m,"oväsen, larm","Quel vacarme ! Ah non, c'est nous.","Vilket oväsen! Ah nej, det är vi.",,Synonym på slang: le boucan. faire du vacarme = föra oväsen. Familjens ljudsignatur
2011,fourmi,substantiv,f,myra,Une fourmi porte dix fois son poids.,En myra bär tio gånger sin vikt.,,GULD-idiom: avoir des fourmis dans les jambes = ha 'myror i benen' = domna/vilja röra sig – som svenskans myrkrypningar!
2012,coccinelle,substantiv,f,nyckelpiga,Une coccinelle sur la main de Kalle.,En nyckelpiga på Kalles hand.,,Barnens favoritinsekt. VW-bubblan heter la Coccinelle på franska!
2013,serpent,substantiv,m,orm,Pas de serpents dangereux en Suède. Presque.,Inga farliga ormar i Sverige. Nästan.,,Jfr eng. serpent. un serpent qui se mord la queue = ett moment 22 ('orm som biter sin svans')
2014,hérisson,substantiv,m,igelkott,Un hérisson traverse le jardin !,En igelkott går över trädgården!,,"se hérisser = resa sig (om hår/taggar). Trädgårdens taggiga nattgäst, älskad i båda länderna"
2015,chauve-souris,substantiv,f,fladdermus,La chauve-souris : une « souris chauve » !,Fladdermusen: en 'flintskallig mus'!,chauve = flintskallig,"ETYMOLOGI-SKRATT: ordagrant 'skallig mus'! Svenskan såg en fladdrande mus, franskan en flintis. Båda hade fel"
2016,cerf,substantiv,m,hjort,Un cerf sur la route. Freine !,En hjort på vägen. Bromsa!,,"UTTAL: [sɛʁ], f:et tyst! GULD: un cerf-volant = en drake (leksaken) – 'flygande hjort'!"
2017,sanglier,substantiv,m,vildsvin,Un sanglier dans le jardin. Panique.,Ett vildsvin i trädgården. Panik.,,Frankrikes och Sveriges gemensamma trädgårdsproblem. Känd från serietidningarnas gallermiddagar
2018,hibou,substantiv,m,uggla,"Le hibou dort le jour. Comme nous, presque.","Ugglan sover på dagen. Som vi, nästan.",,"Minns chouette ! (toppen!) – det betyder också uggla! hibou har örontofsar, chouette inte. Nu kan du skilja ugglor"
2019,cygne,substantiv,m,svan,Des cygnes sur le lac.,Svanar på sjön.,,HOMOFON med signe (tecken) [siɲ]! le chant du cygne = svanesången – sista storverket
2020,pigeon,substantiv,m,duva,Les pigeons de Paris n'ont peur de rien.,Paris duvor är inte rädda för något.,,GULD-slang: se faire pigeonner = bli lurad/blåst! un pigeon = en lättlurad person
2021,hirondelle,substantiv,f,svala,Une hirondelle ne fait pas le printemps.,En svala gör ingen sommar.,,"ORDSPRÅKS-NYANS: franskan säger VÅREN, svenskan SOMMAREN! Samma fågel, olika årstid, samma visdom"
2022,plume,substantiv,f,fjäder; penna,Léger comme une plume.,Lätt som en fjäder.,,DUBBEL: fjäder OCH författarpenna (un écrivain à la belle plume = en stilsäker skribent)
2023,aile,substantiv,f,vinge,L'oiseau ouvre ses ailes.,Fågeln breder ut vingarna.,,"voler de ses propres ailes = flyga med egna vingar = stå på egna ben. Föräldraskapets slutmål, om typ tjugo år"
2024,patte,substantiv,f,"tass, ben (djur)",Le chat donne la patte.,Katten ger tassen.,,"GULD-TRIO: pâte (deg), pâtes (pasta), patte (tass) – accenten och t:na avgör! à quatre pattes = på alla fyra (Kalle snart!)"
2025,épuisé,adjektiv,,"utmattad, slutsåld",Épuisé mais heureux.,Utmattad men lycklig.,,Föräldraskapets officiella adjektiv. DUBBEL: en bok kan också vara épuisé = slutsåld!
2026,crevé,adjektiv,,slutkörd; punkterad,"Crevé, mais content.","Slutkörd, men nöjd.",,"crever = punktera → crevé = 'punkterad' av trötthet! un pneu crevé = ett punkterat däck (pneu = däck, kommer strax)"
2027,débordé,adjektiv,,överhopad,"Débordé, comme d'habitude.","Överhopad, som vanligt.",,déborder = svämma över → 'översvämmad' av jobb. Je suis débordé ! = modern tids vanligaste ursäkt
2028,reconnaissant,adjektiv,,tacksam,Reconnaissant pour tout ça.,Tacksam för allt det här.,,reconnaître → reconnaissant = 'igenkännande' det goda. la reconnaissance = tacksamheten
2029,tiède,adjektiv,,ljummen,Le biberon est tiède. Parfait.,Nappflaskan är ljummen. Perfekt.,,Bebistemperaturens exakta ord: varken chaud eller froid. Också bildligt: un accueil tiède = ett ljumt mottagande
2030,croustillant,adjektiv,,knaprig,La baguette croustillante du matin.,Morgonens knapriga baguette.,,croquer-familjen! Också bildligt: des détails croustillants = saftiga detaljer (skvaller!)
2031,moelleux,adjektiv,,"mjuk, saftig (bakverk)",Un gâteau moelleux. Le rêve.,En saftig kaka. Drömmen.,fondant = smältande,"Texturparet komplett: croustillant utanpå, moelleux inuti – fransk bakkonst i två ord"
2032,dégoûtant,adjektiv,,äcklig,Dégoûtant ! ... Encore ?,Äckligt! ... Mer?,Beurk ! = blä!,"goût → dé-goût-ant = 'av-smakande'. Småbarnsmatbordets recension, ofta följd av öppen mun"
2033,bio,adjektiv,,ekologisk,"Bio, local, cher.","Eko, närodlat, dyrt.",,Kort för biologique. Böjs inte: des œufs bio. Mataffärens moderna treenighet
2034,surgelé,adjektiv,,djupfryst,Des légumes surgelés. Pas de honte.,Djupfrysta grönsaker. Ingen skam.,,congeler minns du → surgelé = 'superfryst'. Kedjan Picard säljer BARA fryst – och fransmännen älskar den
2035,pourri,adjektiv,,rutten; usel,La banane est pourrie. Le smoothie est né.,Bananen är rutten. Smoothien är född.,,pourrir = ruttna. GULD-slang: un film pourri = en usel film. un été pourri = en regnsommar!
2036,tordu,adjektiv,,"böjd, sned; skruvad",Un clou tordu. Mon record : dix.,En böjd spik. Mitt rekord: tio.,tordre = att vrida,"GULD: un humour tordu = en skruvad humor. l'esprit tordu = vriden fantasi. Snickeri och komik, samma adjektiv"
2037,creux / creuse,adjektiv,,ihålig; lågtrafik-,Les heures creuses : moins cher.,Låglasttimmarna: billigare.,,creuser → creux. heures creuses = eltimmarna alla svenskar numera kan utantill! avoir un petit creux = vara lite hungrig
2038,lisse,adjektiv,,slät,Lisse comme la joue de Kalle.,Slät som Kalles kind.,rugueux = skrovlig,Motsatsparet lisse/rugueux. Bebiskinden: mänsklighetens referensyta
2039,collant,adjektiv,,klibbig,Des doigts collants : signature de Kalle.,Klibbiga fingrar: Kalles signatur.,,coller → collant. DUBBEL: des collants = tights/strumpbyxor! Och en person kan vara collant = klängig
2040,glissant,adjektiv,,hal,"Attention, c'est glissant !","Akta, det är halt!",,glisser → glissant. Verglas + glissant = svensk vinter i två glosor. un terrain glissant = ett minerat ämne
2041,sapin,substantiv,m,gran,Un sapin de Noël en juillet ? Non.,En julgran i juli? Nej.,,ça sent le sapin = 'det luktar gran' = slutet närmar sig (kistvirke!). Mörk fransk humor
2042,bouleau,substantiv,m,björk,Le bouleau : l'arbre suédois.,Björken: det svenska trädet.,,"HOMOFON med boulot (jobb)! Métro, boulot, dodo – men aldrig métro, bouleau, dodo"
2043,mousse,substantiv,f,mossa; skum; mousse,De la mousse sur les pierres.,Mossa på stenarna.,,"TRIPPEL: mossa, skum (raklödder, ölskum!) och chokladmousse. Skogens, badrummets och dessertens ord"
2044,caillou,substantiv,m,småsten,Kalle ramasse des cailloux. Trésors !,Kalle plockar småstenar. Skatter!,,Plural: des cailloux (x!). Fickornas eviga innehåll. Också: flintskalle på slang!
2045,boue,substantiv,f,"lera, gyttja",De la boue partout. Le bonheur.,Lera överallt. Lyckan.,,HOMOFON med bout (ände)! Barndomens finaste material. un bain de boue = ett gyttjebad
2046,flaque,substantiv,f,vattenpöl,Kalle verra une flaque. Kalle sautera.,Kalle kommer se en pöl. Kalle kommer hoppa.,,une flaque d'eau = en vattenpöl. Fysikens lag: barn + pöl = hopp. Ingen känd motkraft
2047,fumée,substantiv,f,rök,Pas de fumée sans feu.,Ingen rök utan eld.,,Ordspråket är exakt svenskans! fumer = röka. un écran de fumée = en rökridå (även bildligt)
2048,flamme,substantiv,f,låga,La flamme de la bougie danse.,Ljuslågan dansar.,,Minns déclarer sa flamme = förklara sin kärlek! Nu har du själva lågan. plein de flamme = eldsjäl
2049,sécheresse,substantiv,f,torka,La sécheresse inquiète les jardiniers.,Torkan oroar trädgårdsmästarna.,,"sec → sécheresse. Mönstret -esse igen: gentillesse, tristesse, vitesse"
2050,incendie,substantiv,m,brand,"Un incendie de forêt, vite maîtrisé.","En skogsbrand, snabbt under kontroll.",,OBS: UN incendie (maskulinum trots -ie!). les pompiers minns du – deras huvudmotståndare
2051,éclaircie,substantiv,f,"solglimt, uppehåll","Une éclaircie ! Vite, dehors !","En solglimt! Fort, ut!",,éclairer-familjen: clair → éclaircie. Det svensk-franska sommarordet: fönstret mellan två regn
2052,averse,substantiv,f,regnskur,Une averse. Puis le soleil. Puis une averse.,En skur. Sedan sol. Sedan en skur.,,Sommarens rytm. Ordagrant 'nedhällning'. Mellan averserna: éclaircies!
2053,goutte,substantiv,f,droppe,Une goutte de pluie. Puis mille.,En regndroppe. Sedan tusen.,,GULD-idiom: la goutte d'eau qui fait déborder le vase = droppen som får bägaren att rinna över (déborder = svämma över – därav débordé!)
2054,gourde,substantiv,f,vattenflaska,La gourde de Kalle est verte.,Kalles vattenflaska är grön.,,Också: en tönt (quelle gourde !). Flaskan eller förolämpningen – tonläget avgör
2055,allumette,substantiv,f,tändsticka,"Les allumettes, très loin de Kalle.","Tändstickorna, långt från Kalle.",le briquet = tändaren,allumer → allumette = 'liten tändare'. Sverige var en gång tändstickornas stormakt – fråga Jönköping
2056,cheminée,substantiv,f,öppen spis; skorsten,Un feu dans la cheminée.,En brasa i öppna spisen.,,DUBBEL: spisen OCH skorstenen – samma ord för hela systemet! Le Père Noël passe par la cheminée
2057,parquet,substantiv,m,parkettgolv,Le parquet grince. Mission : ninja.,Parketten knarrar. Uppdrag: ninja.,"grincer = att knarra, gnissla",Sovande bebis + knarrande golv = föräldrafysikens svåraste problem. Svenskan lånade ordet!
2058,évier,substantiv,m,diskho,L'évier est plein. Encore.,Diskhon är full. Igen.,,Köksdiskhon! Badrummets handfat heter lavabo. Franskan skiljer på hoarna
2059,passoire,substantiv,f,durkslag,Ma mémoire ? Pas une passoire.,Mitt minne? Inget durkslag.,,GULD-idiom: une mémoire de passoire = ett minne som ett såll! Vissa tar det personligt. Med rätta
2060,fouet,substantiv,m,visp,Un fouet pour la crème.,En visp till grädden.,,DUBBEL: visp OCH piska! fouetter = vispa/piska. donner un coup de fouet = ge en energikick!
2061,louche,substantiv,f,slev,Une louche de soupe. Deux louches.,En slev soppa. Två slevar.,,GULD-DUBBEL: slev OCH skum/suspekt (adjektiv): C'est louche ! = det är skumt! Soppslev eller misstanke
2062,tire-bouchon,substantiv,m,korkskruv,Le tire-bouchon a disparu. Drame national.,Korkskruven är försvunnen. Nationellt drama.,,tirer + bouchon = 'dra-kork'. Frankrikes viktigaste verktyg. en tire-bouchon = korkskruvsformad (grisens svans!)
2063,couverts,substantiv,m pl,bestick,"Les couverts : fourchette, couteau, cuillère.","Besticken: gaffel, kniv, sked.",,mettre le couvert = duka. Samlingsordet som knyter ihop hela bestickslådan
2064,cafetière,substantiv,f,kaffebryggare,"La cafetière d'abord. Ensuite, le monde.",Kaffebryggaren först. Sedan världen.,,"café → cafetière. Mönstret: théière = tekanna. Morgonens maktordning, korrekt återgiven"
2065,balance,substantiv,f,våg,La balance dit la vérité. Hélas.,Vågen säger sanningen. Tyvärr.,,DUBBEL: våg OCH stjärntecknet Vågen! Slang: une balance = en tjallare (väger åt båda håll...)
2066,dé,substantiv,m,tärning,On lance le dé !,Vi kastar tärningen!,,GULD: Les dés sont jetés ! = tärningen är kastad (Caesar!). Också fingerborg: dé à coudre. Spelkvällens minsta huvudperson
2067,puzzle,substantiv,m,pussel,Un puzzle de mille pièces. Un jour.,Ett tusenbitarspussel. En vacker dag.,,UTTAL på franska: [pœzl]! Lånord som franskan uttalar på sitt eget vis. pièce du puzzle = pusselbit (även bildligt)
2068,veilleuse,substantiv,f,nattlampa,La veilleuse reste allumée.,Nattlampan får vara tänd.,,veiller (vaka) → veilleuse = 'den lilla som vakar'. Barnkammarens trognaste väktare. mettre en veilleuse = sätta på sparlåga
2069,bavoir,substantiv,m,haklapp,Le bavoir : indispensable.,Haklappen: oumbärlig.,baver = att dregla; indispensable = oumbärlig,baver → bavoir = 'dregelfångaren'. Ärligast namngivna plagget i garderoben
2070,lingette,substantiv,f,våtservett,Des lingettes partout. Toujours.,Våtservetter överallt. Alltid.,,"linge (tvätt/linne) → lingette = 'liten duk'. Föräldraskapets universalverktyg, aldrig inom räckhåll"
2071,thermomètre,substantiv,m,termometer,Le thermomètre dit trente-huit.,Termometern säger trettioåtta.,,GRATIS! thermo (värme) + mètre (mått). Bebislådans allvarligaste instrument
2072,peigne,substantiv,m,kam,Un peigne pour trois cheveux.,En kam för tre hårstrån.,,peigner = kamma. se peigner = kamma sig. Bebisfrisyrens hela verktygslåda
2073,brosse,substantiv,f,borste,La brosse à dents de Kalle : minuscule.,Kalles tandborste: pytt-liten.,,"brosse à dents, brosse à cheveux – borsten specificeras med à. coupe en brosse = snaggat hår!"
2074,dentifrice,substantiv,m,tandkräm,"Le dentifrice à la fraise, évidemment.","Jordgubbstandkrämen, såklart.",,dent + frice ('gnugg') = 'tandgnugg'. Barnlogik: allt viktigt smakar jordgubb
2075,balançoire,substantiv,f,gunga,La balançoire du parc : la préférée.,Gungan i parken: favoriten.,le toboggan = rutschkanan; le bac à sable = sandlådan,"balancer = gunga/svänga. Lekplatsens heliga treenighet: gunga, rutschkana, sandlåda"
2076,corde,substantiv,f,rep,"Une corde à sauter, deux pieds, zéro rythme.","Ett hopprep, två fötter, noll rytm.",,NU förstår du il pleut des cordes = regnet står som spön ('det regnar rep')! corde också = sträng (gitarr!)
2077,nœud,substantiv,m,knut,Un nœud impossible dans les lacets.,En omöjlig knut i skosnörena.,,UTTAL: [nø]. un nœud papillon = en fluga ('fjärilsknut' – minns papillon!). Sjömanskunskap möter vardagsfrustration
2078,scotch,substantiv,m,tejp,Du scotch ! Vite !,Tejp! Fort!,,"Varumärket blev ordet, precis som svenskans 'tejp'. scotcher = tejpa – och vardagligt: être scotché = vara fastklistrad (framför skärmen)!"
2079,cirque,substantiv,m,cirkus,Quel cirque pour un bain !,Vilket cirkus för ett bad!,le clown = clownen,DUBBEL: cirkusen OCH ståhejet – precis som svenskan! faire son cirque = spela apa
2080,pantoufle,substantiv,f,toffla,En pantoufles toute la journée.,I tofflor hela dagen.,,Hemmakontorets uniform. GULD: un chausson = också toffla – OCH chausson aux pommes = äppelmunk!
2081,maillot,substantiv,m,baddräkt; tröja (sport),Le maillot de bain de Kalle : minuscule.,Kalles badbyxor: pyttesmå.,,Babysimmets minsta plagg! GULD: le maillot jaune = gula ledartröjan i Tour de France
2082,ceinture,substantiv,f,"bälte, skärp",Attache ta ceinture !,Ta på dig bältet!,,ceinture de sécurité = säkerhetsbälte. GULD-idiom: se serrer la ceinture = dra åt svångremmen – exakt som svenskan!
2083,cravate,substantiv,f,slips,Une cravate ? Pour quoi faire ?,En slips? Till vad då?,,Frilansarens eviga fråga. Ordet kommer från 'croate' – kroatiska soldaters halsdukar på 1600-talet!
2084,costume,substantiv,m,kostym; dräkt,Un costume pour les grandes occasions.,En kostym för stora tillfällen.,,DUBBEL: kostym OCH utklädnad (un costume de pirate)! déguiser-familjen möter finkläderna
2085,fermeture éclair,substantiv,f,blixtlås,La fermeture éclair est coincée.,Blixtlåset har fastnat.,"coincé = fastklämd, fast",'Blixtstängning' – SAMMA logik som svenskans blixtlås! éclair minns du: blixten och bakelsen
2086,capuche,substantiv,f,luva,Capuche et café : mode suédoise.,Luva och kaffe: svenskt mode.,,un sweat à capuche = en hoodie. Från cape (mantel) – Rödluvans plagg i modern tappning
2087,manche,substantiv,f/m,ärm; skaft,Les manches sont trop longues.,Ärmarna är för långa.,,"GENUS-TRIPPEL: LA manche = ärm, LE manche = skaft, LA Manche = Engelska kanalen! Och: une autre paire de manches = en helt annan femma"
2088,lacet,substantiv,m,skosnöre,Kalle apprendra les lacets. Un jour.,Kalle kommer lära sig skosnören. En dag.,,Föräldramilstolpe nummer 847. des virages en lacets = serpentinvägar ('snörkurvor')!
2089,pointure,substantiv,f,skostorlek,Quelle pointure ? Vingt et un.,Vilken skostorlek? Tjugoett.,,"NYANS: taille = klädstorlek, pointure = SKOstorlek! GULD: une pointure = en storhet inom sitt fält"
2090,la une,substantiv,f,förstasidan,En une du journal !,På tidningens förstasida!,,faire la une = hamna på löpsedeln. Sidan som heter 'ettan' – precis som svensk tidningsjargong
2091,serveur,substantiv,m,server; kypare,Le serveur est en panne. Lequel ?,Servern ligger nere. Vilken av dem?,,"DUBBEL: datorservern OCH kyparen! Båda serverar, båda kan krascha en kväll"
2092,écouteurs,substantiv,m pl,hörlurar,Mes écouteurs ! Enfin le silence.,Mina hörlurar! Äntligen tystnad.,le casque = hjälm; stora hörlurar,écouter → écouteurs. casque = BÅDE hjälm och over-ear-lurar – sammanhanget skyddar huvudet
2093,onglet,substantiv,m,flik,Cinquante onglets ouverts. Minimum.,Femtio flikar öppna. Minst.,,ongle (nagel) → onglet = 'liten nagel' – fliken man greppar med nageln! Webbläsarlivets sanning
2094,documentaire,substantiv,m,dokumentär,Un documentaire sur la mémoire ? Pourquoi pas.,En dokumentär om minnet? Varför inte.,,GRATIS! le docu på vardagsspråk. Kvällens ambitiösa val som blir tre avsnitt av något annat
2095,devinette,substantiv,f,gåta,Une devinette pour toi !,En gåta till dig!,"énigme (f) = gåta, mysterium",deviner → devinette. Barnkalasens och frågesportens ord. poser une devinette = ge någon en gåta
2096,sondage,substantiv,m,opinionsundersökning,Un sondage le dit. Donc c'est vrai ?,En undersökning säger det. Alltså är det sant?,,sonder = pejla (havsdjup!). Medielitteracitet: fråga alltid vem som frågade vad
2097,interview,substantiv,f,intervju,"Une interview à la radio, demain.","En intervju i radio, imorgon.",,GRATIS lånord – men OBS: UNE interview! interviewer = intervjua. Fransk-engelska i skön förening
2098,rumeur,substantiv,f,rykte,Une rumeur ? Vérifions.,Ett rykte? Vi kollar.,,Jfr eng. rumour. La rumeur court... = ryktet går... Verifieringens tidevarv
2099,source,substantiv,f,källa,Vérifie la source. Toujours.,Kolla källan. Alltid.,,DUBBEL: vattenkälla OCH informationskälla – precis som svenskan! de source sûre = från säker källa
2100,citation,substantiv,f,citat,"Une citation célèbre, sans source.","Ett berömt citat, utan källa.",citer = att citera,Internets specialitet: Einstein sa aldrig det där. fin de citation = slut citat
2101,ingrédient,substantiv,m,ingrediens,"Trois ingrédients, c'est tout.","Tre ingredienser, det är allt.",,GRATIS! l'ingrédient secret = den hemliga ingrediensen (alltid smör)
2102,tranche,substantiv,f,skiva,"Une tranche de pain, deux de fromage.","En skiva bröd, två ost.",trancher = att skära; avgöra,GULD: une tranche de vie = en bit ur livet. trancher = också avgöra: Il faut trancher ! = vi måste bestämma!
2103,bouchée,substantiv,f,"tugga, munsbit",Une bouchée pour maman... une pour papa...,En tugga för mamma... en för pappa...,la gorgée = klunken,bouche → bouchée. Matningsformeln! GULD: mettre les bouchées doubles = jobba dubbelt så fort
2104,épicerie,substantiv,f,"närbutik, speceriaffär",L'épicerie du coin sauve des vies.,Hörnbutiken räddar liv.,,Kedjan komplett: épice (krydda) → épicé (kryddig) → épicerie ('kryddboden'). Svenskans 'specerier' – samma rot!
2105,compote,substantiv,f,mos (frukt),De la compote de pommes pour Kalle.,Äppelmos till Kalle.,le petit pot = barnmatsburken,Bebismatens grundpelare. compote de pommes = äppelmos. Vuxenversion: med kanel (cannelle!)
2106,biscuit,substantiv,m,kex,Un biscuit ? Deux biscuits.,Ett kex? Två kex.,,bis + cuit = 'två gånger gräddat' – skorpans ursprungliga teknik! Förhandlingen slutar alltid på två
2107,tisane,substantiv,f,örtte,Une tisane avant de dormir.,Ett örtte före läggdags.,,"NYANS: thé = te från teplantan, tisane = allt annat (kamomill, verveine...). Fransk kvällsritual"
2108,paille,substantiv,f,sugrör; halm,Une paille pour le jus !,Ett sugrör till juicen!,,DUBBEL: sugrör OCH halm – sugröret VAR ett halmstrå! être sur la paille = vara pank ('ligga på halmen')
2109,grain,substantiv,m,korn,Un grain de riz. Mille grains de riz.,Ett riskorn. Tusen riskorn.,,un grain de folie minns du – galenskapskornet! GULD: avoir un grain = vara lite knäpp. un grain de beauté = en skönhetsfläck!
2110,pincée,substantiv,f,nypa,"Une pincée de sel, pas plus.","En nypa salt, inte mer.",pincer = att nypa,Receptens minsta måttenhet. Exakt som svenskans 'nypa' – fingrarna som mätinstrument
2111,routine,substantiv,f,rutin,"La routine du soir : bain, conte, dodo.","Kvällsrutinen: bad, saga, sova.",,"GRATIS! Tre ord du redan kan, i helig ordning. métro, boulot, dodo – vardagsrutinens klassiker"
2112,réflexe,substantiv,m,reflex,Nouveau réflexe : tout vérifier.,Ny reflex: kolla allt.,,GRATIS! avoir de bons réflexes = reagera snabbt. Föräldrareflexen: armen ut vid inbromsning
2113,majorité,substantiv,f,majoritet,La majorité dort. Pas nous.,Majoriteten sover. Inte vi.,la minorité = minoriteten,GRATIS! Också myndighetsålder: la majorité = 18 år i Frankrike. atteindre sa majorité = bli myndig
2114,valeur,substantiv,f,värde,Les valeurs comptent plus que les choses.,Värderingar betyder mer än saker.,,DUBBEL: värde OCH värdering. mettre en valeur = framhäva. Objet de valeur = värdesak
2115,principe,substantiv,m,princip,Par principe !,Av princip!,,"GULD: en principe = i princip/i teorin – franskans mest använda reservation. Le principe, c'est le principe"
2116,témoin,substantiv,m,vittne; stafettpinne,Le témoin a tout vu.,Vittnet såg allt.,,"GULD-DUBBEL: vittne OCH stafettpinne! passer le témoin = lämna över stafettpinnen – rättssal och löparbana, samma ord"
2117,procès,substantiv,m,rättegång,Un procès ? Non merci.,En rättegång? Nej tack.,,"UTTAL: [pʁɔsɛ], s:et tyst. avocat-cirkeln sluts: advokaten hör hemma här. faire le procès de = döma ut"
2118,amende,substantiv,f,böter,Une amende ? Pour quoi ?!,Böter? För vadå?!,,Minns une prune (vard. böter)? Här är det riktiga ordet! HOMOFON-varning: amande = mandel. Böter eller nöt – accenten avgör
2119,mairie,substantiv,f,"kommunhus, rådhus",Tout passe par la mairie.,Allt går via kommunhuset.,le maire = borgmästaren,"Fransk byråkratis hjärta: vigslar, blanketter, stämplar. Varje by har sin mairie – och sin stolthet"
2120,défilé,substantiv,m,parad,Le défilé du quatorze juillet.,Paraden den fjortonde juli.,,défiler = tåga förbi. Nationaldagens klassiker på Champs-Élysées. Också modevisning: défilé de mode!
2121,feu d'artifice,substantiv,m,fyrverkeri,Le feu d'artifice du nouvel an.,Nyårsfyrverkeriet.,,'Konstgjord eld' – artifice = konstgrepp! Kalle sover igenom sitt första. Tur det
2122,CV,substantiv,m,CV,"Le CV : une page, pas plus.","CV:t: en sida, inte mer.",,"curriculum vitae – latin, som svenskan. Uttalas [se-ve]. Alla ljuger lite om Excel-kunskaperna"
2123,entretien,substantiv,m,intervju; underhåll,L'entretien s'est bien passé !,Intervjun gick bra!,,DUBBEL: entretien d'embauche = jobbintervju (embaucher!) OCH underhåll/skötsel. Samtalet och servicen
2124,congé,substantiv,m,ledighet,Congé parental : merci la Suède.,Föräldraledighet: tack Sverige.,,"les congés payés = betald semester – fransk uppfinning 1936, nationalhelgedom! prendre congé = ta avsked"
2125,férié,adjektiv,,helgdags-,Un jour férié = un jour parfait.,En helgdag = en perfekt dag.,,jour férié = röd dag. Frankrike har elva. Maj månad: ett hoppborgsschema av lediga dagar
2126,devis,substantiv,m,offert,"Un devis gratuit, sans engagement.","En gratis offert, utan förbindelse.",,"UTTAL: [dəvi], s:et tyst. demander un devis = begära offert. Hantverkarlivets första dokument"
2127,bénéfice,substantiv,m,vinst,Du bénéfice ? Un peu. Assez.,Vinst? Lite. Tillräckligt.,la perte = förlusten,GRATIS-ish (jfr eng. benefit). le bénéfice du doute = the benefit of the doubt – samma uttryck!
2128,chiffre d'affaires,uttryck,m,omsättning,Le chiffre d'affaires monte doucement.,Omsättningen stiger sakta.,,'Affärssiffran' = omsättningen. Förkortas CA. chiffre + affaires – två ord du redan äger
2129,comptable,substantiv,m/f,"revisor, redovisningskonsult",Ma comptable a toujours raison.,Min redovisningskonsult har alltid rätt.,,compter → comptable = 'räknaren'. la comptabilité = bokföringen. Företagarens viktigaste allierade – sant
2130,virement,substantiv,m,överföring,Le virement est parti !,Överföringen är gjord!,,virer = föra över (och vard: sparka någon!). virement bancaire = banköverföring. Fakturans lyckliga slut
2131,épargne,substantiv,f,sparande,"L'épargne d'abord, le reste ensuite.","Sparandet först, resten sedan.",épargner = att spara; skona,DUBBEL på verbet: épargner = spara pengar OCH skona någon: Épargne-moi les détails ! = bespara mig detaljerna!
2132,intérêt,substantiv,m,ränta; intresse,Sans intérêt ? Très intéressant.,Utan ränta? Mycket intressant.,,DUBBEL: ränta OCH intresse! les intérêts = räntorna. avoir intérêt à = göra klokt i att
2133,compétence,substantiv,f,"kompetens, färdighet",Nouvelle compétence : dormir assis.,Ny färdighet: sova sittande.,,GRATIS! CV-ordet framför andra. développer ses compétences = utveckla sina färdigheter
2134,loisir,substantiv,m,fritidsintresse,Mes loisirs ? Trop nombreux.,Mina hobbyer? För många.,,"les loisirs = fritiden/hobbyerna. avoir le loisir de = ha möjlighet att. Ett liv, tusen projekt"
2135,récré,substantiv,f,rast,La récré ! Enfin !,Rasten! Äntligen!,,"Kort för récréation ('åter-skapelse' – vila!). Skolans mest älskade klockringning, i alla länder"
2136,cantine,substantiv,f,"matsal, bamba","À la cantine, on mange bien. Parfois.",I bamban äter man gott. Ibland.,,"Fransk skolmat: tre rätter, ostbricka, vattenkaraff. Sant! Svensk skolmat: knäckebröd. Också sant"
2137,maternelle,substantiv,f,förskola,La maternelle commence à trois ans.,Förskolan börjar vid tre år.,,Kedjan: crèche → maternelle → primaire → collège → lycée. Frankrike skolstartar vid TRE – obligatoriskt!
2138,rentrée,substantiv,f,"skolstart, terminsstart",La rentrée : une institution française.,Skolstarten: en fransk institution.,,"rentrer → la rentrée. HELA Frankrike börjar om i september: skolan, jobben, politiken, TV:n. Årets riktiga nyår"
2139,cour,substantiv,f,gård; hov,"La cour de récré, le vrai monde.","Skolgården, den verkliga världen.",,HOMOFON-TRIO: cour (gård/hov) = cours (lektion) = court (kort) – alla [kuʁ]! faire la cour à = uppvakta
2140,trajet,substantiv,m,"resa, sträcka",Vingt minutes de trajet.,Tjugo minuters resväg.,,"Pendlarordet. le trajet domicile-travail = arbetspendlingen. Podd-tid, med andra ord"
2141,embouteillage,substantiv,m,bilkö,Un embouteillage. Évidemment.,En bilkö. Såklart.,,ETYMOLOGI-GULD: bouteille → embouteillage = 'flaskhalsning'! Trafiken fastnar i flaskhalsen – bilden är perfekt
2142,bouchon,substantiv,m,kork; bilkö,Un bouchon sur l'autoroute. Et un bouchon de vin.,En kö på motorvägen. Och en vinkork.,,DUBBEL: korken OCH bilkön (korken i flaskhalsen – embouteillage!). Lyons krogar heter också bouchons!
2143,virage,substantiv,m,"kurva, sväng",Un virage serré !,En skarp kurva!,,virer → virage. prendre un virage = ta en ny riktning – även i livet. négocier un virage = klara en kurva
2144,pneu,substantiv,m,däck,Le pneu est crevé. Comme moi.,Däcket är punkterat. Som jag.,,crevé-cirkeln sluts! Kort för pneumatique ('luftfylld'). Plural: des pneus
2145,volant,substantiv,m,ratt,Qui prend le volant ?,Vem tar ratten?,,"TRIPPEL: ratt, badmintonboll OCH flygande (cerf-volant – draken!). voler-familjens mest praktiska medlem"
2146,coffre,substantiv,m,bagagelucka; kista,Le coffre est plein. On part ?,Bagageluckan är full. Åker vi?,,DUBBEL: bagagelucka OCH skattkista! le coffre-fort = kassaskåpet ('starka kistan'). Packningens sanning: alltid full
2147,essuie-glace,substantiv,m,vindrutetorkare,Les essuie-glaces dansent sous l'averse.,Torkarna dansar i regnskuren.,,"essuyer + glace = 'torka-is'! Två ord du kan, ihopskruvade till ett verktyg. Svenskt höstväder ingår"
2148,klaxon,substantiv,m,biltuta,"Le klaxon, à Paris : un langage.","Tutan, i Paris: ett språk.",klaxonner = att tuta,"Varumärke som blev ord (som scotch!). Parisisk grammatik: kort tut = hej, långt tut = filosofi"
2149,borne,substantiv,f,laddstolpe; gränssten,"Une borne de recharge, enfin libre.","En laddstolpe, äntligen ledig.",,Elbilslivets ord. GULD: dépasser les bornes = gå över gränsen! sans bornes = gränslös
2150,trottinette,substantiv,f,sparkcykel,Des trottinettes partout sur le trottoir.,Elsparkcyklar överallt på trottoaren.,,"trottoir → trottinette – båda från trotter (trava)! Stadsbildens nya invånare, älskad och hatad"
2151,patinoire,substantiv,f,"isbana, ishall",La patinoire ouvre en novembre.,Ishallen öppnar i november.,,"Hela familjen: patiner = åka skridskor, les patins = skridskorna, la patinoire = hallen. Vinterns vardagsrum"
2152,piste,substantiv,f,backe; spår; bana,"La piste verte, pour commencer.","Gröna backen, till att börja med.",,"MULTI: skidbacke, spår (ledtråd!), landningsbana OCH dansgolv (en piste !). tous-terrains-ordet"
2153,terrain,substantiv,m,plan; tomt; terräng,Un terrain de foot derrière l'école.,En fotbollsplan bakom skolan.,,"MULTI: fotbollsplan, byggtomt, terräng. sur le terrain = ute i verkligheten. céder du terrain = förlora mark"
2154,suivant,substantiv,m,nästa,Au suivant !,Nästa!,précédent = föregående,"suivre → suivant. Köns kommando – vid kassan, hos läkaren, i livet. Motsatsparet: précédent/suivant"
2155,tiers,substantiv,m,tredjedel,Deux mille sur trois mille : les deux tiers !,Tvåtusen av tretusen: två tredjedelar!,,"UTTAL: [tjɛʁ]. Bråkserien: la moitié, le tiers, le quart. Också: en tredje part – le tiers"
2156,artisan,substantiv,m,hantverkare,L'artisan boulanger du coin.,Kvartershantverkaren – bagaren.,,"Frankrikes stolthet: artisanat = hantverkskonsten. fait artisan = äkta hantverk, inte fabrik"
2157,ouvrier,substantiv,m,arbetare,Les ouvriers commencent tôt.,Arbetarna börjar tidigt.,,œuvre (verk) → ouvrier = 'den som verkar'. la classe ouvrière = arbetarklassen
2158,sage-femme,substantiv,f,barnmorska,La sage-femme : un métier héroïque.,Barnmorskan: ett heroiskt yrke.,,ETYMOLOGI-GULD: sage + femme = 'vis kvinna' – exakt som svenskans gamla 'jordemor' bar visdomen!
2159,facteur,substantiv,m,brevbärare; faktor,Le facteur sonne deux fois ?,Ringer brevbäraren två gånger?,,DUBBEL: brevbärare OCH faktor (le facteur temps = tidsfaktorn)! Filmtiteln ingår på köpet
2160,vétérinaire,substantiv,m/f,veterinär,Le chat déteste le vétérinaire.,Katten avskyr veterinären.,le véto (vard.),"GRATIS! Alla katters gemensamma fiende, alla katters bästa vän"
2161,tortue,substantiv,f,sköldpadda,La tortue gagne à la fin.,Sköldpaddan vinner till slut.,,La Fontaines Le Lièvre et la Tortue: rien ne sert de courir – det lönar sig inte att rusa. Fabelvisdom i skalform
2162,colline,substantiv,f,kulle,"Une colline, pas une montagne.","En kulle, inte ett berg.",,Lagom-geografi. au sommet de la colline = på kullens topp
2163,vitamine,substantiv,f,vitamin,Des vitamines ? Du soleil d'abord.,Vitaminer? Sol först.,,GRATIS! la vitamine D = svensk vinterbrist nummer ett. plein de vitamines = vitaminstinn
2164,talon,substantiv,m,häl; klack,Le talon d'Achille : les lacets.,Akilleshälen: skosnörena.,,"DUBBEL: häl OCH klack (des talons hauts = högklackat)! le talon d'Achille = akilleshäl – samma hjälte, samma svaghet"
2165,prétexte,substantiv,m,förevändning,Un bon prétexte pour une pause.,En bra förevändning för en paus.,,sous prétexte de = under förevändning att. Fikats juridiska grund
2166,mouette,substantiv,f,fiskmås,Les mouettes crient sur le port.,Måsarna skriker i hamnen.,,Västkustens ljudspår. Känd för att stjäla glass på båda sidor om Nordsjön
2167,corbeau,substantiv,m,korp,Le corbeau lâche le fromage.,Korpen släpper osten.,,"La Fontaines Le Corbeau et le Renard: räven smickrar, korpen sjunger, osten faller. Smickerläxan sedan 1668"
2168,horloge,substantiv,f,"väggklocka, ur",L'horloge de la gare ne ment jamais.,Stationsklockan ljuger aldrig.,,"montre = armbandsur, horloge = det stora uret. réglé comme une horloge = punktlig som ett urverk!"
2169,coussin,substantiv,m,kudde (soffa),"Un coussin, deux coussins : un fort !","En kudde, två kuddar: en borg!",,"oreiller = huvudkudden, coussin = soffkudden. Kuddborgens råmaterial – viktig framtidskunskap"
2170,étincelle,substantiv,f,gnista,"Une étincelle, et hop : une idée.","En gnista, och vips: en idé.",,faire des étincelles = gnistra/imponera. Kreativitetens minsta enhet
2171,gaufre,substantiv,f,våffla,Des gaufres le vingt-cinq mars ?,Våfflor den tjugofemte mars?,,"Svensk våffeldag: 25 mars! Fransmännen har crêpes på la Chandeleur (2 februari) i stället. Två länder, samma smet-logik"
2172,corneille,substantiv,f,kråka,Les corneilles discutent dans le sapin.,Kråkorna diskuterar i granen.,,Minns bâiller aux corneilles = gapa mot kråkorna = dagdrömma! Nu har du fågeln bakom idiomet
2173,grêle,substantiv,f,hagel,De la grêle en été ? Bien sûr.,Hagel på sommaren? Såklart.,grêler = att hagla,Nordiskt sommarväder i ett ord. des grêlons = hagelkorn
2174,étiquette,substantiv,f,etikett; prislapp,Lis l'étiquette avant d'acheter.,Läs etiketten innan du köper.,,"DUBBEL: prislappen OCH uppförandekoden (l'étiquette à la cour = hovetiketten)! Vett och pris, samma ord"
2175,tampon,substantiv,m,stämpel,"Un tampon officiel, s'il vous plaît.","En officiell stämpel, tack.",officiel = officiell (GRATIS),Fransk byråkratis heligaste föremål. Utan tampon: inget ärende. Med tampon: nästan
2176,ficelle,substantiv,f,snöre,"De la ficelle, du scotch : voilà.",Snöre och tejp: klart.,,GULD: connaître les ficelles = kunna knepen ('känna till trådarna')! une ficelle = också en supersmal baguette
2177,pelle,substantiv,f,spade,Une pelle pour le bac à sable.,En spade till sandlådan.,,GULD: à la pelle = i massor ('med spaden'): des idées à la pelle = idéer i överflöd!
2178,seau,substantiv,m,hink,"Un seau, une pelle : l'été est prêt.","En hink, en spade: sommaren är redo.",,"Plural: des seaux. Strandutrustningens grundpaket, generation efter generation"
2179,râteau,substantiv,m,kratta,Le râteau dort dans le garage.,Krattan sover i garaget.,,GULD-slang: se prendre un râteau = få nobben! (Man trampar på krattan och får skaftet i ansiktet – bilden är exakt)
2180,arrosoir,substantiv,m,vattenkanna,L'arrosoir vert de Kalle.,Kalles gröna vattenkanna.,,"arroser har du redan → arrosoir. Mönstret -oir = verktyget: bavoir, arrosoir!"
2181,mine,substantiv,f,"min, uppsyn; gruva",Tu as bonne mine !,Du ser pigg ut!,,"TRIPPEL: ansiktsuttryck, gruva OCH blyertsstift! GULD: mine de rien = utan att det märks. faire grise mine = se sur ut"
2182,allure,substantiv,f,fart; stil,Quelle allure !,Vilken stil!,,DUBBEL: hastighet (à toute allure = i full fart) OCH utstrålning (avoir de l'allure = ha stil). Fart och flärd
2183,démarche,substantiv,f,"ärende, steg; gångstil",Une démarche administrative. Courage.,Ett myndighetsärende. Lycka till.,,les démarches = pappersärendena (fransk vardagssport). Också gångstil: une démarche élégante!
2184,quinzaine,substantiv,f,fjortondagarsperiod,Une quinzaine de jours en France.,Ett par veckor i Frankrike.,,KULTUR-KURIOSA: franskan räknar 15 dagar för två veckor (dagarna i båda ändar!). quinze jours = fjorton dagar
2185,vitrine,substantiv,f,skyltfönster,La vitrine de Noël attire tout le monde.,Julskyltningen lockar alla.,,GULD: faire du lèche-vitrine = fönstershoppa – ordagrant 'slicka skyltfönster'! Gratis nöje på franska
2186,sifflet,substantiv,m,visselpipa,Un coup de sifflet : fini !,En visselsignal: slut!,l'arbitre = domaren,siffler har du redan → sifflet. le coup de sifflet final = slutsignalen – match och arbetsdag
2187,menton,substantiv,m,haka,Le double menton de Kalle : parfait.,Kalles dubbelhaka: perfekt.,,"Bebisanatomins stolthet. jusqu'au menton = ända upp till hakan (badvatten, täcken, gröt)"
2188,équilibre,substantiv,m,"balans, jämvikt",Kalle travaille son équilibre.,Kalle tränar sin balans.,,"perdre l'équilibre = tappa balansen. l'équilibre vie-travail = livspusslet. Alla tränar, hela livet"
2189,chute,substantiv,f,fall,Attention à la chute !,Se upp för fallet!,,"TRIPPEL: fall, vattenfall (chute d'eau) OCH slutpoäng: la chute d'une blague = punchlinen! Komikerns viktigaste ord"
2190,bosse,substantiv,f,bula; puckel,Une bosse sur le front. Ça arrive.,En bula i pannan. Det händer.,,"GULD: avoir la bosse des maths = ha mattehuvud ('matteknölen')! Kamelens, pannans och talangens ord"
2191,rot,substantiv,m,rap,Le rot après le biberon : obligatoire.,Rapen efter flaskan: obligatorisk.,,faire son rot = rapa (bebisversionen – applåderas!). Vuxenrap: mindre applåder
2192,hoquet,substantiv,m,hicka,Kalle a le hoquet. Adorable.,Kalle har hicka. Bedårande.,,"avoir le hoquet = ha hicka. UTTAL: [ɔkɛ], h och t tysta. Botemedel: tusen, inget funkar"
2193,fossette,substantiv,f,smilgrop,Une fossette quand il sourit.,En smilgrop när han ler.,,"'Liten grop' (fosse = grop). Leendets bästa detalj, vetenskapligt obevisat men uppenbart"
2194,boucle,substantiv,f,lock; ögla; spänne,Une boucle blonde.,En blond hårlock.,,"MULTI: hårlock, ögla, spänne (boucle de ceinture) och örhängen: boucles d'oreilles! boucler la boucle = sluta cirkeln"
2195,poussin,substantiv,m,kyckling (unge),Mon poussin !,Lilla gullet!,,"Smeknamnsfamiljen växer: ma puce, mon chou, mon poussin. Franskan gullar med loppor, kål och kycklingar"
2196,âne,substantiv,m,åsna,Têtu comme un âne.,Envis som en åsna.,,têtu minns du – här är jämförelsedjuret! le bonnet d'âne = åsneöronen (skammens hatt i gamla skolan)
2197,singe,substantiv,m,apa,Malin comme un singe.,Listig som en apa.,,malin minns du – apan är måttstocken! faire le singe = spela apa. Kalle övar redan
2198,baleine,substantiv,f,val,Rire comme une baleine.,Gapskratta.,,'Skratta som en val' = skratta med hela gapet! Också paraplyspröt: les baleines du parapluie. Havets största skratt
2199,franchir,verb,,"att passera, överskrida",On franchit la barre des deux mille deux cents.,Vi passerar 2200-strecket.,"la barre = ribban, strecket",franchement-familjen: franc = fri/rak → franchir = ta sig ÖVER. franchir le pas = ta steget!
2200,chapeau !,uttryck,,hatten av!,Deux mille deux cents mots ? Chapeau !,Tvåtusen tvåhundra ord? Hatten av!,,chapeau (hatten) har du – här är hyllningen! Chapeau bas ! = djupaste respekt. Man lyfter på hatten. Välförtjänt
2201,s'accroupir,verb,,att sätta sig på huk,Je m'accroupis à sa hauteur.,Jag sätter mig på huk i hans höjd.,,Föräldrayogans grundposition. Att prata i ögonhöjd: pedagogik och knäträning i ett
2202,se relever,verb,,att resa sig igen,"On tombe, on se relève.","Man faller, man reser sig igen.",,re + lever. Livsfilosofi och gångträning – samma verb för båda
2203,se faufiler,verb,,"att smita, slingra sig",Je me faufile hors de la chambre.,Jag smyger mig ut ur sovrummet.,,Ninja-verbet: ut ur bebisrummet utan ett ljud. faufiler = också tråckla (sömnad)!
2204,foncer,verb,,"att rusa, köra på",Fonce ! C'est le moment.,Kör! Det är nu det gäller.,,GULD-pepp: Fonce ! = kör bara! foncé (mörk) minns du – samma ord: 'gå mot det mörka' = djupdyka framåt!
2205,filer,verb,,att sticka iväg; löpa,File au lit !,"I säng med dig, kvickt!",,fil (tråd) → filer = 'löpa som en tråd'. Le temps file ! = tiden rusar! filer à l'anglaise = smita 'på engelskt vis'
2206,se sauver,verb,,"att dra, smita (vard.)","Je me sauve, à demain !","Jag drar, vi ses imorgon!",,"Ordagrant 'rädda sig'. Vardagens hejdå-verb: Bon, je me sauve ! Ingen fara på taket – bara bråttom"
2207,déplacer,verb,,att flytta (på),Je déplace la voiture. Deux mètres.,Jag flyttar bilen. Två meter.,,dé + placer. se déplacer = ta sig fram/resa. déplacer des montagnes = försätta berg!
2208,rattraper,verb,,att hinna ikapp; ta igen,On rattrape le retard ce soir.,Vi tar igen förseningen ikväll.,,re + attraper. se rattraper = ta igen sig/gottgöra. Sömnskuld: officiellt omöjlig att rattraper
2209,viser,verb,,att sikta,Vise bien !,Sikta ordentligt!,,viser haut = sikta högt. viser juste = pricka rätt. Tvätten i korgen: daglig träning
2210,frôler,verb,,att snudda vid,On frôle la catastrophe. Encore.,Vi är nära katastrofen. Igen.,,"frôler la catastrophe = vara nära ögat. Vasen vinglade, katten log, ingenting föll"
2211,presser,verb,,att pressa; skynda på,Presse le citron !,Pressa citronen!,,pressé (bråttom) minns du → verbet. GULD: Rien ne presse ! = ingen brådska! un citron pressé = färskpressad citron
2212,froisser,verb,,att skrynkla; såra,La chemise est froissée. Tant pis.,Skjortan är skrynklig. Skit samma.,,DUBBEL: skrynkla tyg OCH såra känslor: froisser quelqu'un = trampa någon på tårna. Stryk varken skjortor eller egon i onödan
2213,étaler,verb,,att breda ut,J'étale la confiture. Généreusement.,Jag brer på sylten. Generöst.,,s'étaler = gå omkull ('breda ut sig' på marken)! étaler ses connaissances = briljera med sina kunskaper
2214,refroidir,verb,,"att kallna, kyla av",Le café refroidit. Encore une fois.,Kaffet kallnar. Än en gång.,,"froid → refroidir. Föräldrafysikens lag: allt varmt kallnar, allt kallt spills. laisser refroidir = låta svalna"
2215,chauffer,verb,,att värma; hetta till,Ça chauffe dans la cuisine !,Det hettar till i köket!,,chauffage-familjens verb. DUBBEL: värma OCH bli hett läge: Ça va chauffer ! = nu blir det liv i luckan!
2216,renifler,verb,,"att sniffa, vädra",Le chien renifle tout le monde.,Hunden nosar på alla.,,Vinterns verb nummer två (efter se moucher). renifler une bonne affaire = vädra ett fynd!
2217,rincer,verb,,att skölja,"Rince le biberon, s'il te plaît.","Skölj nappflaskan, tack.",,se rincer l'œil = vila ögat på något vackert ('skölja ögat')! Diskbänkens mest upprepade verb
2218,coudre,verb,,att sy,Coudre un bouton ? Mission impossible.,Sy i en knapp? Uppdrag omöjligt.,,la couture = sömnad/mode (haute couture!). cousu main = handsytt. Alla har en låda med lösa knappar
2219,dépanner,verb,,att hjälpa ur en knipa,Tu peux me dépanner ?,Kan du rycka in och hjälpa mig?,,panne → dé-panner = 'av-haverera'! Både bilen och kompisen: dépanner = fixa/låna ut/rädda dagen
2220,démonter,verb,,att montera isär,"Je démonte, je remonte. Toute la nuit.","Jag skruvar isär, jag skruvar ihop. Hela natten.",,dé + monter. Möbelbyggandets eviga cykel. Kalle kommer snart démonter allt – utan instruktioner
2221,fixer,verb,,att fästa; bestämma,Je fixe l'étagère au mur. Solidement.,Jag fäster hyllan i väggen. Ordentligt.,,DUBBEL: fästa OCH bestämma: fixer un rendez-vous = boka en tid. fixer quelqu'un = stirra på någon!
2222,aérer,verb,,att vädra,"On aère, même en hiver. Suédois.","Vi vädrar, även på vintern. Svenskt.",,"air → aérer. Nordisk folktradition: minus tio ute, fönstret på vid gavel. aérer ses idées = rensa tankarna"
2223,isoler,verb,,att isolera,"Bien isolé, ce mur ?",Är den väggen välisolerad?,,DUBBEL: isolera hus OCH person. l'isolation = isoleringen. Svensk husbesiktnings första fråga
2224,rénover,verb,,att renovera,On rénove la cuisine. Un jour.,Vi renoverar köket. En vacker dag.,,GRATIS! la rénovation = renoveringen. 'Un jour' = husägarens mest optimistiska tidsangivelse
2225,aménager,verb,,"att inreda, ställa i ordning",On aménage la chambre de Kalle.,Vi inreder Kalles rum.,,ménage-familjen! aménager = göra beboeligt. un espace bien aménagé = en smart planerad yta
2226,meubler,verb,,att möblera,"Meubler petit, penser grand.","Möblera smått, tänka stort.",,meuble → meubler. GULD: meubler le silence = fylla tystnaden (med småprat)!
2227,vieillir,verb,,att åldras,"On vieillit bien, non ?","Vi åldras med stil, eller hur?",,"vieux → vieillir. bien vieillir = åldras väl – om ost, vin och människor. Mönstret: rouge→rougir, vieux→vieillir"
2228,rajeunir,verb,,att föryngra,Ce week-end m'a rajeuni !,Den helgen gjorde mig tio år yngre!,,jeune → rajeunir. Ça ne nous rajeunit pas ! = 'det gör oss inte yngre' – sägs vid varje årsdag
2229,hériter,verb,,att ärva,Kalle hérite de mes oreilles. Pardon.,Kalle ärver mina öron. Förlåt.,,"GRATIS-ish (jfr eng. inherit). l'héritage = arvet. Genetikens lotteri: öronen, humorn, envisheten"
2230,fouiller,verb,,"att rota, genomsöka",Kalle fouille dans le tiroir. Systématiquement.,Kalle rotar i lådan. Systematiskt.,,"fouiller ses poches = leta igenom fickorna. Bebisens forskningsmetod: allt ut, inget in"
2231,classer,verb,,"att sortera, ordna",Je classe les factures. Par peur.,Jag sorterar fakturorna. Av rädsla.,,classe → classer. classer sans suite = lägga ner (ärende). une affaire classée = ett avslutat kapitel
2232,feuilleter,verb,,att bläddra i,Je feuillette le livre de recettes.,Jag bläddrar i kokboken.,,feuille (blad) → feuilleter = 'blada'! Precis som svenskan. Bläddrandet: läsandets trevligaste förstadium
2233,grogner,verb,,"att morra, brumma",Papa grogne avant le café.,Pappa morrar före kaffet.,,Björnens och morgontröttas gemensamma verb. un grognement = ett brummande. Kaffet löser det mesta
2234,bouder,verb,,att tjura,Kalle boude. Trois secondes.,Kalle tjurar. I tre sekunder.,,faire la tête minns du – bouder är verbet! bouder son plat = rata sin mat. Treåringens kommande specialgren
2235,pleurnicher,verb,,"att gnälla, lipa",On ne pleurniche pas. On négocie.,Vi gnäller inte. Vi förhandlar.,,pleurer + nicher = gnällversionen av gråt. Föräldradiplomatins första lektion
2236,applaudir,verb,,att applådera,On applaudit le premier pas !,Vi applåderar första steget!,,GRATIS-ish! applaudir des deux mains = applådera varmt. Föräldrapubliken: världens mest entusiastiska
2237,tutoyer / vouvoyer,verb,,att dua / att nia,On se tutoie ?,Ska vi lägga bort titlarna?,,"FRANSKANS SOCIALA NYCKELFRÅGA! tu → tutoyer, vous → vouvoyer. Sverige duade alla 1967 – Frankrike förhandlar än"
2238,contredire,verb,,att säga emot,Kalle me contredit déjà ? Non. Si !,Säger Kalle redan emot mig? Nej. Jo!,,"contre + dire. sans me contredire = utan att säga emot mig. Tonåren ringde, de vill förbereda sig"
2239,protester,verb,,att protestera,Je proteste ! Poliment.,Jag protesterar! Artigt.,,"GRATIS! protester contre = protestera mot. Den franska nationalsporten, i verbform"
2240,papoter,verb,,"att småprata, snacka","On papote, on papote, et il est minuit.","Vi snackar och snackar, och plötsligt är det midnatt.",,Mysigare än bavarder. le papotage = småpratet. Tidsmaskinen: ett gott samtal
2241,envisager,verb,,att överväga,On envisage un road trip. On verra.,Vi funderar på en roadtrip. Vi får se.,,visage (ansikte) göms därinne: 'se framför sig'! envisager le pire = förbereda sig på det värsta
2242,associer,verb,,"att koppla ihop, associera",J'associe chaque mot à une image.,Jag kopplar varje ord till en bild.,,GRATIS – och hela minnesmetodens hjärta! une association d'idées = en tankeassociation. Så byggs palats
2243,relier,verb,,"att förbinda, koppla samman",Je relie les idées entre elles.,Jag knyter ihop idéerna med varandra.,,re + lier (lien!). relier les points = förbinda punkterna – bokstavligt och bildligt
2244,visualiser,verb,,att visualisera,Je visualise. Toujours. Partout.,Jag visualiserar. Alltid. Överallt.,,"GRATIS! Minnesteknikens andra grundpelare: se det framför dig, gärna i färg och överdrivet"
2245,s'adapter,verb,,att anpassa sig,On s'adapte. C'est le métier.,Man anpassar sig. Det är jobbet.,,GRATIS! Föräldraskapets och frilanslivets gemensamma motto. adaptable = flexibel
2246,se méfier,verb,,"att akta sig, misstro",Méfie-toi des sondages.,Var skeptisk mot opinionsundersökningar.,se fier à = att lita på,Motsatspar: se fier (lita) / se méfier (misstro). Méfiance ! = varning! Sund skepsis: mediedietens fiber
2247,soupçonner,verb,,att misstänka,Je soupçonne le chat. Comme toujours.,Jag misstänker katten. Som alltid.,,le soupçon = misstanken – och en aning: un soupçon de lait = en skvätt mjölk!
2248,reprocher,verb,,"att förebrå, klandra",Je ne te reproche rien.,Jag klandrar dig inte för något.,,un reproche = en förebråelse. sans reproche = klanderfri. Relationsvokabulärens fredsfördrag
2249,préciser,verb,,"att precisera, förtydliga",Je précise : demain matin. Tôt.,Jag förtydligar: imorgon bitti. Tidigt.,,précis → préciser. GRATIS-ish. Pour préciser... = för att vara tydlig... Missförståndens vaccin
2250,survoler,verb,,att skumma; flyga över,Je survole le rapport. Vite.,Jag skummar rapporten. Snabbt.,,"sur + voler = flyga över! DUBBEL: flygplanet survole staden, läsaren survole texten. Höjdläsning"
2251,parcourir,verb,,att ögna igenom; färdas genom,Je parcours le journal du matin.,Jag ögnar igenom morgontidningen.,,par + courir = 'springa igenom'. parcourir le monde = resa jorden runt. le parcours = rutten/banan
2252,consulter,verb,,"att konsultera, kolla",Je consulte la météo. Trois fois par jour.,Jag kollar vädret. Tre gånger om dagen.,,GRATIS! consulter un médecin = uppsöka läkare. Väderappen: Sveriges mest konsulterade rådgivare
2253,investir,verb,,att investera,Investir ? Comprendre d'abord.,Investera? Förstå först.,,GRATIS! un investissement = en investering. s'investir dans = engagera sig helhjärtat i
2254,démissionner,verb,,att säga upp sig,Je démissionne ! (Du ménage.),Jag säger upp mig! (Från städningen.),,"la démission = uppsägningen. Hotet som aldrig verkställs, i något hem"
2255,postuler,verb,,att söka (jobb),Je postule. On verra bien.,Jag söker jobbet. Vi får väl se.,,postuler à un poste = söka en tjänst. une candidature = en ansökan
2256,déléguer,verb,,att delegera,Déléguer ? Difficile. Nécessaire.,Delegera? Svårt. Nödvändigt.,,GRATIS! Egenföretagarens svåraste verb. Tout faire soi-même = klassikerfällan
2257,animer,verb,,"att leda, hålla i",J'anime un atelier sur la mémoire.,Jag håller i en workshop om minnet.,l'atelier (m) = workshopen; verkstaden,âme (själ) göms i animer = 'ge liv åt'! un animateur = en programledare/ledare
2258,exposer,verb,,att lägga fram; ställa ut,J'expose mon idée en deux minutes.,Jag lägger fram min idé på två minuter.,une exposition = en utställning,DUBBEL: presentera OCH ställa ut konst. s'exposer = utsätta sig. Pitchens verb
2259,saluer,verb,,att hälsa (på),Kalle salue tout le bus.,Kalle hälsar på hela bussen.,,salut → saluer. saluer la foule = vinka till folkmassan. Bebisdiplomatins kärnverksamhet
2260,grossesse,substantiv,f,graviditet,"Neuf mois de grossesse, une vie de souvenirs.","Nio månaders graviditet, ett liv av minnen.",,gros → grossesse. le test de grossesse = graviditetstestet. Minns enceinte – nu har du substantivet
2261,hochet,substantiv,m,skallra,Le hochet : premier instrument de musique.,Skallran: det första musikinstrumentet.,,"hocher la tête = nicka! Skallran skakar, huvudet nickar – samma rörelsefamilj"
2262,peluche,substantiv,f,gosedjur,La peluche préférée a un nom secret.,Favoritgosedjuret har ett hemligt namn.,,doudou minns du – peluche är själva djuret (plyschen!). une peluche géante = mardrömmen i bagaget
2263,grenouillère,substantiv,f,sparkdräkt,La grenouillère à motifs : l'uniforme officiel.,Den mönstrade sparkdräkten: officiell uniform.,,ETYMOLOGI-GULD: grenouille → grenouillère = 'groddräkt'! Bebisen sprattlar som en groda. Franskan såg det
2264,gigoteuse,substantiv,f,sovpåse (bebis),La gigoteuse : le sac de couchage des bébés.,Sovpåsen: bebisarnas sovsäck.,,gigoter minns du → gigoteuse = 'sprattelpåsen'! Franskan namnger babyprylar efter rörelsen i dem
2265,comptine,substantiv,f,barnramsa,Une comptine avant le dodo.,En ramsa före sömnen.,,compter → comptine – räkneramsan! Une souris verte... = franskans Imse vimse spindel
2266,pédiatre,substantiv,m/f,barnläkare,Le pédiatre rassure. C'est le métier.,Barnläkaren lugnar. Det är jobbet.,,péd- (barn) + iatre (läkare). Jfr pédagogue = 'den som leder barn'. BVC-livets lugnande röst
2267,microbe,substantiv,m,"mikrob, bacill",Les microbes adorent les crèches.,Bacillerna älskar förskolor.,le virus = viruset,"Föräldrasanning nummer ett: förskolestart = förkylningssäsong, tolv månader om året"
2268,gencive,substantiv,f,tandkött,"Les gencives travaillent. Courage, Kalle.","Tandköttet jobbar. Kämpa på, Kalle.",,faire ses dents minns du – här är platsen där det händer. UTTAL: [ʒɑ̃siv]
2269,cil,substantiv,m,ögonfrans,Des cils incroyables. Injuste.,Otroliga ögonfransar. Orättvist.,,"Bebisars fransar: längre än vuxnas, helt gratis. UTTAL: [sil]"
2270,sourcil,substantiv,m,ögonbryn,Un sourcil levé : tout est dit.,Ett höjt ögonbryn: allt är sagt.,,"froncer les sourcils = rynka på ögonbrynen. Ansiktets mest talföra muskel. UTTAL: [suʁsi], l:et tyst!"
2271,paupière,substantiv,f,ögonlock,Les paupières deviennent lourdes...,Ögonlocken blir tunga...,,Sömnens första tecken. fermer les paupières = sluta ögonen. Hypnotisörens och förälderns favoritmening
2272,nuque,substantiv,f,nacke,Un bisou dans la nuque du bébé.,En puss i bebisens nacke.,,"cou = halsen (fram), nuque = nacken (bak). Franskan delar upp halsen i väderstreck"
2273,pommade,substantiv,f,salva,De la pommade et un bisou : guérison totale.,Salva och en puss: fullständig läkning.,,pomme → pommade (första salvorna doftade äpple!). passer de la pommade = smickra någon!
2274,bleu (blåmärke),substantiv,m,blåmärke,Un bleu sur le genou. Médaille du jour.,Ett blåmärke på knät. Dagens medalj.,,"Färgen blev substantiv! Och: les Bleus = franska landslaget! Blåmärke, färg och fotboll – ett ord"
2275,cicatrice,substantiv,f,ärr,Chaque cicatrice a son histoire.,Varje ärr har sin historia.,,Jfr eng. scar via latinets cicatrix. Knäna: barndomens dagbok
2276,croûte,substantiv,f,skorpa,La croûte du pain : le meilleur.,Brödets skorpa: det bästa.,,DUBBEL: brödskorpa OCH sårskorpa! GULD: casser la croûte = käka ('knäcka skorpan'). Accenten: hatten igen!
2277,soulagement,substantiv,m,lättnad,Quel soulagement : la tétine est retrouvée.,Vilken lättnad: nappen är återfunnen.,soulager = att lindra,Suck av lättnad = soupir de soulagement. Nattens lyckligaste ljud: tystnad
2278,le goûter,substantiv,m,"mellanmål, mellis","Le goûter : seize heures, sacré.","Mellis: klockan fyra, heligt.",,FRANSK INSTITUTION: barnens (och vuxnas) fyra-fika! Verbet goûter kan du – här är målet i sig
2279,saucisson,substantiv,m,salamikorv,L'apéro sans saucisson ? Impossible.,Apéro utan korv? Omöjligt.,,saucisse minns du – saucisson är den torra släktingen. en rondelles = i skivor. Apérons hörnsten
2280,charcuterie,substantiv,f,charkuterier,"Un plateau de charcuterie, et le silence se fait.","En charkbricka, och det blir tyst.",,chair (kött) → charcuterie = 'kokt kött'-konsten. Svenskans 'charkuterier' – direktlån!
2281,pique-nique,substantiv,m,picknick,Un pique-nique au bord du lac.,En picknick vid sjön.,,piquer + nique = 'plocka småsaker'. Svenskan lånade hela ordet. Myggorna ingår i båda länderna
2282,lentilles,substantiv,f pl,linser,Des lentilles : le plat et les yeux.,Linser: maträtten och ögonen.,,DUBBEL: matlinser OCH kontaktlinser – exakt som svenskan! lentilles de contact = kontaktlinser
2283,bouillon,substantiv,m,buljong,"Un bouillon bien chaud, et ça repart.","En riktigt varm buljong, och det vänder.",,bouillir → bouillon. Svenskans 'buljong' = direktlån! boire le bouillon = kapsejsa/göra en förlust
2284,melon,substantiv,m,melon,Du melon frais en été.,Färsk melon på sommaren.,la pastèque = vattenmelonen,"GULD-slang: avoir le melon = vara stöddig ('ha melonhuvud')! Frukt och självbild, samma ord"
2285,ananas,substantiv,m,ananas,L'ananas sur la pizza : le grand débat.,Ananas på pizzan: den stora debatten.,,"UTTAL: [anana] – sista s:et oftast tyst! Débat minns du. Sverige: skyldigt (Hawaii föddes i Kanada, förresten)"
2286,poireau,substantiv,m,purjolök,Le poireau : la base de toutes les soupes.,Purjolöken: grunden i alla soppor.,,GULD-idiom: rester planté comme un poireau = stå och vänta ('stå planterad som en purjolök')!
2287,navet,substantiv,m,rova; usel film,Un navet ? Le légume ou le film ?,En rova? Grönsaken eller filmen?,,FILMSLANG-GULD: un navet = en riktigt dålig film! Grönsakens hämnd på kritikerna
2288,radis,substantiv,m,rädisa,Des radis croquants avec du beurre : très français.,Knapriga rädisor med smör: väldigt franskt.,,GULD-idiom: ne pas avoir un radis = inte ha ett öre ('inte en rädisa')!
2289,artichaut,substantiv,m,kronärtskocka,L'artichaut : un légume à démonter.,Kronärtskockan: en grönsak att montera isär.,,GULD-idiom: avoir un cœur d'artichaut = bli kär i alla ('ett blad till var och en')!
2290,menthe,substantiv,f,mynta,"Un thé à la menthe, bien sucré.","Ett myntate, ordentligt sött.",,le sirop de menthe = grön barndomsklassiker i Frankrike. à la menthe = med myntasmak
2291,bûche,substantiv,f,vedträ; julstubbe,La bûche de Noël : le dessert officiel.,Julstubben: den officiella efterrätten.,,"DUBBEL: vedträt OCH rulltårtan la bûche de Noël – julens obligatoriska dessert! Vinterns ord, ätbart och brännbart"
2292,baie,substantiv,f,bär; vik,Des baies rouges ? On vérifie d'abord.,Röda bär? Vi kollar först.,,DUBBEL: bär OCH havsvik! Skogsplockarregeln gäller på båda språken: vackrast är inte alltid ätbart
2293,abricot,substantiv,m,aprikos,Des abricots secs dans le sac. Toujours.,Torkade aprikoser i väskan. Alltid.,,Föräldraväskans nödproviant. Från arabiskans al-barquq – ordet reste genom hela Medelhavet
2294,citrouille,substantiv,f,pumpa,"Une citrouille en octobre, une soupe en novembre.","En pumpa i oktober, en soppa i november.",,Askungens vagn var en citrouille! Från citron – båda är 'citrusgula'. Säsongslogik i två månader
2295,épinards,substantiv,m pl,spenat,Des épinards ? Kalle jugera.,Spenat? Kalle får avgöra.,,Nästan alltid plural. Popeye ljög om järnet (räknefel 1870!) – men épinards är ändå bra
2296,asperge,substantiv,f,sparris,Les asperges : le printemps dans l'assiette.,Sparrisen: våren på tallriken.,,"Fransk säsongsreligion: april–juni, sedan slut. Också: une grande asperge = en lång gänglig person!"
2297,huître,substantiv,f,ostron,Des huîtres à Noël : très français.,Ostron till jul: väldigt franskt.,,Julbordets franska motsvarighet. ouvrir des huîtres = årets farligaste kökssyssla (statistiskt sant!)
2298,homard,substantiv,m,hummer,Le homard : pour les très grandes occasions.,Hummer: för de riktigt stora tillfällena.,,GULD: rouge comme un homard = röd som en kräfta (efter solen)! Västkustens lyxgranne
2299,basilic,substantiv,m,basilika,Du basilic frais sur tout.,Färsk basilika på allt.,,"Från grekiskans basilikon = 'kunglig ört'! Fönsterbrädans kung, med kort livslängd"
2300,persil,substantiv,m,persilja,Du persil pour la couleur.,Persilja för färgens skull.,,"UTTAL: [pɛʁsi], l:et tyst (som sourcil!). Garneringens trotjänare på båda språken"
2301,coquillage,substantiv,m,snäcka,Kalle ramassera des coquillages. Des tonnes.,Kalle kommer samla snäckor. I ton.,la coquille = skalet,coquille = skalet (och stavfel i text!). Fickorna: framtida strandmuseum
2302,archipel,substantiv,m,skärgård,L'archipel de Göteborg : un paradis.,Göteborgs skärgård: ett paradis.,le paradis = paradiset,SVENSK-NYCKELORD! Franskan har ordet men inte vanan – skärgårdsliv förbryllar och förtrollar besökare
2303,presqu'île,substantiv,f,halvö,Une presqu'île : presque une île !,En halvö: nästan en ö!,,SJÄLVFÖRKLARANDE GULD: presque + île = 'nästan-ö'. Franskans ärligaste geografiord
2304,rocher,substantiv,m,"klippa, stenblock",Un rocher plat pour le pique-nique.,En platt klippa för picknicken.,,Också chokladpralinen rocher ('klippan')! Naturen och konfektyren delar ordförråd
2305,grotte,substantiv,f,grotta,Une grotte sous la colline. On y va ?,En grotta under kullen. Ska vi dit?,,Svenskans 'grotta' = samma ord! Lascaux-grottorna: Frankrikes 17 000 år gamla konstgalleri
2306,pente,substantiv,f,"sluttning, backe",La pente est douce. Parfait pour la luge.,Backen är mjuk. Perfekt för pulkan.,,GULD: être sur la mauvaise pente = vara på det sluttande planet! remonter la pente = kämpa sig tillbaka
2307,clairière,substantiv,f,glänta,Une clairière secrète dans la forêt.,En hemlig glänta i skogen.,,clair → clairière = 'ljusningen'. Svensk skogsmagi har ett franskt ord som förtjänar den
2308,aube,substantiv,f,gryning,Debout avant l'aube. Merci Kalle.,Uppe före gryningen. Tack Kalle.,,à l'aube = i gryningen. Bonus: l'aurore boréale = norrskenet ('nordlig gryning')!
2309,crépuscule,substantiv,m,skymning,Le crépuscule dure des heures en été.,Skymningen varar i timmar på sommaren.,,OBS: LE crépuscule (maskulinum!). Svenska sommarnätter: crépuscule som vägrar ta slut
2310,lueur,substantiv,f,"skimmer, svagt sken",Une lueur d'espoir. Et de veilleuse.,Ett skimmer av hopp. Och av nattlampa.,,une lueur d'espoir = en strimma hopp. Ljusets minsta valör
2311,éclat,substantiv,m,glans; skärva; utbrott,Un éclat de rire traverse la maison.,En skrattsalva far genom huset.,,"éclater minns du → éclat! TRIPPEL: glans (éclat du soleil), skärva (éclat de verre), skrattsalva (éclat de rire)"
2312,reflet,substantiv,m,"spegling, reflex",Le reflet du soleil sur le lac. On filme !,Solens spegling på sjön. Vi filmar!,,refléter = spegla. Gyllene timmen + vatten = filmarens gratis specialeffekt
2313,gel,substantiv,m,frost,Le gel dessine sur les fenêtres.,Frosten ritar på fönstren.,le givre = rimfrosten,geler minns du → le gel. DUBBEL: frost OCH gelé/gel (gel douche = duschtvål!). Vinterns konstnär
2314,buée,substantiv,f,imma,De la buée sur les vitres : c'est l'hiver.,Imma på rutorna: det är vinter.,,"Andedräktens signatur. faire de la buée = imma igen. Bilrutans morgonritual, november–mars"
2315,brise,substantiv,f,bris,Une brise légère du soir.,En lätt kvällsbris.,,Svenskans 'bris' = samma ord! Vindskalans mjukaste steg. brise-bise = liten gardin ('brisbrytare')!
2316,girafe,substantiv,f,giraff,La girafe fascine Kalle. Logique.,Giraffen fascinerar Kalle. Logiskt.,,GULD: peigner la girafe = 'kamma giraffen' = göra något totalt meningslöst! Franskans finaste sysslolöshetsidiom
2317,zèbre,substantiv,m,zebra,Un zèbre : un cheval rayé ?,En zebra: en randig häst?,rayé = randig,"GULD-slang: un drôle de zèbre = en underlig typ! Randigt djur, färgstarkt uttryck"
2318,phoque,substantiv,m,säl,Des phoques sur les rochers de la côte ouest.,Sälar på västkustens klippor.,,UTTAL: [fɔk]. Skärgårdens rundaste invånare. rire comme un phoque = skratta hejdlöst (konkurrent till valen!)
2319,dauphin,substantiv,m,delfin; tronföljare,Le dauphin sourit toujours.,Delfinen ler alltid.,,"DUBBEL: delfinen OCH tronföljaren (le Dauphin = franska kronprinsen, historiskt)! Havets glada aristokrat"
2320,méduse,substantiv,f,manet,Une méduse ! Personne ne bouge.,En manet! Ingen rör sig.,,"Från Medusa – håret av ormar, trådarna av bränsla. Badstrandens dramaturg. méduser = göra någon mållös!"
2321,crabe,substantiv,m,krabba,Le crabe marche de travers. Assumé.,Krabban går på tvären. Utan att skämmas.,,marcher en crabe = gå i sidled. Västkustens krabbfiske: barndomens första jakt
2322,dune,substantiv,f,sanddyn,"Une dune, un seau, une pelle : l'été.","En dyn, en hink, en spade: sommaren.",,"La dune du Pilat: Europas högsta sanddyn, i Frankrike! Sandens berg"
2323,falaise,substantiv,f,"klippa, stup",Les falaises blanches de Normandie.,Normandies vita klippor.,,"Étretat: Frankrikes mest målade klippor (Monet räknade inte försöken). rocher = blocket, falaise = väggen"
2324,algue,substantiv,f,"alg, tång","Des algues sur la plage. Beurk, dira Kalle.","Tång på stranden. Blä, kommer Kalle säga.",,les algues = tången/sjögräset. Sushins wrapping och strandens halkrisk – samma växt
2325,commode,substantiv,f,byrå,La commode de Kalle déborde déjà.,Kalles byrå svämmar redan över.,,DUBBEL: byrån OCH adjektivet bekväm/praktisk (c'est commode !). Möbeln som aldrig räcker till
2326,armoire,substantiv,f,"skåp, garderob",L'armoire grince à minuit. Charmant.,Skåpet knarrar vid midnatt. Charmigt.,,une armoire à glace = 'ett spegelskåp' = en muskelbjässe! Möbelslang på hög nivå
2327,cintre,substantiv,m,galge,Jamais assez de cintres. Loi universelle.,Aldrig tillräckligt med galgar. Universell lag.,,"Garderobens mystiska matematik: galgar försvinner, trasslar ihop sig, återuppstår hos grannen"
2328,paillasson,substantiv,m,dörrmatta,Le paillasson dit « Bienvenue ». Il ment parfois.,Dörrmattan säger 'Välkommen'. Den ljuger ibland.,,paille (halm) → paillasson = 'halmmattan'! Hemmets första ord till världen
2329,poignée,substantiv,f,handtag; näve,"La poignée de porte, bientôt à sa hauteur.","Dörrhandtaget, snart i hans höjd.",,DUBBEL: handtag OCH en handfull (une poignée de sel) OCH handslag: une poignée de main! Nävens hela repertoar
2330,serrure,substantiv,f,lås,La serrure résiste. La clé insiste.,Låset gör motstånd. Nyckeln insisterar.,le verrou = regeln,serrer minns du → serrure = 'det som klämmer fast'. Trögt lås: universalspråk för 'hemma'
2331,interrupteur,substantiv,m,strömbrytare,L'interrupteur est trop haut. Exprès.,Strömbrytaren sitter för högt. Med flit.,,interrompre minns du → interrupteur = 'avbrytaren'! Barnsäkring genom arkitektur
2332,rallonge,substantiv,f,förlängningssladd,Encore une rallonge. La maison en mange.,Ännu en förlängningssladd. Huset äter dem.,la multiprise = grenuttaget,long → rallonge = 'förlängaren'. une table à rallonge = ett utdragbart bord!
2333,câble,substantiv,m,"kabel, sladd",Un tiroir entier pour les câbles mystères.,En hel låda för mysteriekablarna.,,Alla hem har lådan: kablar till apparater som inte längre finns. Arkeologi på nära håll
2334,télécommande,substantiv,f,fjärrkontroll,La télécommande a encore disparu.,Fjärrkontrollen har försvunnit igen.,,"télé (fjärr) + commande (styrning). Gömställe nummer ett: soffan. Nummer två: Kalles hand, snart"
2335,vase,substantiv,m,vas,"Un vase, un chat : suspense.","En vas, en katt: spänning.",,OBS: UN vase (maskulinum!). Och LA vase = gyttja/dy! Genus avgör om det är blommor eller lera
2336,pot,substantiv,m,"kruka, burk",Un pot de fleurs sur le balcon.,En blomkruka på balkongen.,,TRIPPEL-GULD: avoir du pot = ha tur! prendre un pot = ta en drink! Och pottan: le pot – Kalles framtid
2337,graine,substantiv,f,frö,"Une graine, de l'eau, du temps.","Ett frö, vatten, tid.",,GULD: en prendre de la graine = ta lärdom av ('ta frö av')! Odlingens och uppfostrans gemensamma bild
2338,potager,substantiv,m,köksträdgård,Un potager sur le balcon : trois tomates par an.,En köksträdgård på balkongen: tre tomater om året.,,potage (soppa) → potager = 'soppträdgården'! Skörderesultat: symboliskt. Stolthet: enorm
2339,serre,substantiv,f,växthus,La serre prolonge l'été.,Växthuset förlänger sommaren.,,serrer minns du – serre = 'det som håller inne' (värmen)! l'effet de serre = växthuseffekten
2340,tondeuse,substantiv,f,gräsklippare,"La tondeuse du dimanche matin. Merci, voisin.","Söndagsmorgonens gräsklippare. Tack, grannen.",,tondre minns du → tondeuse. Också hårtrimmer! Gräsmattan och frisyren: samma maskinfamilj
2341,haie,substantiv,f,häck,"La haie sépare les jardins, pas les voisins.","Häcken skiljer trädgårdarna, inte grannarna.",,Också häcklöpning: le 110 mètres haies! Trädgård och friidrott delar hinder
2342,abri,substantiv,m,skjul; skydd,L'abri de jardin : plein de trésors inutiles.,Trädgårdsskjulet: fullt av onödiga skatter.,,GULD: à l'abri = i säkerhet/i skydd. se mettre à l'abri = söka skydd. Sakerna man sparar 'ifall att'
2343,cabane,substantiv,f,koja,Une cabane dans l'arbre pour Kalle. Un jour. Promis.,En trädkoja till Kalle. En dag. Jag lovar.,,Pappaprojektens kung. la cabane à sucre = sockerstugan (Québec!). Ritningen finns redan i huvudet
2344,tuyau,substantiv,m,"rör, slang; tips",Un tuyau ? Merci !,Ett hett tips? Tack!,,"DUBBEL-GULD: rör/slang OCH insider-tips! un bon tuyau = ett guldkorn. Rörmokeri och skvaller, samma ord"
2345,fuite,substantiv,f,läcka,Une fuite sous l'évier. Évidemment un dimanche.,En läcka under diskhon. Såklart en söndag.,,fuir minns du → fuite. DUBBEL: vattenläcka OCH informationsläcka/flykt: prendre la fuite = fly!
2346,tuile,substantiv,f,takpanna; otur,Quelle tuile !,Vilken otur!,,GULD-DUBBEL: takpannan OCH oturen – som en panna i huvudet från taket! Franskans mest arkitektoniska klagan
2347,grenier,substantiv,m,vind,Le grenier : le musée de la famille.,Vinden: familjens museum.,,grain → grenier ('sädesmagasinet')! du grenier à la cave = från vind till källare = topp till tå
2348,chantier,substantiv,m,byggarbetsplats; röra,La chambre ? Un chantier.,Rummet? En byggarbetsplats.,,DUBBEL: bygget OCH rörigheten: Quel chantier ! = vilken röra! en chantier = under arbete
2349,travaux,substantiv,m pl,"arbeten, renovering",Travaux : trois mois. Donc six.,Renovering: tre månader. Alltså sex.,,"travail i plural = travaux! Vägskylten, renoveringen och byggplanerna – alla följer samma tidsmatematik"
2350,grue,substantiv,f,lyftkran; trana,La grue fascine : l'oiseau ou la machine ?,Lyftkranen fascinerar: fågeln eller maskinen?,,DUBBEL: kranen OCH tranan – maskinen döptes efter fågelns långa hals! Byggplatsens ornitologi
2351,mixeur,substantiv,m,mixer,Le mixeur prépare la compote du jour.,Mixern gör dagens kompott.,,"Bebismatserans huvudmaskin. mixer = mixa. Ljudnivå: väcker hela kvarteret, alltid vid tupplur"
2352,bouilloire,substantiv,f,vattenkokare,"La bouilloire chante, le thé arrive.","Vattenkokaren sjunger, teet är på väg.",,bouillir minns du → bouilloire = 'kokerskan'. Mönstret igen: -oire/-oir = redskapet
2353,plaque,substantiv,f,platta; skylt,La plaque est encore chaude !,Plattan är varm än!,,DUBBEL: spisplattan OCH skylten: plaque d'immatriculation = registreringsskylt. Varningsord och verkstadsord
2354,minuteur,substantiv,m,"timer, äggklocka",Le minuteur sonne. Déjà ?,Timern ringer. Redan?,,"minute → minuteur. Kökets ärligaste domare: när den ringer är det klart, punkt"
2355,sablier,substantiv,m,timglas,Le sablier du jeu est introuvable.,Spelets timglas går inte att hitta.,,sable → sablier = 'sanduret'! Exakt samma bild som svenskans timglas. Sällskapsspelens första förlust
2356,pelleteuse,substantiv,f,grävmaskin,La pelleteuse : la star du chantier.,Grävmaskinen: byggets stjärna.,,pelle minns du → pelleteuse = 'den stora spaden'! Småbarnsmagneten framför alla – förbered stopp vid varje bygge
2357,tracteur,substantiv,m,traktor,Un tracteur ! (Réaction obligatoire.),En traktor! (Obligatorisk reaktion.),,"GRATIS! Landsbygdens kändis. Regel: traktorn pekas alltid ut, oavsett ålder på den som pekar"
2358,bazar,substantiv,m,"röra, kaos",Quel bazar dans le salon !,Vilken röra i vardagsrummet!,"la pagaille = kaoset, villervallan",Från persiskans basar (marknaden – där allt låg huller om buller). Ranger le bazar = röja röran
2359,râpe,substantiv,f,rivjärn,La râpe attaque le fromage.,Rivjärnet går lös på osten.,râper = att riva,Fingervarning ingår. fromage râpé = riven ost – fransk kylskåpsstandard
2360,spatule,substantiv,f,stekspade,La spatule sauve les crêpes.,Stekspaden räddar crêpesen.,,"Pannkaksvändningens verktyg. Proffsen använder handleden, vi andra spatulen och bönen"
2361,scie,substantiv,f,såg,La scie attend le week-end.,Sågen väntar på helgen.,scier = att såga,UTTAL: [si]. Också: en tjatig slagdänga (une scie musicale – den 'sågar' i huvudet)!
2362,établi,substantiv,m,arbetsbänk,Un établi dans le garage : le rêve.,En arbetsbänk i garaget: drömmen.,,Hobbyverkstadens altare. Också particip: établi = etablerad. Bänken där idéer blir prylar
2363,boutique,substantiv,f,butik,Une petite boutique de quartier.,En liten kvartersbutik.,,GRATIS-lån åt båda håll! fermer boutique = slå igen. Motsatsen till köplada: charm per kvadratmeter
2364,commerce,substantiv,m,"handel, affär",Les petits commerces ferment tôt.,Småbutikerna stänger tidigt.,,le commerce équitable = rättvis handel. commerçant = handlare. Stadskärnans hjärtslag
2365,marchand,substantiv,m,"handlare, försäljare",Le marchand de légumes me connaît.,Grönsakshandlaren känner igen mig.,,marché → marchand. le marchand de sable = John Blund ('sandförsäljaren' som strör sömn i ögonen)!
2366,kiosque,substantiv,m,kiosk,Le kiosque à journaux du coin.,Tidningskiosken på hörnet.,,GRATIS! Från turkiskans köşk via franskan till svenskan – ordet reste längre än varorna
2367,guichet,substantiv,m,"lucka, kassa",Le guichet ferme à midi. Évidemment.,Luckan stänger klockan tolv. Såklart.,,jouer à guichets fermés = spela för utsålt hus! Byråkratins fönster och succéns mått – samma ord
2368,parking,substantiv,m,parkering,Le parking est complet. Le suivant aussi.,Parkeringen är full. Nästa också.,,Franglais som franskan behöll. un parking souterrain = ett parkeringsgarage. Söndagsshoppingens första prövning
2369,banc,substantiv,m,bänk,Un banc au soleil : le luxe simple.,En bänk i solen: enkel lyx.,,"GULD: un banc de poissons = ett fiskstim ('en fiskbänk')! Parkens möbel, havets formation"
2370,arrêt,substantiv,m,hållplats; stopp,"L'arrêt de bus, juste devant.","Busshållplatsen, precis utanför.",,"arrêter → arrêt. sans arrêt = oavbrutet, hela tiden. Kalles frågor: sans arrêt (snart)"
2371,correspondance,substantiv,f,"byte, anslutning",La correspondance en trois minutes. Courons !,Bytet på tre minuter. Spring!,,DUBBEL: tågbyte OCH brevväxling! Två sätt att förbinda punkter: perronger och människor
2372,voie,substantiv,f,spår; väg,Le train part voie deux.,Tåget avgår från spår två.,,GULD: en voie de = på väg att: en voie de disparition = utrotningshotad. Homofon med voix (röst)!
2373,wagon,substantiv,m,vagn,Le wagon-restaurant : toute une aventure.,Restaurangvagnen: ett helt äventyr.,,UTTAL: [vagɔ̃] – v-ljud! Tågresans kapitel: vagn för vagn mot kaffet
2374,TGV,substantiv,m,snabbtåg (TGV),Le TGV : Paris-Lyon en deux heures.,TGV:t: Paris–Lyon på två timmar.,,Train à Grande Vitesse – nationalstolthet sedan 1981! Sverige åker X2000 och drömmer
2375,décollage,substantiv,m,start (flyg),Le décollage : le moment préféré de personne.,Starten: ingens favoritögonblick.,l'atterrissage (m) = landningen,"coller-familjen: décoller = 'lossna från' marken, atterrir = 'nå terre'. Logisk luftfart"
2376,escale,substantiv,f,mellanlandning,"Une escale à Copenhague, comme toujours.","En mellanlandning i Köpenhamn, som alltid.",,faire escale = mellanlanda. sans escale = direktflyg. Kastrup: Nordens vardagsrum
2377,bagage,substantiv,m,bagage,Les bagages : toujours trop.,Bagaget: alltid för mycket.,,GULD: avoir du bagage = ha kunskap i bagaget – precis som svenskan! faire ses bagages = packa
2378,composter,verb,,att stämpla (biljett),Compostez votre billet !,Stämpla er biljett!,,RESVARNING-GULD: ostämplad biljett = böter i Frankrike! DUBBEL: också kompostera. Stämpla eller förmultna
2379,rail,substantiv,m,räls,Les rails brillent après la pluie.,Rälsen glänser efter regnet.,,GULD: remettre sur les rails = få på rätt spår igen – som svenskan! Järnvägens metaforfabrik
2380,tenue,substantiv,f,"klädsel, outfit",Tenue correcte exigée ? J'ai des pantoufles.,Korrekt klädsel krävs? Jag har tofflor.,,tenir → tenue. tenue de soirée = aftonklädsel. en petite tenue = lättklädd. Garderobens samlingsnamn
2381,tablier,substantiv,m,förkläde,Le tablier : bouclier officiel de la cuisine.,Förklädet: kökets officiella sköld.,le bouclier = skölden,rendre son tablier = säga upp sig ('lämna in förklädet')! Köksplagg och avskedsansökan
2382,salopette,substantiv,f,hängselbyxor,La salopette de Kalle : trop mignonne.,Kalles hängselbyxor: för söta.,,Snickarens och bebisens gemensamma mode. Från sale (smutsig) – plagget som tål jobbet!
2383,combinaison,substantiv,f,overall; kombination,La combinaison d'hiver : un rituel suédois.,Vinteroveralen: en svensk ritual.,,DUBBEL: overall OCH kombination! Påklädningen: tjugo minuter. Utomhusvistelsen: tio. Matematiken: svensk
2384,moufle,substantiv,f,tumvante,Des moufles pour les petites mains.,Tumvantar för små händer.,,"gant = fingervante, moufle = tumvante. Vintervetenskap: moufles är varmare, gants är fingerfärdigare"
2385,tablette,substantiv,f,surfplatta; chokladkaka,La tablette : l'écran ou le chocolat ?,Plattan: skärmen eller chokladen?,,DUBBEL-GULD: surfplattan OCH chokladkakan (une tablette de chocolat)! Båda konsumeras i rutor
2386,connexion,substantiv,f,uppkoppling,"La connexion rame. La campagne, quoi.","Uppkopplingen segar. Landsbygden, liksom.",,ramer minns du – uppkopplingen 'ror'. perdre la connexion = tappa uppkopplingen. Modern skräck
2387,forfait,substantiv,m,"abonnemang, fast pris",Le forfait mobile : dix euros en France.,Mobilabonnemanget: tio euro i Frankrike.,,Fransk mobilmarknad: Europas billigaste! Också: déclarer forfait = ge upp/lämna walkover
2388,capture d'écran,uttryck,f,skärmdump,Une capture d'écran comme preuve.,En skärmdump som bevis.,,capture + écran = 'skärmfångst'. Det moderna kvittot: skärmdumpen ljuger aldrig (nästan)
2389,brouillon,substantiv,m,"utkast, kladd",Trois brouillons avant la bonne version.,Tre utkast före den rätta versionen.,,"brouiller-familjen igen: brouillard (dimma), se débrouiller (reda sig), brouillon (kladdet – 'dimstadiet')!"
2390,modèle,substantiv,m,"modell, mall","Un modèle 3D, puis l'impression.","En 3D-modell, sedan utskriften.",,GRATIS! DUBBEL: förebild (un modèle à suivre) OCH mall/modell. Skrivarens råvara
2391,corbeille,substantiv,f,papperskorg,Direct à la corbeille.,Direkt i papperskorgen.,,DUBBEL: den digitala och den flätade korgen! vider la corbeille = tömma papperskorgen. Mejlens kyrkogård
2392,notification,substantiv,f,"notis, avisering","Trop de notifications, zéro urgence.","För många notiser, noll brådska.",,GRATIS! désactiver les notifications = stänga av notiserna = modern självomsorg
2393,sonnerie,substantiv,f,ringsignal,La sonnerie ? Toujours en silencieux.,Ringsignalen? Alltid på ljudlöst.,,sonner → sonnerie. Generationsmarkör: ingen under fyrtio har ljudet på. Vibrationen räcker
2394,mode avion,uttryck,m,flygplansläge,Le mode avion : le vrai repos.,Flygplansläget: den äkta vilan.,,mode + avion. Digital semester på en knapp. Fungerar även på marken – hemligheten få använder
2395,stockage,substantiv,m,lagring,Stockage plein : trop de photos de Kalle.,Lagringen full: för många bilder på Kalle.,,stocker = lagra. Föräldramatematik: en bebis = tusen nästan identiska bilder. Alla nödvändiga
2396,fibre,substantiv,f,fiber,La fibre arrive ! Dans deux ans.,Fibern kommer! Om två år.,,DUBBEL: bredbandsfiber OCH kostfiber OCH läggning: avoir la fibre artistique = ha konstnärsådran!
2397,machin,substantiv,m,"grej, mojäng","Passe-moi le machin, là.",Räck mig grejen där.,le bidule = mojängen,"truc minns du – machin är tvillingen! Machin-chose = 'vadhannuhette'. Vaghetens ordförråd, komplett"
2398,figurant,substantiv,m,statist,Le chat : figurant involontaire de chaque vidéo.,Katten: ofrivillig statist i varje video.,,figure → figurant = 'den som syns'. Statistens regel: aldrig titta in i kameran. Katten vägrar
2399,cascade,substantiv,f,stunt; vattenfall,"Une cascade ? Non merci, j'ai un trépied.","Ett stunt? Nej tack, jag har ett stativ.",le cascadeur = stuntmannen,DUBBEL: vattenfallet OCH stuntet – båda faller vackert! en cascade = i en kedjereaktion
2400,gros plan,uttryck,m,närbild,Un gros plan sur le sourire.,En närbild på leendet.,,gros + plan = filmspråkets zoom. Närbildens lag: allt blir viktigare på nära håll
2401,trépied,substantiv,m,stativ,Le trépied : la troisième main du vidéaste.,Stativet: filmarens tredje hand.,,trois + pied = 'trefot'! Exakt samma bygge som ordet antyder. Skakfria bilder sedan antiken
2402,projecteur,substantiv,m,strålkastare,Sous les projecteurs !,I rampljuset!,,projeter → projecteur. braquer les projecteurs sur = rikta strålkastarljuset mot. Scenens sol
2403,coulisses,substantiv,f pl,kulisserna,En coulisses : le chaos organisé.,Bakom kulisserna: organiserat kaos.,le chaos = kaoset,dans les coulisses = bakom kulisserna. Där det riktiga arbetet bor – och de bästa historierna
2404,répétition,substantiv,f,repetition; upprepning,La répétition avant le grand soir.,Repetitionen före den stora kvällen.,,DUBBEL: teaterrep OCH upprepning – inlärningens motor! la répétition espacée = spaced repetition
2405,podcast,substantiv,m,podd,Un épisode de podcast par semaine ?,Ett poddavsnitt i veckan?,,Franskan säger podcast – utom Québec som kämpar för balado! enregistrer un podcast = spela in en podd
2406,bande-annonce,substantiv,f,trailer,La bande-annonce promet trop. Comme toujours.,Trailern lovar för mycket. Som alltid.,,"bande (remsa/band) + annonce. Filmens bästa två minuter, ibland bokstavligen"
2407,critique,substantiv,f,recension; kritiker,Une bonne critique illumine la journée.,En bra recension lyser upp dagen.,,"GENUS-DUBBEL: la critique = recensionen, le/la critique = kritikern! Texten och personen delar ord"
2408,classement,substantiv,m,"ranking, tabell",Premier du classement !,Etta i tabellen!,,classer minns du → classement. le classement des ventes = försäljningslistan. Tabellens poesi
2409,tendance,substantiv,f,trend,La tendance change chaque semaine.,Trenden byter varje vecka.,,"une vidéo virale = en viral video! avoir tendance à = ha en tendens att. Flodens riktning, just nu"
2410,algorithme,substantiv,m,algoritm,L'algorithme décide. Mystère total.,Algoritmen bestämmer. Totalt mysterium.,,GRATIS! Skaparens osynliga chef. plaire à l'algorithme = blidka algoritmen – modern vidskepelse
2411,créateur,substantiv,m,skapare,Créateur de contenu : un vrai métier.,Innehållsskapare: ett riktigt yrke.,le contenu = innehållet,créer → créateur. Meningen sägs numera utan citattecken. Utvecklingen: snabbare än föräldragenerationen
2412,tube,substantiv,m,hit; rör,Le tube de l'été passe partout.,Sommarplågan spelas överallt.,,GULD-DUBBEL: röret OCH sommarhiten: le tube de l'été = sommarplågan! Fastnar i huvudet som i ett rör
2413,instrument,substantiv,m,instrument,Premier instrument : la casserole.,Första instrumentet: kastrullen.,,GRATIS! Alla musikkarriärer börjar i köksskåpet. Trumsetets folkliga ursprung
2414,tambour,substantiv,m,trumma,Le tambour improvisé réveille la maison.,Den improviserade trumman väcker huset.,,GULD: sans tambour ni trompette = i all tysthet ('utan trumma och trumpet')! battre le tambour = slå på trumman
2415,festival,substantiv,m,festival,Un festival en plein air : très suédois.,En utomhusfestival: väldigt svenskt.,,"GRATIS! Cannes har filmen, Avignon teatern, Sverige regnet och gummistövlarna. en plein air = utomhus"
2416,refrain,substantiv,m,refräng,Le refrain reste dans la tête. Pour toujours.,Refrängen fastnar i huvudet. För alltid.,,Svenskans 'refräng' = direktlån! C'est toujours le même refrain = det är samma gamla visa!
2417,mélodie,substantiv,f,melodi,"Une mélodie simple, mille écoutes.","En enkel melodi, tusen lyssningar.",,"GRATIS! Bebisars musiksmak: repetition, repetition, repetition. Streamingstatistikens förklaring"
2418,gamme,substantiv,f,skala; sortiment,"Do, ré, mi : la gamme commence.","Do, re, mi: skalan börjar.",,"DUBBEL: tonskalan OCH produktsortimentet: haut de gamme = i toppklass, bas de gamme = budget!"
2419,violon,substantiv,m,fiol,Le violon attendra quelques années.,Fiolen får vänta några år.,,GULD: le violon d'Ingres = ens kära hobby (målaren Ingres spelade fiol)! accorder ses violons = enas
2420,rouleau,substantiv,m,kavel; rulle,Le rouleau à pâtisserie sert deux fois par an.,Kaveln används två gånger om året.,,rouler minns du → rouleau. au bout du rouleau = helt slut ('vid rullens ände')! Lucia och jul: kavelns säsong
2421,pince,substantiv,f,tång; klädnypa,"Une pince à linge, dix doigts, zéro patience.","En klädnypa, tio fingrar, noll tålamod.",pincer = att nypa,"MULTI: tång, klädnypa (pince à linge), hårklämma OCH krabbans klo! Gripandets hela familj"
2422,gentillesse,substantiv,f,"snällhet, vänlighet",La gentillesse ne coûte rien.,Vänlighet kostar ingenting.,,"gentil → gentillesse. Mönstret -esse: tristesse (sorg), politesse (artighet), vitesse. Adjektiv blir egenskap"
2423,tendresse,substantiv,f,ömhet,"La tendresse du soir, après la tempête du bain.","Kvällens ömhet, efter badets storm.",,"tendre = öm/mjuk → tendresse. Familjelivets valuta, obegränsad tillgång"
2424,douceur,substantiv,f,"mjukhet, sötma",La douceur d'un matin sans réveil.,Mjukheten i en morgon utan väckarklocka.,,doux → douceur. GULD: des douceurs = sötsaker! en douceur = mjukt och stilla. Mjukhet i alla former
2425,rancune,substantiv,f,agg,Sans rancune !,Inget agg – vi är sams!,,GULD-fras: Sans rancune ! sägs efter varje gräl som ska begravas. garder rancune = bära agg
2426,jalousie,substantiv,f,svartsjuka; persienn,La jalousie ? Même pas un peu.,Svartsjuka? Inte ens lite.,,DUBBEL-GULD: svartsjukan OCH persiennen – gallret man spionerade genom! Känslan byggde möbeln
2427,angoisse,substantiv,f,ångest,L'angoisse du dimanche soir disparaît avec un bon lundi.,Söndagsångesten försvinner med en bra måndag.,,l'angoisse existentielle = existentiell ångest – franskans filosofiska specialgren. Quelle angoisse ! = vilken mardröm!
2428,chagrin,substantiv,m,"sorg, ledsnad","Un gros chagrin, vite consolé.","En stor sorg, snabbt tröstad.",,"un chagrin d'amour = kärlekssorg. Barnsorger: intensiva, korta, botas med famn. Vuxensorger: samma recept"
2429,nostalgie,substantiv,f,nostalgi,La nostalgie des nuits complètes.,Nostalgin efter hela nätters sömn.,,"GRATIS! avoir la nostalgie de = längta tillbaka till. Minnet förgyller, nostalgin fakturerar"
2430,curiosité,substantiv,f,nyfikenhet,La curiosité de Kalle grandit chaque jour.,Kalles nyfikenhet växer varje dag.,,curieux → curiosité. La curiosité est un vilain défaut ? Non : un superpouvoir. Franska ordspråket har fel
2431,motivation,substantiv,f,motivation,La motivation revient avec le café.,Motivationen återvänder med kaffet.,,GRATIS! la lettre de motivation = personligt brev (jobbansökans franska namn!)
2432,tension,substantiv,f,spänning; blodtryck,La tension monte : match ou sieste ?,Spänningen stiger: match eller tupplur?,,DUBBEL: spänning OCH blodtryck: prendre la tension = mäta blodtrycket! Dramatik och vårdcentral
2433,destin,substantiv,m,öde,Le destin ? On l'écrit soi-même.,Ödet? Man skriver det själv.,,GRATIS-ish (jfr eng. destiny). le destin en décida autrement = ödet ville annorlunda – berättelsens favoritfras
2434,syllabe,substantiv,f,stavelse,Trois syllabes : pam-ple-mousse.,Tre stavelser: pam-ple-mousse.,,Grapefruktens comeback! Stavelser: ordens legobitar. Franskan betonar alltid den sista
2435,majuscule,substantiv,f,"versal, stor bokstav",Une majuscule au début. Toujours.,Stor bokstav i början. Alltid.,,minuscule minns du (pytteliten!) – majuscule är storebror. écrire en majuscules = skriva med versaler = SKRIKA
2436,débutant,substantiv,m,nybörjare,"Débutant motivé, progrès garantis.","Motiverad nybörjare, garanterade framsteg.",débuter = att börja,Nivåtrappan: débutant → intermédiaire → avancé. Alla experter var débutants – länge
2437,bilingue,adjektiv,,tvåspråkig,Kalle sera bilingue ? Trilingue ?,Blir Kalle tvåspråkig? Trespråkig?,polyglotte = flerspråkig,bi + lingue = 'två tungor'. Familjeprojektet pågår. Hjärnan har plats – det är föräldratiden som förhandlas
2438,déclic,substantiv,m,aha-upplevelse,Et soudain : le déclic !,Och plötsligt: polletten trillar ner!,le clic = klicket,GULD-ORD: le déclic = ögonblicket när allt klickar på plats! Inlärningens vackraste ljud
2439,apprentissage,substantiv,m,"inlärning, lärande",L'apprentissage ne s'arrête jamais.,Lärandet tar aldrig slut.,,apprendre → apprentissage. Också lärlingstid: en apprentissage = som lärling. Livets längsta anställning
2440,antisèche,substantiv,f,fusklapp,Une antisèche ? Jamais eu besoin.,En fusklapp? Aldrig behövt.,,sécher = kugga/torka → anti-sèche = 'mot-torkan'! Vissa yrkesgrupper får aldrig skämta om detta. Vi skämtar ändå
2441,oral,substantiv,m,muntligt prov,"L'oral : le trac, puis ça va.","Muntan: rampfeber, sedan går det.",l'écrit = skriftliga provet,"à l'oral = muntligt, à l'écrit = skriftligt. Frankrikes skolsystem: oralen är hela kulturen"
2442,paperasse,substantiv,f,pappersexercis,La paperasse attend. Elle attendra.,Pappersarbetet väntar. Det får vänta.,,"papier + föraktfullt -asse = 'pappersslask'! Franskans ärligaste byråkratiord. Alla förstår, alla suckar"
2443,caution,substantiv,f,deposition; borgen,La caution revient. En théorie.,Depositionen kommer tillbaka. I teorin.,,FALSK VÄN: inte försiktighet (= prudence)! Hyresvärldens mest optimistiska ord
2444,locataire,substantiv,m/f,hyresgäst,"Locataire heureux, propriétaire tranquille.","Nöjd hyresgäst, lugn hyresvärd.",le/la colocataire = rumskompisen (coloc !),location = uthyrning (inte plats!). la coloc = kollektivboendet. Bostadsordens falska vänner-hörna
2445,bénévole,substantiv,m/f,"volontär, ideell",Des bénévoles partout : très suédois aussi.,Volontärer överallt: väldigt svenskt också.,,"bene + vole = 'som vill väl' (latin)! Föreningslivets ryggrad, i båda länderna. travail bénévole = ideellt arbete"
2446,entraîneur,substantiv,m,tränare,L'entraîneur crie. Avec amour.,Tränaren skriker. Med kärlek.,,s'entraîner minns du → entraîneur. entraîner = också dra med sig: ça entraîne des frais = det medför kostnader
2447,tournoi,substantiv,m,turnering,Un tournoi de pétanque au village.,En bouleturnering i byn.,la pétanque = boule,"Från medeltidens tornerspel! Pétanque: Frankrikes vackraste ljud – klonk, tystnad, jubel"
2448,coupe,substantiv,f,pokal; frisyr,La coupe du monde ou la coupe de cheveux ?,VM-pokalen eller frisyren?,,"DUBBEL-GULD: pokalen OCH klippningen! couper → coupe. Två sorters finaler, samma ord"
2449,record,substantiv,m,rekord,Nouveau record du monde !,Nytt världsrekord!,,"battre un record = slå ett rekord. Vissa meningar känns bättre än andra att säga. Denna: testad, godkänd"
2450,exploit,substantiv,m,bragd,L'exploit du jour : une sieste de deux heures.,Dagens bragd: en tupplur på två timmar.,,"FALSK VÄN-varning: franskans exploit = hjältedåd, inget skumt! réussir un exploit = utföra en bragd"
2451,podium,substantiv,m,prispall,"Sur le podium ! Troisième, mais sur le podium.","På pallen! Trea, men på pallen.",,GRATIS! monter sur le podium = ta pallplats. Bronsets filosofi: pallen är pallen
2452,coïncidence,substantiv,f,sammanträffande,Coïncidence ? Je ne crois pas.,Sammanträffande? Knappast.,,GRATIS! Frasen levereras med kisande ögon. par pure coïncidence = av en ren slump
2453,catastrophe,substantiv,f,katastrof,Une catastrophe ? Non : du lait renversé.,En katastrof? Nej: utspilld mjölk.,,GULD: ce n'est pas la mer à boire = ingen stor sak ('inte havet att dricka')! Proportionernas idiom
2454,enquête,substantiv,f,utredning,L'enquête continue : où est la tétine ?,Utredningen fortsätter: var är nappen?,,"mener l'enquête = leda utredningen. Hemmets eviga kriminalfall, utan lösning, med misstänkta"
2455,indice,substantiv,m,ledtråd,Un indice : cherche sous le canapé.,En ledtråd: leta under soffan.,,OBS: UN indice (maskulinum trots -ice!). Soffans undersida: där alla utredningar slutar
2456,coupable,substantiv,m/f,skyldig,Le coupable : le chat. Comme toujours.,Den skyldige: katten. Som alltid.,innocent = oskyldig,"coupable ou innocent = skyldig eller oskyldig. Katten har aldrig frikänts, aldrig dömts. Rättslös zon"
2457,essai,substantiv,m,försök; essä,"Trois essais, un succès.","Tre försök, en framgång.",,"TRIPPEL: försöket, essän OCH rugby-poängen (marquer un essai)! essayer → essai. Provandets alla former"
2458,infini,adjektiv,,oändlig,Les questions de Kalle : bientôt infinies.,Kalles frågor: snart oändliga.,,à l'infini = i det oändliga. l'infini = oändligheten. Pourquoi ? Pourquoi ? Pourquoi ? – träning pågår
2459,pair / impair,adjektiv,,jämn / udda,Pair ou impair ? Devine !,Jämnt eller udda? Gissa!,,les jours pairs = jämna datum (parkeringsregel i Frankrike!). une paire minns du – samma familj
2460,calcul,substantiv,m,"beräkning, räkning",Le calcul mental : un sport de cerveau.,Huvudräkning: en hjärnsport.,,"calculer → calcul. le calcul mental = huvudräkning – tränas som muskler, åldras som vin"
2461,cercle,substantiv,m,cirkel,"Un cercle parfait, à main levée ? Impossible.",En perfekt cirkel på fri hand? Omöjligt.,,le cercle polaire = polcirkeln – Sveriges egen breddgrad! le cercle vicieux = den onda cirkeln
2462,carré,substantiv,m,"kvadrat, ruta",Un carré de chocolat. Un seul. Haha.,En ruta choklad. En enda. Haha.,,carré = också adjektiv: fyrkantig/rak. un mètre carré = en kvadratmeter. Chokladkakans måttenhet
2463,angle,substantiv,m,vinkel,"Un autre angle, et tout change.","En annan vinkel, och allt förändras.",,DUBBEL: matte-vinkeln OCH kameravinkeln! sous un autre angle = ur ett annat perspektiv. Filmarens geometri
2464,univers,substantiv,m,universum,L'univers entier dans les yeux d'un bébé.,Hela universum i en bebis ögon.,,"UTTAL: [ynivɛʁ], s:et tyst. l'univers de = världen av: l'univers du film = filmens värld"
2465,fusée,substantiv,f,raket,Une fusée en carton : mission réussie.,En raket av kartong: uppdrag slutfört.,,partir comme une fusée = sticka iväg som en raket! Kartong + fantasi = rymdprogram. Budget: noll
2466,atelier,substantiv,m,workshop; verkstad,"Un atelier mémoire : deux heures, cent sourires.","En minnesworkshop: två timmar, hundra leenden.",,"DUBBEL: kursen/workshoppen OCH konstnärens ateljé/verkstaden! Svenskans 'ateljé' = samma ord, finare uttal"
2467,tournant,substantiv,m,vändpunkt,Un tournant dans le projet.,En vändpunkt i projektet.,,tourner → tournant. le tournant du siècle = sekelskiftet. Kurvan där historien byter riktning
2468,amer / amère,adjektiv,,bitter,Le café est amer. Donc parfait.,Kaffet är beskt. Alltså perfekt.,,DUBBEL: bitter smak OCH bitter känsla: un souvenir amer = ett bittert minne. Vuxensmakernas kung
2469,acide,adjektiv,,"sur, syrlig",Le citron est acide. Kalle découvrira.,Citronen är sur. Kalle kommer upptäcka det.,,"Citronansiktet: mänsklighetens roligaste reflex, väldokumenterad. l'acidité = syrligheten"
2470,fade,adjektiv,,"smaklös, fadd",Fade ? Ajoute du beurre.,Smaklöst? Tillsätt smör.,,Fransk kökslag: fade är det enda oförlåtliga. Svenskans 'fadd' = samma ord! Lösningen: alltid smör
2471,copieux,adjektiv,,"riklig, mastig","Un repas copieux, une sieste obligatoire.","En mastig måltid, en obligatorisk tupplur.",,"un petit-déjeuner copieux = en rejäl frukost. Söndagslunchens fysiologi: äta, sjunka, snarka"
2472,juteux,adjektiv,,saftig,Une pêche juteuse en plein été.,En saftig persika mitt i sommaren.,,jus → juteux. GULD: un contrat juteux = ett lukrativt kontrakt ('saftigt')! Frukt och affärer
2473,périmé,adjektiv,,utgången (datum),Périmé d'hier : le grand débat du frigo.,Utgånget sedan igår: kylskåpets stora debatt.,la date de péremption = bäst före-datum,Hushållens eviga förhandling: datumet mot doften. Doften vinner oftast
2474,moisi,adjektiv,,möglig,Du fromage moisi ? Parfois exprès !,Möglig ost? Ibland med flit!,moisir = att mögla,"Fransk ostfilosofi: rätt mögel = delikatess (roquefort!), fel mögel = soptunna. Expertis krävs"
2475,rassis,adjektiv,,gammalt (bröd),Le pain rassis devient pain perdu.,Gammalt bröd blir fattiga riddare.,,"MATKULTUR-GULD: pain perdu = 'förlorat bröd' = fattiga riddare! Två språk, samma räddningsaktion"
2476,rude,adjektiv,,"hård, sträv","Un hiver rude, un café fort.","En hård vinter, ett starkt kaffe.",,Svensk vinterekvation. rude journée = tuff dag. Jfr eng. rude = otrevlig – franskans är ärligare: bara hård
2477,paisible,adjektiv,,fridfull,Un lac paisible au petit matin.,En fridfull sjö i gryningen.,,paix → paisible. un quartier paisible = ett lugnt område. Sveriges exportvara: paisible på burk
2478,agité,adjektiv,,"orolig, stökig",Une nuit agitée. Une de plus.,En orolig natt. En till.,,agiter = skaka (agiter avant emploi = skakas före användning!). mer agitée = orolig sjö. Nattens väderrapport
2479,chaleureux,adjektiv,,"varm, hjärtlig","Un accueil chaleureux, comme toujours ici.","Ett varmt välkomnande, som alltid här.",,chaleur → chaleureux. des applaudissements chaleureux = varma applåder. Värme utan termometer
2480,amical,adjektiv,,vänskaplig,Un match amical. Personne n'y croit.,En vänskapsmatch. Ingen tror på det.,,ami → amical. GULD: un match amical = träningsmatch – där ingen någonsin spelar vänskapligt
2481,vif,adjektiv,,"pigg, livlig",Vif comme Kalle à six heures du matin.,Pigg som Kalle klockan sex på morgonen.,,un esprit vif = ett skarpt intellekt. de vive voix = muntligen. Piggheten: orättvist fördelad över dygnet
2482,sociable,adjektiv,,"social, sällskaplig","Sociable, le petit : il sourit à tout le monde.","Social, den lille: han ler mot alla.",,GRATIS! Bussens charmoffensiv fortsätter. peu sociable = folkskygg
2483,agile,adjektiv,,smidig,"Agile comme un chat. Le chat, pas moi.","Smidig som en katt. Katten, inte jag.",,GRATIS! l'agilité = smidigheten. Katten landar alltid på fötterna. Vi landar på nyckelknippan
2484,radieux,adjektiv,,strålande,Un sourire radieux illumine le matin.,Ett strålande leende lyser upp morgonen.,,rayon-familjen: rayon → radieux = 'full av strålar'. un avenir radieux = en ljus framtid
2485,coûte que coûte,uttryck,,till varje pris,"Finir le projet, coûte que coûte.","Avsluta projektet, till varje pris.",à tout prix = till varje pris,'Kosta vad det kosta vill' – exakt som svenskan! Beslutsamhetens formel
2486,quoi qu'il arrive,uttryck,,vad som än händer,"Quoi qu'il arrive, on gère.","Vad som än händer, vi fixar det.",,"quoi que + subjonctif = grammatikens finrum, frasen = vardagens ryggrad. Familjemotto-material"
2487,peu importe,uttryck,,spelar ingen roll,"Peu importe l'heure, on y va.","Strunt i klockan, vi kör.",,"GULD-FRAS: Peu importe ! = det kvittar! Peu importe qui, quoi, où – frihetens grammatik"
2488,en clair,uttryck,,i klartext,En clair : non.,I klartext: nej.,,"Sammanfattningens kniv. en clair = okrypterat (TV!) och rakt på sak. Två ord, noll dimma"
2489,entre autres,uttryck,,bland annat,Entre autres talents : dormir partout.,Bland andra talanger: sova överallt.,,entre autres choses = bland annat. Uppräkningens eleganta trailer – det bästa antyds
2490,tout compte fait,uttryck,,när allt kommer omkring,"Tout compte fait, on est bien ici.",När allt kommer omkring har vi det bra här.,,"'När all räkning är gjord'. Bokslutets fras för livet. Syskon: au final, finalement"
2491,après coup,uttryck,,i efterhand,La réplique parfaite arrive après coup.,Den perfekta repliken kommer i efterhand.,,GULD: l'esprit de l'escalier = 'trappvitsen' – när svaret kommer i trappan på väg ut! Franskan har ordet för det
2492,à première vue,uttryck,,vid första anblicken,À première vue : le chaos. En fait : le chaos.,Vid första anblicken: kaos. I själva verket: kaos.,,Ibland har första intrycket rätt. l'amour au premier regard = kärlek vid första ögonkastet – släkting
2493,à vrai dire,uttryck,,ärligt talat,"À vrai dire, je ne sais plus.",Ärligt talat vet jag inte längre.,,"Ärlighetens öppning. Syskon: pour être honnête, franchement. Det som följer är alltid sant – nästan"
2494,tant qu'on y est,uttryck,,när vi ändå håller på,"Tant qu'on y est, on range tout ?","När vi ändå håller på, ska vi städa allt?",,Projektutvidgningens fras: byta en lampa → renovera köket. Farlig och underbar
2495,sans blague,uttryck,,skämtar du?; allvarligt,Sans blague ? Il dort déjà ?,Skämtar du? Sover han redan?,,blague minns du. Sans blague ! = nähä du!/allvarligt! Förvåningens vardagsdräkt
2496,aïe,uttryck,,aj,Aïe ! Un jouet sous le pied.,Aj! En leksak under foten.,ouille ! = aj!,UTTAL: [aj] – precis som svenskan! Föräldragolvets nationalsång. Aïe aïe aïe ! = ojojoj!
2497,verlan,substantiv,m,verlan (baklängesslang),Le verlan : parler à l'envers.,Verlan: att prata baklänges.,,"KULTUR-GULD: l'envers → verlan! chelou = louche (skumt!), meuf = femme, relou = lourd. Ouf minns du – fou baklänges!"
2498,peser le pour et le contre,uttryck,,väga för och emot,Je pèse le pour et le contre. Longtemps.,Jag väger för och emot. Länge.,,peser minns du. Beslutsvågen: exakt samma bild som svenskan. Resultatet: oftast en kompromiss
2499,compte à rebours,uttryck,m,nedräkning,Le compte à rebours vers trois mille commence !,Nedräkningen mot tretusen börjar!,,"compter + à rebours (baklänges) = 'baklängesräkningen'. Dix, neuf, huit... Raketspråk för sista etappen!"
2500,dernière ligne droite,uttryck,f,"upploppet, slutspurten",Deux mille cinq cents ! La dernière ligne droite.,Tvåtusen femhundra! Nu börjar upploppet.,,Löparbanans sista raka = projektets slutspurt. Fem hundra ord kvar. Målsnöret syns härifrån
2501,bondir,verb,,"att skutta, hoppa till",Le chat bondit sur la table. Interdit ? Oui.,Katten skuttar upp på bordet. Förbjudet? Ja.,,bondir de joie = hoppa av glädje. Kattens tolkning av regler: förslag
2502,flotter,verb,,att flyta,Le bateau en papier flotte. Trois secondes.,Pappersbåten flyter. I tre sekunder.,,GULD-slang: il flotte = det regnar! flotter dans ses vêtements = simma i sina kläder
2503,escalader,verb,,att klättra (upp)på,Kalle escalade le canapé. Déjà.,Kalle klättrar upp på soffan. Redan.,,escalade = klättring (sporten!). Soffan: barndomens första bergsbestigning
2504,enjamber,verb,,att kliva över,J'enjambe les jouets. Slalom quotidien.,Jag kliver över leksakerna. Daglig slalom.,,"jambe (ben) → enjamber = 'ta benet över'. Föräldragolvets grundteknik, nattversion: extra svår"
2505,contourner,verb,,"att gå runt, kringgå",On contourne le problème. Élégamment.,Vi går runt problemet. Elegant.,,tour-familjen! DUBBEL: gå runt fysiskt OCH kringgå en regel. Diplomatens och rörmokarens gemensamma verb
2506,se retourner,verb,,att vända sig (om),Kalle se retourne tout seul !,Kalle vänder sig själv!,,BEBISMILSTOLPE nummer ett! Också: se retourner contre = vända sig emot. Sen den dagen: aldrig mer trygg skötbädd
2507,basculer,verb,,"att tippa, välta",Tout peut basculer en une seconde.,Allt kan tippa över på en sekund.,,la bascule = gungbrädan! faire basculer = få att välta. Dramats och lekplatsens gemensamma fysik
2508,balancer,verb,,att gunga; slänga (vard.),Je balance les vieux câbles ? Jamais.,Slänger jag de gamla kablarna? Aldrig.,,balançoire-familjen! GULD-slang: s'en balancer = strunta i. Je balance tout ! = jag skvallrar om allt (TV-klassiker)!
2509,enfoncer,verb,,"att trycka in, slå in",J'enfonce le clou. Le pouce aussi.,Jag slår in spiken. Tummen också.,,GULD: enfoncer une porte ouverte = slå in öppna dörrar – exakt som svenskan! foncer minns du – samma familj
2510,arracher,verb,,"att rycka, slita",Kalle arrache mes lunettes. Sport favori.,Kalle sliter av mig glasögonen. Favoritsport.,,arracher les mauvaises herbes = rensa ogräs. s'arracher les cheveux = slita sitt hår. Kraftens verb
2511,tendre,verb,,"att sträcka fram, spänna",Je tends la main. Kalle attrape le doigt.,Jag sträcker fram handen. Kalle griper fingret.,,DUBBEL: verbet sträcka OCH adjektivet öm (tendresse!). tendre l'oreille = spetsa öronen. tendre un piège = gillra en fälla
2512,nouer,verb,,att knyta,"Je noue les lacets. Enfin, j'essaie.",Jag knyter skosnörena. Eller försöker.,,nœud minns du → nouer. nouer des liens = knyta band. avoir la gorge nouée = ha en klump i halsen
2513,suspendre,verb,,att hänga upp; avbryta,Je suspends le linge. Le ciel menace.,Jag hänger tvätten. Himlen mulnar.,,DUBBEL: hänga upp OCH avbryta tillfälligt: séance suspendue ! = mötet ajourneras! pont suspendu = hängbro
2514,étendre,verb,,"att breda ut, hänga (tvätt)",J'étends le linge dehors. Optimiste.,Jag hänger tvätten ute. Optimist.,,s'étendre = lägga sig ner/sträcka ut sig. Svensk sommarmeteorologi: tvätten ute = regnet in
2515,assaisonner,verb,,att krydda,J'assaisonne généreusement. Toujours.,Jag kryddar generöst. Alltid.,,saison göms i ordet – 'ge smak efter säsong'! l'assaisonnement = kryddningen. Motgiftet mot fade
2516,égoutter,verb,,att låta rinna av,J'égoutte les pâtes. Nuage de vapeur.,Jag häller av pastan. Ångmoln.,,goutte minns du → é-goutter = 'av-droppa'! Passoire + égoutter = durkslagsduon komplett
2517,pétrir,verb,,att knåda,Je pétris la pâte du samedi matin.,Jag knådar lördagsdegen.,,pétrir = degens massage. du pain pétri à la main = handknådat bröd. Terapiform med mjöl
2518,dorer,verb,,att bryna; förgylla,Ça dore au four. Ça sent bon.,Det får färg i ugnen. Det doftar gott.,,or (guld) → dorer = 'förgylla'! se dorer au soleil = sola sig gyllenbrun. faire dorer l'oignon = bryna löken
2519,user,verb,,att slita ut,Les genoux du pantalon : usés. Fierté.,Byxknäna: utslitna. Stolthet.,,Krypandets kvitto! user ses fonds de culotte à l'école = nöta skolbänken. usé = utsliten
2520,gâcher,verb,,att förstöra; slösa bort,Ne gâche pas la surprise !,Förstör inte överraskningen!,,gâcher du temps = slösa tid. un talent gâché = en bortslösad talang. Festförstörarens verb
2521,bâcler,verb,,att slarva ihop,"Vite fait, mais jamais bâclé.","Snabbt gjort, men aldrig slarvigt.",,du travail bâclé = hafsverk. Skillnaden mellan effektiv och slarvig: en hel yrkesheder
2522,peaufiner,verb,,att finslipa,Je peaufine le montage. Encore une heure.,Jag finslipar klippet. En timme till.,,peau (skinn) göms i ordet – putsa med sämskskinn! Perfektionistens ömmaste verb. 'En timme till' = tre
2523,régler,verb,,att lösa; ställa in; betala,C'est réglé !,Det är fixat!,,"TRIPPEL: lösa problem, ställa in apparat, betala nota! réglé comme une horloge minns du – samma familj"
2524,redémarrer,verb,,att starta om,Ça marche ? Non. Redémarre.,Funkar det? Nej. Starta om.,,"IT-supportens universallösning, träffsäkerhet: förbluffande. Quand ça plante (kraschar – ja, samma planter som i trädgården!), on redémarre"
2525,pirater,verb,,att hacka; piratkopiera,Mot de passe : « pirate ». Piraté.,Lösenord: 'pirat'. Hackat.,,"le pirate = piraten och hackaren – samma yrkesgrupp, nya hav. un compte piraté = ett kapat konto"
2526,cadrer,verb,,att rama in (bild); stämma,"Bien cadré, à moitié filmé.","Bra bildutsnitt, halva jobbet gjort.",,cadre minns du → cadrer. DUBBEL: komponera bilden OCH stämma överens: ça ne cadre pas = det går inte ihop
2527,recopier,verb,,"att skriva av, renskriva",Je recopie mes notes. Illisibles.,Jag renskriver mina anteckningar. Oläsliga.,,re + copier. recopier au propre = skriva rent. Anteckningarnas andra chans
2528,relire,verb,,"att läsa om, korrekturläsa",Je relis une dernière fois. Promis.,Jag läser igenom en sista gång. Jag lovar.,,re + lire. se relire = läsa igenom sitt eget. Mejlets 'skicka'-knapp: alltid en relecture för sent
2529,jardiner,verb,,att påta i trädgården,Jardiner calme tout le monde.,Trädgårdsarbete lugnar alla.,,jardin → jardiner. Terapi med jord under naglarna. le jardinage = trädgårdsarbetet
2530,camper,verb,,"att tälta, campa",On campe dans le jardin d'abord. Test.,Vi tältar i trädgården först. Test.,,GRATIS! camper sur ses positions = stå på sig ('slå läger på sin ståndpunkt')! Generalrepetitionen: tio meter hemifrån
2531,skier,verb,,att åka skidor,On skiera ensemble dans quelques années.,Vi åker skidor ihop om några år.,,"ski → skier. Vintersveriges verb. Första gången: mer vurpor än glid, mer skratt än allt"
2532,menacer,verb,,att hota,Le ciel menace. Le pique-nique tremble.,Himlen mulnar. Picknicken darrar.,,GULD-användning: le ciel menace = det ser ut att bli regn! une espèce menacée = en hotad art
2533,signaler,verb,,"att anmäla, påpeka",Je signale un problème. Poliment. D'abord.,Jag påpekar ett problem. Artigt. Först.,,signe-familjen. signaler un bug = rapportera en bugg. rien à signaler = inget att rapportera (RAS!)
2534,rapporter,verb,,att skvallra; inbringa,"Ça rapporte, ce métier ?","Lönar det sig, det där yrket?",,"TRIPPEL: skvallra (rapporteur = skvallerbytta!), ge avkastning OCH lämna tillbaka. Skolgårdens och börsens verb"
2535,se vanter,verb,,att skryta,"Je ne me vante jamais. Enfin, rarement.","Jag skryter aldrig. Nåja, sällan.",,sans me vanter... = utan att skryta... (följs alltid av skryt). Ödmjukhetens kryphål
2536,sous-entendre,verb,,att antyda,"Qu'est-ce que tu sous-entends, exactement ?","Vad antyder du, egentligen?",,sous + entendre = 'höra under'. le sous-entendu = undertonen. Franskans nationalgren: säga utan att säga
2537,épeler,verb,,att bokstavera,Vous pouvez épeler ? V-O-N...,Kan ni bokstavera? V-O-N...,,Svenskt namn i Frankrike = daglig övning. épeler son nom = bokstavera sitt namn. Ö:et förbryllar alltid
2538,réclamer,verb,,"att kräva, pocka på",Kalle réclame son biberon. Fort.,Kalle kräver sin flaska. Högljutt.,,réclamer justice = kräva rättvisa. une réclamation = en reklamation. Bebisens första juridiska handling
2539,supplier,verb,,att bönfalla,Je t'en supplie : dors.,Jag bönfaller dig: sov.,,"Je vous en supplie ! = jag ber er! Föräldrabönens officiella verb, klockan tre på natten"
2540,obéir,verb,,att lyda,Le chat n'obéit jamais. Principe.,Katten lyder aldrig. Av princip.,,obéir aux règles = följa reglerna. Motsats: désobéir. Kattens relation till båda: teoretisk
2541,s'émerveiller,verb,,att förundras,Kalle s'émerveille de tout. Leçon reçue.,Kalle förundras över allt. Läxa mottagen.,,merveilleux-familjen: s'émerveiller = se världen som ny. Bebisar: heltidsfilosofer
2542,paniquer,verb,,att få panik,On ne panique pas. ON NE PANIQUE PAS.,Vi får inte panik. VI FÅR INTE PANIK.,,GRATIS! Pas de panique ! = ingen panik! Versaler: panikens typografi
2543,rêvasser,verb,,att dagdrömma,Je rêvasse à la fenêtre. Réunion importante.,Jag dagdrömmer vid fönstret. Viktigt möte.,,rêve + slarv-ändelsen -asser (paperasse!) = 'smådrömma'. Hjärnans skärmsläckare
2544,somnoler,verb,,"att halvsova, dåsa",Je somnole devant le film. Comme prévu.,Jag halvsover framför filmen. Som väntat.,,sommeil-familjen. Soffans gravitationsfält efter 21: vetenskapligt bevisat. la somnolence = dåsigheten
2545,envier,verb,,att avundas,Je n'envie personne. Sauf ceux qui dorment.,Jag avundas ingen. Utom de som sover.,,envie minns du → envier. Je t'envie ! = vad jag avundas dig! Ärlighetens gröna verb
2546,flatter,verb,,att smickra,Ça me flatte. Continuez.,Det smickrar mig. Fortsätt.,,"Korpen och räven, minns du? flatteur = smickrare. se flatter de = berömma sig av"
2547,séduire,verb,,"att charma, förföra",Ce petit restaurant m'a séduit.,Den lilla restaurangen charmade mig.,,"Bredare än romantik: en idé, en stad, en plan kan séduire! séduisant = tilldragande"
2548,patienter,verb,,att vänta (tålmodigt),Veuillez patienter... [musique],Var god dröj... [musik],,"patience → patienter. Telefonköernas officiella verb. Musiken: alltid samma, aldrig bra"
2549,zapper,verb,,att glömma; zappa,J'ai zappé le rendez-vous. Zéro excuse.,Jag glömde mötet helt. Noll ursäkt.,,GULD-MODERNT: zapper = glömma bort/hoppa över (och TV-zappa)! J'ai complètement zappé ! = det föll helt bort!
2550,accomplir,verb,,"att fullborda, utföra",Mission accomplie !,Uppdraget slutfört!,,"GRATIS-ish (jfr eng. accomplish). un accomplissement = en bedrift. Frasen förtjänas, sedan sägs den högt"
2551,aboutir,verb,,"att lyckas, leda fram",Le projet aboutit enfin !,Projektet ror i land till slut!,,bout (ände) → aboutir = 'nå änden'. aboutir à = leda till. n'aboutir à rien = rinna ut i sanden
2552,entamer,verb,,"att påbörja, ta hål på",On entame la dernière partie !,Vi tar oss an sista delen!,,entamer un fromage = ta hål på en ost. entamer la discussion = inleda samtalet. Första biten: alltid störst
2553,poursuivre,verb,,att fortsätta; förfölja,On poursuit ! Sans pause.,Vi fortsätter! Utan paus.,,suivre-familjen. DUBBEL: fortsätta OCH förfölja/stämma: poursuivre en justice = dra inför rätta!
2554,enchaîner,verb,,att köra vidare direkt,On enchaîne !,Vi kör direkt på nästa!,,"chaîne minns du → enchaîner = 'kedja ihop'. Studions och gymmets verb: ingen paus, nästa övning!"
2555,compléter,verb,,"att komplettera, fylla i",Je complète la liste. Elle grandit.,Jag fyller på listan. Den växer.,,"complet → compléter. compléter une phrase = fylla i en mening. Listor: aldrig färdiga, alltid kompletterade"
2556,nounours,substantiv,m,nalle,Le nounours a déjà un prénom secret.,Nallen har redan ett hemligt namn.,,"un ours → nounours (barnspråkets 'nalle-björn')! Familjemedlem med full status, noll ansvar"
2557,poupée,substantiv,f,docka,La poupée ou le tracteur ? Les deux.,Dockan eller traktorn? Båda.,,de vraies joues de poupée = äkta dockkinder. Leksakslådans demokrati: allt åt alla
2558,cube,substantiv,m,kloss,Une tour de cubes. Démolition immédiate.,Ett klosstorn. Omedelbar rivning.,,Bygga: förälderns jobb. Riva: bebisens. Arbetsfördelningen: icke förhandlingsbar. Skratten: garanterade
2559,chaise haute,uttryck,f,barnstol,La chaise haute : le trône du royaume.,Barnstolen: rikets tron.,,"chaise + haute = 'höga stolen'. Därifrån regeras måltiden: nåd för morot, exil för spenat"
2560,mamie / papi,substantiv,f/m,mormor-farmor / morfar-farfar (vard.),Mamie et Papi arrivent samedi !,Mormor och morfar kommer på lördag!,,"Vardagsformerna av grand-mère/grand-père! Superkrafter: obegränsat tålamod, hemliga kex"
2561,tonton / tata,substantiv,m/f,farbror-morbror / faster-moster (vard.),Tonton arrive toujours avec des cadeaux.,Morbror kommer alltid med presenter.,,Barnspråkets oncle/tante! Tonton: den som lär ut det föräldrarna inte vill. Tradition
2562,fratrie,substantiv,f,syskonskara,Une grande fratrie : bruit et amour.,En stor syskonskara: oljud och kärlek.,,frère-familjen → fratrie = hela syskongruppen. Ordet svenskan saknar och behöver
2563,feutre,substantiv,m,tuschpenna; filt (tyg),Les feutres : bouchons perdus d'avance.,Tuschpennorna: korkarna borta på förhand.,,DUBBEL: tuschpennan OCH filttyget (pennan har filtspets!). bouchon minns du – här är dess öde
2564,gommettes,substantiv,f pl,klistermärken,"Des gommettes PARTOUT. Sol, murs, chat.","Klistermärken ÖVERALLT. Golv, väggar, katt.",,"gomme (sudd/gummi) → gommettes = 'små gummin'. Föräldravarning: de överlever allt, även flytt"
2565,pâte à modeler,uttryck,f,"modellera, lera","La pâte à modeler : moitié œuvre, moitié tapis.","Modelleran: hälften konstverk, hälften matta.",,pâte-familjen växer! modeler = forma. Färgerna blandas till gråbrunt inom en vecka. Alltid
2566,toupie,substantiv,f,snurra,"La toupie tourne, Kalle fixe, le temps s'arrête.","Snurran snurrar, Kalle stirrar, tiden stannar.",,Leksakernas hypnotisör. tourner comme une toupie = snurra som en snurra – fartfylld jämförelse
2567,tirelire,substantiv,f,spargris,La tirelire de Kalle sonne déjà.,Kalles spargris skramlar redan.,,casser sa tirelire = tömma spargrisen (för något stort)! Första ekonomiundervisningen: skramlet
2568,torchon,substantiv,m,kökshandduk,Le torchon vole pendant la vaisselle.,Kökshandduken flyger under disken.,,GULD: le torchon brûle = det är gruff i luften ('handduken brinner')! Kökets väderprognos
2569,chiffon,substantiv,m,trasa,Un chiffon pour la poussière du lundi.,En trasa till måndagsdammet.,,"NYANS: torchon (kök), chiffon (damm), serviette (bord/bad). Franskan sorterar sina tyglappar"
2570,serpillière,substantiv,f,"golvmopp, skurtrasa",La serpillière du samedi. Rituel.,Lördagsmoppen. Ritual.,,passer la serpillière = våttorka golvet. Ordet låter som ödlan den liknar när den släpas
2571,gant de toilette,uttryck,m,tvättlapp,Le gant de toilette : très français.,Tvättlappen: väldigt fransk.,,"KULTURKROCK: fransmän tvättar sig med handske-lapp, svenskar undrar varför. Ingen ändrar sig"
2572,rasoir,substantiv,m,rakhyvel,Le rasoir attend le lundi.,Rakhyveln väntar till måndag.,,GULD-DUBBEL: rakhyveln OCH dötrist: ce film est rasoir ! = filmen är sömnig! Skäggstubb och långtråkighet
2573,élastique,substantiv,m,gummisnodd,Un élastique répare tout. Provisoirement.,En gummisnodd lagar allt. Tillfälligt.,,DUBBEL: snodden OCH adjektivet elastisk. le saut à l'élastique = bungyjump! Ingenjörskonstens plan B
2574,épingle,substantiv,f,knappnål,"Une épingle à nourrice, par sécurité.","En säkerhetsnål, för säkerhets skull.",,épingle à nourrice = 'amnål' (säkerhetsnål!). GULD: tiré à quatre épingles = prickfritt klädd!
2575,aiguille,substantiv,f,nål; visare,Chercher une aiguille dans une botte de foin.,Leta efter en nål i en höstack.,,SAMMA IDIOM som svenskan! Också klockans visare och bergstopp. Le fil rouge (röda tråden!) behöver sin aiguille
2576,punaise,substantiv,f,häftstift; vägglus,Une punaise pour l'affiche. Pas l'insecte.,Ett häftstift till affischen. Inte insekten.,,DUBBEL: häftstiftet OCH vägglusen! Punaise ! = också milt svärord (typ 'sjutton!'). Tre ord i ett
2577,lampe de poche,uttryck,f,ficklampa,La lampe de poche : star des soirs de panne.,Ficklampan: stjärnan vid strömavbrott.,,"lampe + poche = 'ficklampa' – EXAKT samma bygge som svenskan! Två språk, samma logik"
2578,classeur,substantiv,m,pärm,Le classeur des papiers importants. Introuvable.,Pärmen med viktiga papper. Ohittbar.,,classer minns du → classeur. Pärmen finns. Någonstans. Det är tanken som räknas
2579,trombone,substantiv,m,gem; trombon,Un trombone : le bureau ou l'orchestre ?,Ett gem eller en trombon?,l'agrafeuse = häftapparaten,DUBBEL-SKRATT: gemet ser ut som en liten trombon! Kontorets minsta blåsinstrument
2580,surligneur,substantiv,m,överstrykningspenna,Tout surligné = rien surligné.,Allt överstruket = inget överstruket.,,souligner minns du → SURligner = stryka ÖVER (med färg)! Studieteknikens gula fälla
2581,cartouche,substantiv,f,bläckpatron,La cartouche est vide. Encore. Complot ?,Patronen är tom. Igen. Konspiration?,,Skrivarens affärsmodell i ett ord. Också: patron (jakt) och kassett – laddningarnas familj
2582,porte-clés,substantiv,m,nyckelring,Un porte-clés par voyage. Collection.,En nyckelring per resa. Samling.,,"porte- (bär-) + clés: mönstret! porte-monnaie, porte-bonheur... Franskan bygger bärare"
2583,trousse,substantiv,f,necessär; pennfodral,"La trousse de toilette, prête depuis hier.","Necessären, packad sedan igår.",,"trousse de toilette (bad), trousse d'école (pennor), trousse de secours (första hjälpen). Väskan i väskan"
2584,bijou,substantiv,m,smycke,"Un bijou discret, une grande histoire.","Ett diskret smycke, en stor historia.",,"Plural: bijoux (x!). mon bijou = min skatt (smeknamn). bague, collier, bracelet = ring, halsband, armband"
2585,loupe,substantiv,f,förstoringsglas,Une loupe pour lire les contrats.,Ett förstoringsglas för att läsa kontrakten.,,GULD: à la loupe = i minsta detalj: examiner à la loupe = finkamma! Sherlocks och juristens verktyg
2586,boussole,substantiv,f,kompass,La boussole indique le nord. Toujours fiable.,Kompassen pekar norrut. Alltid pålitlig.,,GULD: perdre la boussole = tappa fattningen ('tappa kompassen')! Orienteringens och sansens instrument
2587,tabouret,substantiv,m,pall,Le tabouret : futur escalier de Kalle.,Pallen: Kalles framtida trappa.,,Köksstegen i miniatyr. Barnsäkringens paradox: pallen som hjälper når också det förbjudna
2588,vitre,substantiv,f,fönsterruta,Des traces de doigts sur toutes les vitres.,Fingeravtryck på alla rutor.,,"fenêtre = hela fönstret, vitre = glaset. Bebishänder + rena rutor = fysikaliskt omöjligt"
2589,carreau,substantiv,m,ruta; kakel,"Des carreaux blancs, cuisine classique.","Vitt kakel, klassiskt kök.",,"MULTI: kakelplatta, fönsterruta, ruter (kortspel!) och à carreaux = rutig! Rutans alla liv"
2590,moustiquaire,substantiv,f,myggnät,La moustiquaire : héroïne des nuits d'été.,Myggnätet: sommarnätternas hjältinna.,,"moustique → moustiquaire. Verktygsmönstret -aire/-oir igen! Nordens viktigaste uppfinning, juni–augusti"
2591,couvercle,substantiv,m,lock,Le couvercle a disparu. Comme tous les couvercles.,Locket är borta. Som alla lock.,,"couvrir-familjen. Matlådornas mysterium: burkarna består, locken emigrerar. Vart? Ingen vet"
2592,bocal,substantiv,m,glasburk,Des bocaux de confiture maison sur l'étagère.,Burkar med hemmagjord sylt på hyllan.,,Plural: bocaux. Syltkokningens trofésamling. Också guldfiskens hem: le poisson dans son bocal
2593,thermos,substantiv,m,termos,Le thermos de café : survie suédoise.,Kaffetermosen: svensk överlevnad.,,Svensk uppfinning i själen: utflykt utan termos = ogiltig. Skogsmulle-diplomets grundkrav
2594,fusible,substantiv,m,"säkring, propp",Le fusible saute. Soirée aux bougies.,Proppen går. Kväll i levande ljus.,,GULD: faire sauter les plombs = få proppen att gå – även om humör! Elcentralens drama
2595,toile,substantiv,f,duk; väv; nät,Une toile d'araignée dans le coin. De l'art.,Ett spindelnät i hörnet. Konst.,,"MULTI: målarduk, spindelnät (toile d'araignée), segelduk OCH la Toile = internet ('väven')!"
2596,seuil,substantiv,m,tröskel,Le seuil de la porte : frontière officielle.,Dörrtröskeln: officiell gräns.,,UTTAL: [sœj]. GULD: le seuil de tolérance = toleransgränsen. sur le seuil = på tröskeln – bokstavligt och bildligt
2597,rebord,substantiv,m,"fönsterbräda, kant",Sur le rebord : le basilic et l'espoir.,På fönsterbrädan: basilikan och hoppet.,,bord minns du → rebord = 'kanten på kanten'. le rebord de la fenêtre = fönsterbrädan. Odlingens första scen
2598,écharde,substantiv,f,sticka (i huden),Une écharde dans le doigt. Drame national.,En sticka i fingret. Nationellt drama.,,"Sommarbryggans souvenir. Pincett, lugn röst och en klubba efteråt: standardprotokollet"
2599,charnière,substantiv,f,gångjärn,La charnière grince. Le ninja échoue.,Gångjärnet gnisslar. Ninjan misslyckas.,,GULD: une époque charnière = en brytningstid ('gångjärnstid')! Dörrens och historiens vändpunkter
2600,brioche,substantiv,f,brioche (smörbulle),Une brioche tiède du dimanche matin.,En ljummen brioche på söndagsmorgonen.,,"« Qu'ils mangent de la brioche ! » – Marie-Antoinette sa det aldrig, men citatet överlevde ändå"
2601,pain au chocolat,uttryck,m,chokladcroissant,Pain au chocolat ou chocolatine ? Guerre civile.,Pain au chocolat eller chocolatine? Inbördeskrig.,,"FRANKRIKES FÅNIGASTE KONFLIKT: sydväst säger chocolatine, resten pain au chocolat. Välj sida på egen risk"
2602,millefeuille,substantiv,m,napoleonbakelse,"Le millefeuille : mille couches, zéro dignité en le mangeant.","Napoleonbakelsen: tusen lager, noll värdighet när man äter den.",,mille + feuille = 'tusenblad'! Svenskans napoleonbakelse. Gaffeln förlorar alltid
2603,macaron,substantiv,m,macaron,Des macarons de toutes les couleurs.,Macarons i alla färger.,,Frankrikes sötaste export. OBS: macaron ≠ macaroni! En bokstav skiljer bakverk från pasta
2604,madeleine,substantiv,f,madeleinekaka,"Une madeleine, et les souvenirs remontent.","En madeleinekaka, och minnena väller upp.",,LITTERATUR-GULD: la madeleine de Proust = minnestriggern! Doften som öppnar arkivet – minnesteknik i romanform
2605,quiche,substantiv,f,"quiche, paj",Une quiche lorraine et une salade : dîner réglé.,En quiche lorraine och en sallad: middagen fixad.,,"Från Lorraine, numera världsmedborgare. être une quiche en... = vara hopplös på... (vänlig självironi!)"
2606,ratatouille,substantiv,f,ratatouille,La ratatouille : l'été du sud dans une casserole.,Ratatouille: söderns sommar i en kastrull.,,"touiller = röra om (vard.) göms i namnet! Grönsakernas fredsavtal, uppkallat efter omrörningen"
2607,raclette,substantiv,f,raclette,"Une raclette entre amis, et l'hiver est pardonné.","En raclette med vänner, och vintern är förlåten.",la fondue = fondue,"racler = skrapa – osten skrapas av! Vinterns sociala kontrakt: en maskin, smält ost, långa kvällar"
2608,mayonnaise,substantiv,f,majonnäs,"La mayonnaise maison : trois essais, une réussite.","Hemmagjord majonnäs: tre försök, en succé.",,GULD: la mayonnaise prend ! = det börjar klaffa ('majonnäsen tjocknar')! Kemins och gruppdynamikens mirakel
2609,vinaigrette,substantiv,f,vinägrett,"La vinaigrette maison, évidemment.","Hemmagjord vinägrett, självklart.",,"vinaigre minns du → vinaigrette. Tre delar olja, en del vinäger, noll flaskor från affären: fransk heder"
2610,cornichon,substantiv,m,ättiksgurka,"Des cornichons avec tout, s'il vous plaît.","Ättiksgurkor till allt, tack.",,"GULD-DUBBEL: gurkan OCH en tönt: quel cornichon ! = vilken klantskalle! Burkens innehåll, vänligt förolämpande"
2611,ciboulette,substantiv,f,gräslök,De la ciboulette sur les pommes de terre nouvelles.,Gräslök på färskpotatisen.,,"Svensk sommar på franska! Midsommarens heliga trio: potatis, sill, ciboulette"
2612,aneth,substantiv,m,dill,L'aneth : l'herbe nationale suédoise.,Dillen: Sveriges nationalört.,,Kräftskivans parfym! Fransmän möter aneth i gravlax och undrar. Svenskar undrar hur Frankrike klarar sig utan
2613,vanille,substantiv,f,vanilj,Une glace à la vanille. Le classique des classiques.,En vaniljglass. Klassikernas klassiker.,,"GRATIS! la gousse de vanille = vaniljstången. Smakernas vita t-shirt: enkel, oslagbar"
2614,réglisse,substantiv,f,lakrits,"La réglisse salée : les Français fuient, les Suédois adorent.","Saltlakrits: fransmännen flyr, svenskarna älskar.",,KULTURKROCK-GULD: salmiak är Nordens hemliga vapen. Bjud en fransman – filma reaktionen (med tillåtelse)
2615,cidre,substantiv,m,cider,Du cidre breton avec les crêpes.,Bretonsk cider till crêpesen.,,Bretagne + Normandie = ciderländerna. une bolée de cidre = en skål cider (dricks ur skål!)
2616,déca,substantiv,m,koffeinfritt kaffe,"Un déca, sinon je ne dors pas. Enfin... bref.","Ett koffeinfritt, annars sover jag inte. Fast... äsch.",,décaféiné → déca. Föräldraskämtet skriver sig självt: sömnen styrs av annat än koffein numera
2617,grenadine,substantiv,f,grenadin,"Un sirop de grenadine bien rouge, comme il faut.","En riktigt röd grenadin, som sig bör.",,grenade (granatäpple) → grenadine. Franska barndomens officiella drink. Färgen: omöjlig att missa
2618,galette,substantiv,f,galette (platt kaka),"La galette des rois : tout janvier, chaque année.","Kungakakan: hela januari, varje år.",la fève = bönan/figuren i kakan,DUBBEL: bovetecrêpe (Bretagne) OCH la galette des rois – hittar du la fève blir du kung med couronne! Januaritradition
2619,réservation,substantiv,f,bordsbokning,Une réservation pour deux. Plus une chaise haute.,En bokning för två. Plus en barnstol.,,"GRATIS! réserver une table = boka bord. Tillägget ändrar allt: personalen ler, grannborden byter plats"
2620,comptoir,substantiv,m,bardisk,"Un café au comptoir : moins cher, plus vrai.","En kaffe vid disken: billigare, äkta vara.",,FRANKRIKE-FAKTA: priset är lägre vid comptoir än vid bord! compter göms i ordet – där räknades pengarna
2621,formule,substantiv,f,meny (paketpris),"La formule midi : entrée, plat, dessert.","Lunchmenyn: förrätt, varmrätt, efterrätt.",,"Fransk lunchkultur i ett ord! formule magique = trollformel. Båda förvandlar: den ena dagen, den andra grodor"
2622,bouquet,substantiv,m,bukett,"Un bouquet du jardin, un peu sauvage.","En bukett från trädgården, lite vild.",,GRATIS! GULD: c'est le bouquet ! = det var droppen! Blommor och bägare som rinner över
2623,épine,substantiv,f,"tagg, törne",Pas de rose sans épines.,Ingen ros utan törnen.,,SAMMA ORDSPRÅK som svenskan! GULD: tirer une épine du pied = befria någon ur en knipa ('dra taggen ur foten')
2624,bourgeon,substantiv,m,knopp,Les premiers bourgeons d'avril. Enfin.,Aprils första knoppar. Äntligen.,,bourgeonner = knoppas. Nordens viktigaste månadsskifte: när bourgeons vinner över snön
2625,souche,substantiv,f,stubbe,Dormir comme une souche.,Sova som en stock.,,"SAMMA IDIOM! Franskan sover som stubben OCH som hasselmusen (dormir comme un loir, minns du?). Välj djur eller trä"
2626,gazon,substantiv,m,gräsmatta,Le gazon du voisin est toujours plus vert.,Grannens gräsmatta är alltid grönare.,,SAMMA ORDSPRÅK igen! tondre le gazon = klippa gräset. Avundens botanik: internationell
2627,mauvaise herbe,uttryck,f,ogräs,Les mauvaises herbes gagnent toujours. Respect.,Ogräset vinner alltid. Respekt.,,'Dålig ört' – franskans ärliga ogräsdefinition. pousser comme de la mauvaise herbe = växa som ogräs
2628,pissenlit,substantiv,m,maskros,Des pissenlits partout : du jaune gratuit.,Maskrosor överallt: gratis gult.,,"ETYMOLOGI-SKRATT: pisse-en-lit = 'kissa-i-sängen' – växten är vätskedrivande! Barnen blåser fröna, ovetande om namnet"
2629,ortie,substantiv,f,brännässla,Les orties piquent. La soupe d'orties régale.,Nässlorna bränns. Nässelsoppan gläder.,,Svensk vårklassiker! GULD: jeter aux orties = kasta bort/överge ('slänga i nässlorna')
2630,allée,substantiv,f,"gång, allé",L'allée de gravier chante sous les pas.,Grusgången sjunger under stegen.,le gravier = gruset,aller → allée = 'där man går'. les allées et venues = spring fram och tillbaka
2631,hamac,substantiv,m,hängmatta,Le hamac : projet numéro un de l'été.,Hängmattan: sommarens projekt nummer ett.,,"Från taínofolkets hamaka – ordet seglade med Columbus. Två träd, ett rep, en filosofi"
2632,barbecue,substantiv,m,"grill, grillfest","Un barbecue en avril, sous la neige : Suède.","Grillfest i april, i snöfall: Sverige.",,"GRATIS! Svensk grillsäsong öppnar när kalendern säger vår, oavsett vad himlen säger. Nationalenvishet"
2633,gamelle,substantiv,f,matskål (djur),"La gamelle du chat : vide à midi, scandale à midi une.","Kattens matskål: tom klockan tolv, skandal tolv och en minut.",les croquettes = torrfodret,"GULD-slang: se prendre une gamelle = gå omkull/göra bort sig! Skålen och vurpan, samma ord"
2634,laisse,substantiv,f,koppel,La laisse ? Le chat a dit non.,Kopplet? Katten sa nej.,,"tenir en laisse = hålla i schack. Hundar accepterar, katter processar. Utgången: känd på förhand"
2635,croquettes,substantiv,f pl,torrfoder,"Les croquettes d'abord, les câlins ensuite.","Torrfodret först, myset sedan.",,croquer (knapra) → croquettes = 'knaprisar'! Kattens prioritetsordning: orubblig sedan urminnes tid
2636,niche,substantiv,f,hundkoja; nisch,Le chat ignore la niche du chien. Royalement.,Katten ignorerar hundkojan. Kungligt.,,DUBBEL: hundkojan OCH nischen (une niche de marché = marknadsnisch)! Kojan och affärsidén
2637,velours,substantiv,m,sammet,Une voix de velours à la radio.,En sammetsröst i radion.,,GULD: une voix de velours = sammetsröst – samma bild! velours côtelé = manchester. Mjukhetens kung
2638,soie,substantiv,f,"siden, silke",Doux comme de la soie.,Mjukt som silke.,,la soie dentaire = tandtråd ('tandsilke')! Route de la soie = Sidenvägen. Lyxens tråd
2639,hameçon,substantiv,m,fiskekrok,L'hameçon attend. Le poisson réfléchit.,Kroken väntar. Fisken funderar.,la canne à pêche = metspöet,GULD: mordre à l'hameçon = nappa/gå på finten – samma bild som svenskan! Bryggfiskets kärnutrustning
2640,glacière,substantiv,f,kylväska,La glacière : plus lourde au départ qu'au retour.,Kylväskan: tyngre på ditvägen än hem.,,"glace → glacière. Utflyktens termodynamik: fylld med hopp, tömd med glädje"
2641,bouée,substantiv,f,boj; badring,La bouée canard attend son capitaine.,Badringen med anka väntar på sin kapten.,,DUBBEL: sjömärket OCH badringen! une bouée de sauvetage = livboj – bokstavligt och bildligt
2642,foudre,substantiv,f,blixt(nedslag),La foudre tombe au loin. On compte les secondes.,Blixten slår ner långt bort. Vi räknar sekunderna.,,GULD-IDIOM: le coup de foudre = kärlek vid första ögonkastet ('blixtnedslaget')! Meteorologi och romantik
2643,congère,substantiv,f,snödriva,"Une congère devant la porte. Bonjour, février.","En snödriva framför dörren. God morgon, februari.",,"Vinterns leverans utan beställning. Skotta först, filosofera sedan. Spaden: vinterns viktigaste verktyg"
2644,bonhomme de neige,uttryck,m,snögubbe,Un bonhomme de neige avec Kalle. Bientôt !,En snögubbe med Kalle. Snart!,la boule de neige = snöbollen,'Snögubbe-mannen'. l'effet boule de neige = snöbollseffekten – samma bild! Morotsnäsan: internationell standard
2645,soleil de minuit,uttryck,m,midnattssol,Le soleil de minuit : la Suède ne dort plus.,Midnattssolen: Sverige sover inte längre.,la nuit polaire = polarnatten,Nordens magi på franska. Juni: ljuset vägrar gå hem. December: revanschen. Balansen: årlig
2646,brume,substantiv,f,"dis, lätt dimma",La brume du matin flotte sur le lac.,Morgondiset svävar över sjön.,,"NYANS: brouillard = tjock dimma, brume = poetiskt dis. Fotografens gratismagi, klockan sex"
2647,rosée,substantiv,f,dagg,"La rosée du matin, pieds nus dans l'herbe.","Morgondaggen, barfota i gräset.",,rose (rosa) delar rot – gryningens färg och droppar. Sommarens kallaste lyx: fem sekunder barfota
2648,inondation,substantiv,f,översvämning,Une petite inondation dans la salle de bain.,En liten översvämning i badrummet.,,onde (våg) göms i ordet. Badkarslek + entusiasm = inomhusmeteorologi. Handduksberedskap: hög
2649,avalanche,substantiv,f,lavin,Une avalanche de questions arrive. Dans deux ans.,En lavin av frågor är på väg. Om två år.,,"GULD-bildspråk: une avalanche de = en lavin av (mejl, frågor, skratt). Bergets och inkorgens gemensamma fenomen"
2650,parasol,substantiv,m,parasoll,Le parasol s'envole. Course sur la plage.,Parasollet flyger iväg. Språngmarsch på stranden.,,"MÖNSTER-GULD: para- = 'mot': parapluie (mot regn), parasol (mot sol), paratonnerre (mot åska)!"
2651,imperméable,substantiv,m,regnrock,L'imperméable jaune : un classique nordique.,Den gula regnrocken: en nordisk klassiker.,,DUBBEL: regnrocken OCH adjektivet vattentät: im-perméable = 'o-genomtränglig'. Gul: obligatoriskt
2652,coup de soleil,uttryck,m,solbränna (bränd),Un coup de soleil suédois : rare mais fier.,En svensk solbränna: sällsynt men stolt.,,"coup-familjen växer! attraper un coup de soleil = bränna sig. Första vårsolen: alla glömmer, alla bränns"
2653,mésange,substantiv,f,"talgoxe, mes",Les mésanges vident la boule de graines en un jour.,Mesarna tömmer fröbollen på en dag.,le rouge-gorge = rödhaken,"Fågelmatningens stamgäster! Svensk vinterhobby: fylla på, titta, fylla på. Mesarna: aldrig mätta"
2654,tique,substantiv,f,fästing,Vérifie les tiques après la forêt !,Kolla efter fästingar efter skogen!,,SVENSK SOMMARPLIKT: fästingkollen! Kväll efter skog = inspektion. Rutinen räddar somrar
2655,pou,substantiv,m,lus,Des poux à la crèche. La lettre que tout parent redoute.,Löss på förskolan. Brevet alla föräldrar bävar för.,,Plural: poux. GULD: chercher des poux à quelqu'un = leta fel på någon ('leta löss')! Kammen: familjens vapen
2656,cigale,substantiv,f,cikada,La cigale chante tout l'été.,Cikadan sjunger hela sommaren.,,"LA FONTAINE-GULD: La Cigale et la Fourmi – cikadan sjöng, myran (minns du!) jobbade. Frankrikes mest citerade fabel"
2657,chevreuil,substantiv,m,rådjur,Un chevreuil au bord de la route. On freine.,Ett rådjur vid vägkanten. Vi bromsar.,,"Svensk trafikvardag. cerf = kronhjort, chevreuil = rådjur, élan = älg – skogens storleksskala"
2658,renne,substantiv,m,ren,Les rennes du nord tirent plus que des traîneaux.,Renarna i norr drar mer än slädar.,,Sápmi och tomtens dragdjur. le renne au nez rouge = Rudolf. Norrlands siluett
2659,rat,substantiv,m,råtta,"Un rat de bibliothèque, et fier de l'être.","En bokmal, och stolt över det.",,"GULD: rat de bibliothèque = bokmal ('biblioteksråtta')! Också: radin = snål... nej, mon petit rat = smeknamn! Komplex ryktesprofil"
2660,taupe,substantiv,f,mullvad,Une taupe dans le jardin. Ou dans l'équipe ?,En mullvad i trädgården. Eller i teamet?,,DUBBEL: djuret OCH spionen – precis som svenskan! myope comme une taupe = blind som en mullvad
2661,castor,substantiv,m,bäver,Le castor construit sans permis. Personne ne proteste.,Bävern bygger utan bygglov. Ingen protesterar.,,"travailler comme un castor = jobba flitigt. Naturens ingenjör: dammbygge utan ritning, resultat: perfekt"
2662,lynx,substantiv,m,lodjur,"Un lynx en Suède ? Oui, mais discret.","Ett lodjur i Sverige? Ja, men diskret.",,GULD: un œil de lynx = falkblick ('lodjursöga')! Skogens mest sedda osedda katt
2663,chèvre,substantiv,f,get,Le fromage de chèvre : incontournable.,Getost: omöjlig att undvika.,le bouc = bocken,GULD x2: devenir chèvre = bli tokig! le bouc émissaire = syndabocken – SAMMA idiom som svenskan!
2664,coq,substantiv,m,tupp,Le coq : le symbole de la France.,Tuppen: Frankrikes symbol.,,NATIONALSYMBOL! Latinets gallus = både tupp och gallier – ordvitsen blev vapensköld. fier comme un coq = stolt som en tupp
2665,oie,substantiv,f,gås,Les oies traversent le ciel en formation.,Gässen korsar himlen i formation.,,Minns chair de poule? Svenskan valde gåsen: gåshud! l'oie sauvage = vildgås. Nils Holgerssons flygbolag
2666,pingouin,substantiv,m,tordmule (obs!),"Le pingouin vole. Le manchot, non.",Tordmulen flyger. Pingvinen inte.,le manchot = pingvinen,FAKTA-BOMB: franskans pingouin är en flygande fågel (tordmule)! Pingvinen heter manchot. Quiz-guld
2667,autruche,substantiv,f,struts,La politique de l'autruche ne marche jamais.,Strutspolitik fungerar aldrig.,,SAMMA IDIOM: la politique de l'autruche = strutspolitik (huvudet i sanden)! Strutsen förnekar allt
2668,perroquet,substantiv,m,papegoja,Le perroquet répète tout. Kalle s'entraîne aussi.,Papegojan upprepar allt. Kalle övar också.,,répéter comme un perroquet = rabbla utantill. Föräldravarning: allt du säger kan användas emot dig
2669,pie,substantiv,f,skata,La pie adore tout ce qui brille.,Skatan älskar allt som glittrar.,,SAMMA RYKTE: voleur comme une pie = tjuvaktig som en skata! bavard comme une pie = pratsam som en skata. Dubbelt åtalad
2670,cigogne,substantiv,f,stork,La cigogne livre les bébés ? Source à vérifier.,Levererar storken bebisar? Källa att granska.,,"Alsace-symbolen! Bebisleveransmyten: charmig, obekräftad, seglivad. Källkritik från BB"
2671,héron,substantiv,m,häger,"Le héron attend, immobile. Un maître zen.","Hägern väntar, orörlig. En zenmästare.",,Sjöns tålmodigaste fiskare. La Fontaine skrev även om honom: kräsen häger blir hungrig häger
2672,sauterelle,substantiv,f,gräshoppa,Une sauterelle ! Elle saute mieux que son nom.,En gräshoppa! Den hoppar bättre än sitt namn.,,"sauter minns du → sauterelle = 'hopperskan'. Ängens studsmatta, sommarens knäppljud"
2673,ver,substantiv,m,mask,Un ver dans la pomme. La surprise du goûter.,En mask i äpplet. Mellisöverraskningen.,,le ver de terre = daggmasken. GULD: tirer les vers du nez = locka ur någon hemligheter ('dra maskar ur näsan')!
2674,limace,substantiv,f,snigel (utan hus),"Escargot avec maison, limace sans.","Snigel med hus, snigel utan.",,NYANS-SKRATT: franskan skiljer på hyresgästen och den hemlöse! lent comme une limace = långsam som en snigel
2675,libellule,substantiv,f,trollslända,La libellule : l'hélicoptère du lac.,Trollsländan: sjöns helikopter.,,Från latinets libella (liten våg) – den svävar i perfekt balans. Sommarsjöns uppvisningsflygare
2676,alouette,substantiv,f,lärka,"« Alouette, gentille alouette... »","'Alouette, snälla lärka...'",,SÅNGEN alla hört utan att förstå: en plockvisa om att plocka fjädrar! Frankofona barndomens hymn
2677,l'ouïe / l'odorat,substantiv,f/m,hörseln / luktsinnet,"L'ouïe fine, l'odorat encore plus.","Skarp hörsel, ännu skarpare luktsinne.",,"Sinnena kompletta: la vue, l'ouïe, l'odorat, le goût, le toucher. Bebisens fem superkrafter"
2678,squelette,substantiv,m,skelett,Un squelette dans le placard ? Non : des câbles.,Ett lik i garderoben? Nej: kablar.,,SAMMA IDIOM: un squelette dans le placard = lik i garderoben! Anatomins och hemligheternas ord
2679,cerne,substantiv,m,ring under ögat,Des cernes ? Quels cernes ?,Ringar under ögonen? Vilka ringar?,,"FÖRÄLDRAMEDALJEN: les cernes = nattens kvitto. Concealern ljuger, cernes säger sanningen"
2680,ride,substantiv,f,rynka,Des rides ? Non : des traits d'expression.,Rynkor? Nej: uttryckslinjer.,,Skrattets årsringar. prendre une ride = åldras (om idéer!): cette chanson n'a pas pris une ride = låten håller än
2681,tache de rousseur,uttryck,f,fräkne,Des taches de rousseur dès le premier soleil.,Fräknar vid första solstrålen.,roux / rousse = rödhårig,'Rödhetsfläckar' – sommarens konfetti. tache minns du: här är dess sötaste variant
2682,pouls,substantiv,m,puls,Le pouls monte avant chaque conférence. Normal.,Pulsen stiger före varje föreläsning. Normalt.,,"UTTAL: [pu] – l och s tysta! prendre le pouls = ta pulsen, även bildligt: känna av läget"
2683,crâne,substantiv,m,skalle,Un crâne solide. Testé contre la table basse.,En tålig skalle. Testad mot soffbordet.,,Cirkumflexen: hatten igen! GULD: le bourrage de crâne = hjärntvätt ('skallproppning'). crâner = spela tuff
2684,frange,substantiv,f,lugg,La frange repousse. La patience aussi.,Luggen växer ut. Tålamodet också.,,"Klippningens ånger-zon. couper la frange soi-même = husfridens gräns. Växer ut: alltid, långsamt"
2685,moustache,substantiv,f,mustasch,La moustache de lait de Kalle. Photo.,Kalles mjölkmustasch. Foto.,,Movembers och mjölkglasets gemensamma prydnad. les moustaches du chat = kattens morrhår!
2686,auberge,substantiv,f,värdshus,"Une auberge de jeunesse, des souvenirs d'adulte.","Ett vandrarhem, vuxenminnen.",,auberge de jeunesse = vandrarhem! GULD: on n'est pas sortis de l'auberge = vi är inte ur knipan än!
2687,gîte,substantiv,m,semesterstuga,Un gîte en Provence : le rêve classique.,En stuga i Provence: den klassiska drömmen.,,Frankrikes stugsemester-system (Gîtes de France!). le gîte et le couvert = mat och husrum
2688,croisière,substantiv,f,kryssning,"Une croisière ? Trop de monde, pas assez de forêt.","En kryssning? För mycket folk, för lite skog.",,GULD: vitesse de croisière = marschfart: atteindre sa vitesse de croisière = komma in i rytmen!
2689,carte postale,uttryck,f,vykort,Une carte postale ! Ça existe encore. Ça touche encore.,Ett vykort! Det finns än. Det rör än.,,"Digitala tidens motståndsrörelse: tre meningar, en vy, ett frimärke. Effekten: större än mejlets"
2690,timbre,substantiv,m,frimärke,"Un timbre pour la Suède, s'il vous plaît.","Ett frimärke till Sverige, tack.",la boîte aux lettres = brevlådan,DUBBEL: frimärket OCH klangfärgen (le timbre d'une voix = röstens timbre)! Filateli och akustik
2691,enveloppe,substantiv,f,kuvert,L'enveloppe attend son timbre.,Kuvertet väntar på sitt frimärke.,,envelopper = svepa in. Budgetspråk: l'enveloppe budgétaire = anslaget. Pappret som bär hemligheter
2692,courrier,substantiv,m,post (försändelser),Le courrier du matin : factures et une carte postale.,Morgonposten: fakturor och ett vykort.,,le courrier électronique = mejlen (officiellt: courriel!). Vykortet räddar högen
2693,hockey,substantiv,m,hockey,Le hockey sur glace : une religion suédoise.,Ishockey: en svensk religion.,,GRATIS! le hockey sur glace = ishockey. Tre Kronor: nationalhelgedom. Säsong: alltid
2694,natation,substantiv,f,simning,La natation pour bébés commence tôt ici.,Babysim börjar tidigt här.,,nager → natation. les bébés nageurs = babysim! Sverige: vattenvana före gångvana. Plask: pedagogiskt
2695,voile,substantiv,f,segling; segel,"La voile sur la côte ouest, tout un été.","Segling på västkusten, en hel sommar.",,"TRIPPEL: la voile = segling/segel, le voile = slöja! GULD: mettre les voiles = dra/sticka ('hissa segel')"
2696,kayak,substantiv,m,kajak,Un kayak dans l'archipel : silence et rames.,En kajak i skärgården: tystnad och paddlar.,,GRATIS – och en palindrom! Grönländskt lånord i båda språken. Skärgårdens smygfarkost
2697,relais,substantiv,m,stafett,Le relais suédois passe le témoin sans trembler.,Svenska stafettlaget växlar utan darr.,,GULD: prendre le relais = ta över ('ta stafettpinnen')! Témoin minns du – här är loppet
2698,mi-temps,substantiv,f,halvlek,La mi-temps : enfin les chips.,Halvlek: äntligen chipsen.,,mi- (halv) + temps! DUBBEL: halvlek OCH deltid: travailler à mi-temps = jobba halvtid
2699,revanche,substantiv,f,revansch,"La revanche ? Samedi. Même heure, même équipe.","Revanschen? Lördag. Samma tid, samma lag.",,GULD: en revanche = å andra sidan (vardagsguld!). prendre sa revanche = ta revansch. Förlustens deadline
2700,yoga,substantiv,m,yoga,"Le yoga du soir : trois minutes, puis le canapé.","Kvällsyogan: tre minuter, sedan soffan.",,GRATIS! une séance de yoga = ett yogapass. Intentionen: stark. Soffan: starkare
2701,augmentation,substantiv,f,löneförhöjning,Une augmentation ? On peut toujours demander.,En löneförhöjning? Fråga kan man alltid.,,augmenter → augmentation. demander une augmentation = be om påökt. Modet: halva jobbet
2702,prime,substantiv,f,"bonus, premie",Une prime de fin d'année. Bonne surprise.,En årsbonus. Trevlig överraskning.,,"en prime = på köpet: et en prime, un sourire ! = och ett leende på köpet! Extra allt"
2703,déclaration,substantiv,f,deklaration; förklaring,"La déclaration d'impôts : chaque mai, même panique.","Deklarationen: varje maj, samma panik.",,"DUBBEL: skattedeklarationen OCH kärleksförklaringen (déclaration d'amour)! Två blanketter, olika puls"
2704,tarif,substantiv,m,"taxa, pris",Tarif réduit pour les enfants. Gratuit pour les bébés.,Rabatterat pris för barn. Gratis för bebisar.,,plein tarif / tarif réduit = fullpris/rabatterat. Museikassans två magiska ord
2705,solde,substantiv,m,rea; saldo,"Les soldes : deux fois par an, dates officielles.","Rean: två gånger om året, officiella datum.",,FAKTA: les soldes är statligt reglerade i Frankrike – vinter och sommar! le solde = också saldot. en solde = på rea
2706,arnaque,substantiv,f,"bluff, scam",Trop beau pour être vrai ? Arnaque.,För bra för att vara sant? Bluff.,,MODERNT NYCKELORD: se faire arnaquer = bli lurad. Tumregeln fungerar på två språk och alla mejl
2707,texto,substantiv,m,sms,Un texto : « J'arrive. » Petit mensonge.,Ett sms: 'Jag är på väg.' Liten lögn.,la messagerie = röstbrevlådan,VARDAGSORDET för sms! par texto = via sms. Officiellt: SMS. I verkligheten: texto
2708,manette,substantiv,f,handkontroll,La manette : bientôt un objet convoité.,Handkontrollen: snart ett eftertraktat byte.,la console = spelkonsolen,main-familjen: manette = 'lilla handen'. Framtida förhandlingsobjekt nummer ett
2709,ordre du jour,uttryck,m,dagordning,"L'ordre du jour est long. Le café aussi, heureusement.","Dagordningen är lång. Kaffet också, som tur är.",,à l'ordre du jour = på agendan – även bildligt: le sommeil est à l'ordre du jour ! Mötets karta
2710,compte rendu,uttryck,m,"protokoll, referat",Le compte rendu ? Demain. Promis. Juré.,Protokollet? Imorgon. Lovar. Svär.,,'Räkenskap avlagd' – rapporten efteråt. faire le compte rendu = sammanfatta. Imorgon: töjbart begrepp
2711,pause-café,substantiv,f,kafferast,"La pause-café : la Suède en a fait une religion, le fika.",Kafferasten: Sverige gjorde religion av den – fika.,,"KULTURBRO: pause-café är pausen, fika är livsstilen! Sverige exporterade ordet – oöversättbart, oumbärligt"
2712,kiné,substantiv,m/f,"sjukgymnast, fysio",Le kiné répare les épaules et le moral.,Fysion lagar axlarna och humöret.,,kinésithérapeute → kiné (franskan förkortar allt!). séance de kiné = fysiopass. Kroppens verkstad
2713,bilan,substantiv,m,bokslut; hälsokontroll,Le bilan de santé : tout va bien. Ouf.,Hälsokontrollen: allt ser bra ut. Puh.,,DUBBEL: bokslutet OCH hälsokollen! faire le bilan = summera läget. Årets två genomgångar: kropp och siffror
2714,portée,substantiv,f,räckvidd,À portée de main : le café. Hors de portée : le calme.,Inom räckhåll: kaffet. Utom räckhåll: lugnet.,,GULD: à portée de main = inom räckhåll! hors de portée = utom räckhåll. Bebissäkringens måttstock
2715,lancement,substantiv,m,lansering,Le lancement du site : vendredi. Café : illimité.,Sajtlanseringen: fredag. Kaffe: obegränsat.,,lancer → lancement. le lancement d'une fusée = raketuppskjutning. Projektens raketramp
2716,imprévu,substantiv,m,oförutsedd händelse,Un imprévu ? Non : la journée entière.,Något oförutsett? Nej: hela dagen.,,"prévoir → imprévu = 'det icke förutsedda'. Föräldraplanering: 20 % plan, 80 % imprévus. sauf imprévu = om inget kommer emellan"
2717,aperçu,substantiv,m,"överblick, glimt",Un petit aperçu du projet ? Deux minutes.,En snabb glimt av projektet? Två minuter.,,apercevoir minns du → aperçu. Också förhandsgranskning (dator!). Trailern före rapporten
2718,échantillon,substantiv,m,varuprov,"Un échantillon gratuit ? Deux, alors.","Ett gratisprov? Två, i så fall.",,Parfymdiskens diplomati. un échantillon représentatif = ett representativt urval (statistik!)
2719,exemplaire,substantiv,m,exemplar,"Trois exemplaires signés, prêts à partir.","Tre signerade exemplar, redo att skickas.",,DUBBEL: exemplaret OCH adjektivet föredömlig: un père exemplaire = en mönsterpappa. Boklådans räkneord
2720,écart,substantiv,m,"avstånd, gap",Un petit écart de budget. Tout petit.,En liten budgetavvikelse. Pytteliten.,,GULD: faire le grand écart = gå ner i spagat – även bildligt (mellan två åsikter)! l'écart d'âge = åldersskillnaden
2721,nuance,substantiv,f,nyans,"Une nuance importante : fatigué, pas épuisé.","En viktig nyans: trött, inte utmattad.",,Svenskans 'nyans' = direktlån! tout en nuances = fullt av nyanser. Debattens saknade ingrediens
2722,cycle,substantiv,m,cykel (förlopp),Le cycle du sommeil de Kalle : un mystère.,Kalles sömncykel: ett mysterium.,,OBS: cykeln man trampar = vélo! le cycle des saisons = årstidernas gång. Kretsloppens ord
2723,marge,substantiv,f,marginal,"Une note dans la marge, une idée sauvée.","En anteckning i marginalen, en räddad idé.",,GULD: la marge d'erreur = felmarginalen. avoir de la marge = ha marginal. Sidkantens och budgetens luft
2724,schéma,substantiv,m,"skiss, diagram",Un schéma vaut mille réunions.,En skiss är värd tusen möten.,,Whiteboardens hjälte. le schéma classique = det klassiska mönstret. Pilar löser det ord trasslar till
2725,prudence,substantiv,f,försiktighet,Prudence sur les routes d'hiver.,Försiktighet på vintervägarna.,,"Minns fällan? caution = deposition, INTE försiktighet – det är prudence! Falska vännen-cirkeln sluten. Prudence ! = var försiktig!"
2726,franchise,substantiv,f,uppriktighet,En toute franchise : c'était moyen.,Fullt uppriktigt: det var mediokert.,,franc-familjen (franchir minns du!). DUBBEL: uppriktighet OCH franchisekedja. Rakhetens ord
2727,malice,substantiv,f,"skälmskhet, bus",Une lueur de malice dans les yeux de Kalle.,En busglimt i Kalles ögon.,,"FALSK VÄN-VARNING: malice = bus/skoj, INTE ondska (eng. malice)! sans malice = utan baktanke. Lueur minns du"
2728,ironie,substantiv,f,ironi,L'ironie passe mal par texto.,Ironi går dåligt fram via sms.,,GRATIS! l'ironie du sort = ödets ironi. Texto + ironi = garanterat missförstånd. Emojin: nödlösning
2729,second degré,uttryck,m,"ironi, 'andra graden'",Le second degré : la clé de l'humour français.,Second degré: nyckeln till fransk humor.,au premier degré = bokstavligt,KULTURNYCKEL: prendre au second degré = inte ta bokstavligt! Fransk humor testar dig: menar de det? (Nej.)
2730,autodérision,substantiv,f,självironi,"L'autodérision : très suédois, très sain.","Självironi: väldigt svenskt, väldigt sunt.",,auto + dérision. Svensk-fransk brygga: båda länderna skrattar helst åt sig själva. Jantelagen möter l'esprit
2731,casse-tête,substantiv,m,"huvudbry, klurighet",Le planning familial : un vrai casse-tête.,Familjeschemat: ett riktigt pussel.,,casser + tête = 'huvudkrossare'! un casse-tête chinois = en riktigt svår nöt. Sudokuts släktnamn
2732,proverbe,substantiv,m,ordspråk,Un proverbe par jour éloigne l'ennui.,Ett ordspråk om dagen håller tristessen borta.,,Meta-ordet: vi har samlat dem hela vägen! Comme dit le proverbe... = som ordspråket säger...
2733,synonyme,substantiv,m,synonym,Un synonyme de « fatigué » ? « Parent ».,En synonym till 'trött'? 'Förälder'.,les homonymes = homonymer,"GRATIS! Korsordslösarens bästa vän. Våra homofonpar (verre/vert, cygne/signe...) = homonymes!"
2734,intuition,substantiv,f,intuition,L'intuition dit non. On écoute.,Intuitionen säger nej. Vi lyssnar.,,GRATIS! avoir de l'intuition = ha fingertoppskänsla. Magkänslan: statistik utan kalkylblad
2735,réflexion,substantiv,f,eftertanke; reflex,Après réflexion : oui.,Efter moget övervägande: ja.,,réfléchir → réflexion. DUBBEL: eftertanken OCH ljusreflexen! réflexion faite = vid närmare eftertanke
2736,réveillon,substantiv,m,jul-/nyårssupé,Le réveillon dure jusqu'à minuit. Minimum.,Julsupén pågår till midnatt. Minst.,,réveiller (väcka!) → réveillon = 'vakmåltiden'. Två per år: Noël och Nouvel An. Maratonmiddagens officiella namn
2737,muguet,substantiv,m,liljekonvalj,Le muguet du premier mai porte bonheur.,Första maj-liljekonvaljen bringar lycka.,,TRADITION: 1 maj säljer hela Frankrike muguet – lyckobringare med kunglig historia sedan 1561!
2738,guirlande,substantiv,f,"girlang, ljusslinga",Des guirlandes dès novembre. Résistance inutile.,Ljusslingor från november. Motstånd meningslöst.,,"guirlande lumineuse = ljusslinga. Nordisk mörkerstrategi: mer ljus, tidigare, överallt"
2739,superstition,substantiv,f,vidskepelse,"Superstitieux, moi ? Touchons du bois.","Vidskeplig, jag? Ta i trä.",,GRATIS! Touchons du bois minns du – här är systemet bakom. Fredag den trettonde: internationell nervositet
2740,porte-bonheur,substantiv,m,lyckoamulett,Un trèfle à quatre feuilles : porte-bonheur officiel.,En fyrklöver: officiell lyckoamulett.,le trèfle = klövern,"porte- igen: 'lyckobärare'! Samlingen växer: porte-clés, porte-monnaie, porte-bonheur. Franskan bär allt"
2741,Pâques,substantiv,f pl,påsk,"À Pâques, les cloches livrent le chocolat.",I påsk levererar kyrkklockorna chokladen.,,KULTURKROCK: i Frankrike kommer påskägg från klockorna (hemflugna från Rom!) – inte haren! Chokladen: gemensam
2742,mardi gras,uttryck,m,fettisdagen,"Mardi gras : crêpes en France, semla en Suède.","Fettisdagen: crêpes i Frankrike, semla i Sverige.",,"'Feta tisdagen'! Två länder, samma logik: festa före fastan. Semlan vinner på grädde, crêpen på antal"
2743,trimestre,substantiv,m,"kvartal, termin",Un trimestre déjà ! Le temps file.,Ett kvartal redan! Tiden rusar.,,tri + mestre (månad) = tremånaders. Skolans terminer och bolagets kvartal – samma ord
2744,décennie,substantiv,f,årtionde,Une décennie de projets dans la tête.,Ett årtionde av projekt i huvudet.,,dix-familjen: décennie = tio år. Idébacklogg mätt i decennier: entreprenörens tidsenhet
2745,la flemme,uttryck,f,orken saknas (vard.),J'ai la flemme. Voilà. C'est dit.,Jag orkar inte. Så. Nu är det sagt.,,TOPPSLANG: avoir la flemme = inte orka! La flemme de cuisiner = ingen ork att laga mat. Ärlighetens vilodag
2746,vertige,substantiv,m,"svindel, yrsel",Le vertige ? Un peu. La vue ? Magnifique.,Svindel? Lite. Utsikten? Magnifik.,,avoir le vertige = ha höjdskräck/bli yr. Ça donne le vertige = det svindlar – även om siffror!
2747,anecdote,substantiv,f,anekdot,Une anecdote par dîner. Minimum syndical.,En anekdot per middag. Absolut minimum.,,GRATIS! Middagens valuta. raconter une anecdote = dra en historia. Bäst före: obegränsat
2748,potins,substantiv,m pl,skvaller,Les potins du quartier voyagent vite.,Kvartersskvallret färdas fort.,les ragots = skvallret,"Mjukare än ragots: potins = småskvaller. Frisörsalongens nyhetsbyrå, äldre än pressen"
2749,moulin,substantiv,m,kvarn,"Le moulin à poivre, toujours à table.","Pepparkvarnen, alltid på bordet.",,GULD: se battre contre des moulins à vent = slåss mot väderkvarnar (Don Quijote!)! moulin à paroles = pratkvarn
2750,girouette,substantiv,f,vindflöjel,Changer d'avis comme une girouette.,Byta åsikt som en vindflöjel.,,SAMMA BILD: vända kappan efter vinden = être une girouette! Takets ärligaste meteorolog
2751,palier,substantiv,m,"trappavsats, våningsplan",Le voisin du palier dit bonjour. Grand luxe.,Grannen på våningsplanet hälsar. Stor lyx.,,"par paliers = stegvis ('avsats för avsats')! Trapphusets sociala zon: tre sekunder, ett bonjour"
2752,studio,substantiv,m,etta (lägenhet),"Un studio à Paris : cher, petit, parfait à 20 ans.","En etta i Paris: dyr, liten, perfekt vid 20.",,"DUBBEL: ettan OCH inspelningsstudion! Parisisk kvadratmeterpoesi: säng, kokplatta, dröm"
2753,douillet,adjektiv,,mysig; ömtålig,Un coin douillet pour lire le soir.,En mysig vrå för kvällsläsning.,,DUBBEL-GULD: mysig (ett hem) OCH känslig för smärta (en person)! Franskans hygge-ord + plåster-ord i ett
2754,ringard,adjektiv,,"mossig, töntig",Ringard ? Non : vintage.,Mossigt? Nej: vintage.,démodé = omodern,Slang med räddningsplanka: allt ringard blir vintage om man väntar tjugo år. Tålamod: modets valuta
2755,potable,adjektiv,,drickbar; acceptabel,"L'eau est potable. Le café, discutable.","Vattnet är drickbart. Kaffet, diskutabelt.",,DUBBEL: eau potable = dricksvatten OCH c'est potable = det duger. Kranens och kvalitetens ord
2756,craquant,adjektiv,,oemotståndlig; knaprig,Ce sourire ? Craquant. Résistance impossible.,Det leendet? Oemotståndligt. Motstånd omöjligt.,,"craquer = knaka/ge efter: Je craque ! = jag faller till föga! Kexet knakar, hjärtat likaså"
2757,inoubliable,adjektiv,,oförglömlig,Un premier été inoubliable.,En oförglömlig första sommar.,,oublier → in-oubli-able = 'o-glömbar'. Mönstret in-...-able bygger motsatser – fler strax!
2758,increvable,adjektiv,,outslitlig,Cette vieille machine est increvable.,Den gamla maskinen är outslitlig.,,crever minns du (punktering!) → increvable = 'opunkterbar'. Om prylar och energiknippen: Kalle est increvable
2759,insupportable,adjektiv,,outhärdlig,Ce bruit est insupportable. C'est moi qui l'ai acheté.,Ljudet är outhärdligt. Jag köpte leksaken själv.,,"supporter minns du (tåla, inte stödja!) → insupportable. Leksaksindustrins ljuddesign: ett mysterium"
2760,illisible,adjektiv,,oläslig,Mon écriture est illisible. Même pour moi.,Min handstil är oläslig. Även för mig.,,lire → il-lisible. Mönstret: in- blir il- före l! Handskriftens självkritik: universell
2761,introuvable,adjektiv,,omöjlig att hitta,Les clés : introuvables. Comme chaque matin.,Nycklarna: ohittbara. Som varje morgon.,,"trouver → introuvable. In-familjen komplett: inoubliable, increvable, insupportable, illisible, introuvable!"
2762,attachant,adjektiv,,"charmig, som man fäster sig vid",Un personnage attachant dès la première page.,En karaktär man fäster sig vid från första sidan.,,"attacher → attachant = 'som binder'. Om böcker, filmer, människor: det stilla bandet"
2763,rentable,adjektiv,,lönsam,Rentable ? Pas encore. Passionnant ? Complètement.,Lönsamt? Inte än. Passionerande? Fullständigt.,,"rente → rentable. Egenföretagarens ärliga bokslut: kalkylen väntar, lågan brinner"
2764,abordable,adjektiv,,"prisvärd, överkomlig","Des prix abordables, une qualité correcte.","Överkomliga priser, helt okej kvalitet.",,aborder = närma sig → abordable = 'nåbar'. Även om personer: quelqu'un d'abordable = lätt att prata med
2765,prometteur,adjektiv,,lovande,Un début prometteur. La suite : au travail.,En lovande början. Fortsättningen: jobba på.,,"promettre → prometteur = 'som lovar'. Recensionsordet som betyder: bra, men bevisa mer"
2766,flippant,adjektiv,,läskig (vard.),Ce silence soudain ? Flippant.,Den plötsliga tystnaden? Kuslig.,,Modern slang: flipper = bli skraj. Föräldravisdom: tyst bebis = antingen sömn eller katastrofkonst
2767,maussade,adjektiv,,"trist, mulen","Un temps maussade ? Cannelle, café, canapé.","Gråmulet väder? Kanel, kaffe, soffa.",,Om väder OCH humör: une humeur maussade = surmulen. Nordiska motmedlet: tre k:n
2768,ensoleillé,adjektiv,,solig,Un balcon ensoleillé change tout.,En solig balkong förändrar allt.,,"soleil → ensoleillé. Mönstret: nuageux (molnigt), pluvieux (regnigt), venteux (blåsigt). Väderrapportens adjektivfamilj"
2769,frisquet,adjektiv,,kylig (vard.),"Frisquet, ce matin ! Bonnet obligatoire.",Kyligt i morse! Mössa obligatorisk.,,frais → frisquet = 'friskt värre'. Vardagsordet för oktobermorgnar. Il fait frisquet ! = det är hutt!
2770,ponctuel,adjektiv,,punktlig,Ponctuel comme une horloge suédoise.,Punktlig som en svensk klocka.,,point-familjen: ponctuel = 'på pricken'. Réglé comme une horloge minns du – nu med nationalitet
2771,farfelu,adjektiv,,"tokig, galen (idé)",Une idée farfelue ? Mes préférées !,En galen idé? Mina favoriter!,,Knasighetens hedersord: des projets farfelus blir ibland de bästa. Bevisbördan: nöjsam
2772,insolite,adjektiv,,"ovanlig, udda",Un lieu insolite pour tourner : une carrière.,En udda inspelningsplats: ett stenbrott.,,un cadeau insolite = en annorlunda present. Turistguidernas favoritord: allt 'insolite' är värt omvägen
2773,spontané,adjektiv,,spontan,Un plan spontané : rare et précieux.,En spontan plan: sällsynt och dyrbar.,,GRATIS! la spontanéité = spontaniteten. Med bebiskalender: spontant = planerat med två dagars varsel
2774,comestible,adjektiv,,ätbar,"Comestible ? On vérifie, puis on goûte.","Ätbart? Vi kollar, sedan smakar vi.",,Svampskogens nyckelord! Minns baie-regeln: vackrast är inte alltid ätbart. champignon comestible = matsvamp
2775,correct,adjektiv,,"helt okej, hygglig",C'était correct. Sans plus.,Det var helt okej. Inte mer.,,"LJUMMET BERÖM: correct = godkänt, inget wow. Restaurangrecensionens artigaste axelryckning"
2776,banal,adjektiv,,"banal, alldaglig",Une journée banale ? Ça n'existe plus ici.,En alldaglig dag? Finns inte längre här.,,GRATIS! ce n'est pas banal ! = det var inte illa/ovanligt! Vardagens motsatsord – numera utrotat hemma
2777,étourdi,adjektiv,,"virrig, tankspridd",Étourdi mais charmant. C'est l'équilibre.,Virrig men charmig. Det är balansen.,,une étourderie = ett slarvfel. Quelle étourderie ! = vilket förbiseende! Charmens täckmantel
2778,imbattable,adjektiv,,oslagbar,Un prix imbattable. Une sieste imbattable aussi.,Ett oslagbart pris. En oslagbar tupplur också.,,battre → im-battable. In-mönstret igen (im- före b!). Reklamens och middagsvilans favoritord
2779,bon marché,uttryck,,billig,Bon marché ne veut pas dire mauvais.,Billigt betyder inte dåligt.,,RIKTIGA ordet för 'billig' ('bra marknad')! cher ↔ bon marché. Loppisens försvarstal
2780,à l'improviste,uttryck,,"oväntat, oanmält",Des invités à l'improviste. Le salon panique.,Oväntade gäster. Vardagsrummet får panik.,,improviser minns du → à l'improviste = utan förvarning. Städnivån: alltid omvänt proportionell mot besöket
2781,sur le pouce,uttryck,,på stående fot (äta),"Un déjeuner sur le pouce, entre deux montages.","En snabblunch på stående fot, mellan två klipp.",,"'På tummen' – macka i handen, blicken på jobbet. Motsatsen till formule midi!"
2782,à tue-tête,uttryck,,för full hals,Kalle chante à tue-tête. Le voisin apprécie.,Kalle sjunger för full hals. Grannen uppskattar.,,"'Så huvudet dör'! chanter à tue-tête = vråla fram sången. Volymen: ärftlig, tydligen"
2783,à contrecœur,uttryck,,motvilligt,J'éteins l'ordinateur à contrecœur.,Jag stänger av datorn motvilligt.,"de bon cœur = gärna, med glädje","'Mot hjärtat'! Kroppsspråkets grammatik: hjärtat pekar åt ett håll, plikten åt ett annat"
2784,à tour de rôle,uttryck,,i tur och ordning,Les nuits : à tour de rôle. En théorie.,Nätterna: i tur och ordning. I teorin.,,rôle + tour = 'rollens tur'. Rättvisans schemaläggning. Teorin: vacker. Praktiken: förhandling
2785,d'arrache-pied,uttryck,,"ihärdigt, stenhårt",On travaille d'arrache-pied cette semaine.,Vi jobbar stenhårt den här veckan.,,arracher minns du → 'så foten rycks loss'! Flitens mest våldsamma bild. Resultatet: värt det
2786,sur un coup de tête,uttryck,,på impuls,Acheté sur un coup de tête. Zéro regret.,Köpt på impuls. Noll ånger.,,coup-familjen: 'på ett huvudslag'. Impulsköpets försvarsadvokat. Statistik: blandad. Minnen: goda
2787,coup de cœur,uttryck,m,"favorit, hjärteval",Mon coup de cœur du mois : ce petit livre.,Månadens favorit: den lilla boken.,,Bokhandelns klistermärke: 'hjärtslaget'! avoir un coup de cœur pour = falla pladask för. Coup de foudre-familjen
2788,du jour au lendemain,uttryck,,över en natt,Tout a changé du jour au lendemain.,Allt förändrades över en natt.,,"'Från dagen till morgondagen'. Livets snabbaste kapitelbyten: flytt, jobb, föräldraskap"
2789,en un clin d'œil,uttryck,,på ett ögonblick,Le gâteau disparaît en un clin d'œil.,Kakan försvinner på ett ögonblick.,,un clin d'œil = en blinkning – också en passning/hyllning: un clin d'œil au public ! Snabbhetens mått
2790,avoir le cafard,uttryck,,vara nere,"Le cafard ? Un café, une balade, ça passe.","Nere? En kaffe, en promenad, det går över.",,KONSTIGASTE IDIOMET: cafard = kackerlacka! 'Ha kackerlackan' = vara lite låg. Baudelaire myntade det – poesi blev vardag
2791,pas de souci,uttryck,,"inga problem, lugnt","Pas de souci, on trouve une solution.","Ingen fara, vi hittar en lösning.",,"MODERN FILLER nummer ett: pas de souci ! = lugnt!/det fixar sig! Sägs tjugo gånger om dagen, menas oftast"
2792,et alors ?,uttryck,,än sen då?,Des chaussettes dépareillées ? Et alors ?,Omaka strumpor? Än sen då?,,"Nonchalansens fråga. Också nyfiket: et alors, la suite ? = och sen då? Tonläget avgör allt"
2793,ça alors,uttryck,,det var som tusan,Ça alors ! Il a dormi douze heures.,Det var som tusan! Han sov tolv timmar.,"eh ben ! = jaha, minsann",Förvåningens klassiker. Mirakel ska bemötas med respekt och låg röst: väck inte undret
2794,figure-toi,uttryck,,"tänk dig, hör här",Figure-toi que le projet est déjà fini.,Tänk dig: projektet är redan klart.,,figure-familjen: 'föreställ dig'! Historieöppnaren: efter figure-toi que... kommer alltid något saftigt
2795,tu m'étonnes,uttryck,,föga förvånande (ironiskt),Fatigué ? Tu m'étonnes.,"Trött? Nä, vem kunde ana.",,IRONI-GULD: ordagrant 'du förvånar mig' = betyder tvärtom! Étonner minns du – här i spegelvänt läge. Second degré i praktiken
2796,comme quoi,uttryck,,vilket visar att,"Comme quoi, tout finit par arriver.",Vilket visar att allt händer till slut.,,Slutsatsens mjuka klubba: comme quoi... = så kan det gå/där ser man. Anekdotens sensmoral
2797,à la longue,uttryck,,i längden,"À la longue, même le chaos devient routine.",I längden blir även kaoset rutin.,,"long-familjen. Tidens slipeffekt: allt nöts, mycket mjuknar. Föräldravisdomens tidsenhet"
2798,d'ici là,uttryck,,tills dess,"Le grand voyage ? Un jour. D'ici là, on rêve.",Den stora resan? En dag. Tills dess drömmer vi.,,"ici (här) + là (där) = tidsbron! d'ici là, tout peut arriver = tills dess kan allt hända"
2799,avant-dernier,adjektiv,,näst sist,L'avant-dernière étape est franchie !,Den näst sista etappen är avklarad!,,avant + dernier = 'före-sist'. Franchir minns du – etapp 14 av 15 i mål! Näst sist = bäst placerad för spurt
2800,à deux doigts,uttryck,,"på vippen, ytterst nära",À deux doigts des trois mille !,Två fingrar från tretusen!,,'Två fingrar ifrån'! être à deux doigts de = vara på vippen att. Doigt minns du – nu mäter det avståndet till målet: 200 ord
2801,se débarrasser,verb,,att bli av med,On se débarrasse du superflu. Sauf des livres.,Vi gör oss av med det överflödiga. Utom böckerna.,,débarrasser la table = duka av! Rensningens verb – med inbyggda undantag
2802,entretenir,verb,,att underhålla,"Entretenir la maison, le jardin, la flamme.","Underhålla huset, trädgården, lågan.",,entre + tenir = 'hålla i stånd'. l'entretien = underhållet OCH anställningsintervjun!
2803,rassembler,verb,,att samla (ihop),On rassemble toute la famille en juin.,Vi samlar hela familjen i juni.,,ensemble göms i ordet: 'föra samman'! rassembler ses idées = samla tankarna
2804,réunir,verb,,"att förena, samla",Réunir tout le monde : un exploit logistique.,Att samla alla: en logistisk bragd.,,réunion minns du → réunir. les conditions réunies = alla förutsättningar på plats
2805,éparpiller,verb,,att sprida ut,Les jouets s'éparpillent tout seuls. Magie noire.,Leksakerna sprider sig själva. Svart magi.,,Motsatsen till rassembler. éparpillé = utspridd/splittrad – om saker och tankar
2806,empiler,verb,,att stapla,Kalle empile trois cubes. Record battu !,Kalle staplar tre klossar. Rekordet slaget!,,"pile minns du → empiler = 'lägga på hög'. Stapla, riva, repetera: forskningsprogrammet"
2807,rétrécir,verb,,att krympa,Le pull a rétréci. Ou alors j'ai grandi.,Tröjan har krympt. Eller så har jag växt.,,"étroit (trång) göms i ordet! Tvättmaskinens klassiska försvar: temperaturen, inte ägaren"
2808,élargir,verb,,att vidga,"Élargir ses horizons, un mot à la fois.","Vidga sina vyer, ett ord i taget.",,large → élargir. Horizon minns du – nu med verbet som öppnar det
2809,raccourcir,verb,,"att korta, bli kortare",Les jours raccourcissent. Déjà.,Dagarna blir kortare. Redan.,,court → raccourcir. Nordisk höstmelankoli i ett verb. Motdrag: guirlandes och bougies
2810,klaxonner,verb,,att tuta,On ne klaxonne pas. On soupire fort.,Vi tutar inte. Vi suckar högt.,,le klaxon = signalhornet. Fransk trafik: klaxonner är interpunktion. Svensk trafik: sucken räcker
2811,déraper,verb,,att sladda; spåra ur,Ça dérape sur le verglas. Et parfois en réunion.,Det sladdar på isen. Och ibland på möten.,,"DUBBEL: bilen sladdar, samtalet spårar ur: le débat a dérapé ! Vinterns och retorikens gemensamma risk"
2812,circuler,verb,,att cirkulera; köra,"Circulez, rien à voir !","Kör vidare, inget att se!",,"Polisfrasen alla kan. l'information circule = informationen sprids. Blodomlopp, trafik, rykten: samma verb"
2813,longer,verb,,att gå längs med,On longe le lac jusqu'au ponton.,Vi följer sjön ända till bryggan.,,long → longer = 'gå långsmed'. Söndagspromenadens geometri: vattnet alltid till vänster
2814,héberger,verb,,att härbärgera; hosta,On héberge des amis. Et trois sites web.,Vi härbärgerar vänner. Och tre webbsajter.,,DUBBEL-MODERN: gäster OCH webbsajter! l'hébergement = boendet/webbhotellet. Gästfrihet i två format
2815,régaler,verb,,att bjuda; njuta,On se régale !,Vi frossar!,,GULD-FRAS: Régalez-vous ! = smaklig måltid/njut! C'est moi qui régale = jag bjuder! Njutningens verb
2816,digérer,verb,,att smälta (maten),Je digère la raclette. Ça prend la soirée.,Jag smälter racletten. Det tar hela kvällen.,,DUBBEL: mat OCH nyheter: digérer une nouvelle = smälta ett besked. Magens och psykets gemensamma process
2817,décrocher,verb,,att svara (telefon); knipa,Je décroche au premier coup. Rare.,Jag svarar på första signalen. Sällsynt.,,"TRIPPEL-GULD: lyfta luren, décrocher un contrat = knipa ett kontrakt, décrocher = koppla bort helt! raccrocher = lägga på"
2818,accorder,verb,,att bevilja; stämma,Accorde-moi cinq minutes de silence.,Bevilja mig fem minuters tystnad.,,"MULTI: bevilja, stämma instrument (accorder les violons minns du!) och böja ord rätt: accorder l'adjectif!"
2819,persévérer,verb,,"att hålla ut, envisas",On a persévéré. Résultat : trois mille mots.,Vi höll ut. Resultat: tretusen ord.,,la persévérance = uthålligheten. Talangens tråkiga hemlighet: fortsätta när det är trist
2820,s'accrocher,verb,,"att kämpa på, hålla fast","Accroche-toi, la fin approche !","Håll i dig, slutet närmar sig!",,accrocher minns du → s'accrocher = 'haka fast sig'. Accroche-toi ! = kämpa!/håll i hatten!
2821,conclure,verb,,att avsluta; dra slutsats,Concluons en beauté.,Låt oss avsluta med stil.,,DUBBEL: avsluta OCH dra slutsatsen: j'en conclus que... = jag drar slutsatsen att... Mötets efterlängtade verb
2822,boucler,verb,,att slutföra; spänna fast,On boucle le projet cette semaine !,Vi ror projektet i land den här veckan!,,"boucle minns du → boucler. GULD: la boucle est bouclée = cirkeln är sluten! Bilbältet, väskan, projektet: allt boucles"
2823,récapituler,verb,,att sammanfatta,"Récapitulons : trois mille mots, un objectif.","Låt oss summera: tretusen ord, ett mål.",,"Vardagskortform: en récap ! = kort sammanfattning. Genomgångens verb – som nu, vid mållinjen"
2824,assimiler,verb,,att ta till sig,On assimile mieux en dormant. Pratique.,Man tar in bättre när man sover. Praktiskt.,,"Sömnforskningens gåva till språkstudenten: repetera på kvällen, låt natten jobba"
2825,maîtriser,verb,,att behärska,Maîtriser une langue : un voyage sans fin.,Att behärska ett språk: en resa utan slut.,,maître (mästare) → maîtriser. se maîtriser = behärska sig. Målet flyttar sig – det är poängen
2826,évoluer,verb,,att utvecklas,"Tout évolue : le projet, la langue, nous.","Allt utvecklas: projektet, språket, vi.",,GRATIS! l'évolution = utvecklingen. Stillastående: det enda som inte finns i språk
2827,s'en sortir,verb,,att klara sig,"On s'en sort très bien, finalement.","Vi klarar oss riktigt bra, trots allt.",,sortir-familjen: 'ta sig ut ur det'. Tu t'en sors ? = går det bra?/klarar du dig? Vardagens omtankefråga
2828,s'y mettre,verb,,att sätta igång,"Allez, on s'y met !","Kom igen, nu kör vi!",,mettre-familjen: 'sätta sig till det'. Il faut s'y mettre ! = dags att hugga i! Prokrastineringens slutpunkt
2829,y arriver,verb,,att klara det,Tu vas y arriver. Tu y es déjà arrivé.,Du kommer klara det. Du har redan gjort det.,,PEPP-FRASEN: J'y arrive ! = jag fixar det! On y arrive = vi närmar oss/vi klarar det. Bevisat: tretusen gånger
2830,tenir bon,uttryck,,att hålla ut,On tient bon jusqu'à la ligne d'arrivée.,Vi håller ut ända till mållinjen.,,tenir + bon = 'hålla gott'. Tenez bon ! = håll ut! Stormens och slutspurtens fras
2831,s'y faire,verb,,att vänja sig,Le réveil à cinq heures ? On s'y fait.,Väckning klockan fem? Man vänjer sig.,,faire-familjens pärla: Je m'y fais = jag vänjer mig. Anpassningens stillsamma triumf
2832,se resservir,verb,,att ta om (mat),Je me ressers. La politesse l'exige.,Jag tar om. Artigheten kräver det.,,re + servir. Ressers-toi ! = ta mer! Kockens största komplimang: den tomma skålen
2833,engloutir,verb,,att sluka,Kalle engloutit sa purée. Fierté du chef.,Kalle slukar sin mos. Kockens stolthet.,,Också om hav och budgetar: le projet engloutit tout = projektet slukar allt. Aptitens superlativ
2834,se dépasser,verb,,att överträffa sig själv,On s'est dépassés sur ce projet.,Vi överträffade oss själva på det här projektet.,,dépasser = köra om/överskrida → se dépasser = tävla mot sig själv. Den enda motståndaren som räknas
2835,frémir,verb,,att sjuda; rysa,"L'eau frémit, le thé patiente.","Vattnet sjuder, teet väntar.",,"DUBBEL-POESI: vattnet frémit före kokpunkten, huden frémit av rysning. Gränslandets verb"
2836,infuser,verb,,att dra (te),Le thé infuse. Trois minutes de calme.,Teet drar. Tre minuters lugn.,,laisser infuser = låta dra – även idéer: je laisse infuser = jag låter det mogna! Tekannans filosofi
2837,moudre,verb,,att mala,Moudre le café : le rituel avant le rituel.,Mala kaffet: ritualen före ritualen.,,moulin minns du → moudre! du café fraîchement moulu = nymalet kaffe. Morgonens första doftbomb
2838,griffonner,verb,,"att klottra, rita snabbt",Kalle griffonne son premier chef-d'œuvre.,Kalle klottrar sitt första mästerverk.,,griffe (klo) → griffonner = 'klösa fram'. Kylskåpsgalleriets födelse. Motivet: okänt. Stoltheten: total
2839,encadrer,verb,,att rama in,On encadre le premier dessin. Évidemment.,Vi ramar in första teckningen. Såklart.,,cadre → encadrer. DUBBEL: rama in OCH handleda (encadrer une équipe)! Också: je ne peux pas l'encadrer = jag tål honom inte!
2840,rebondir,verb,,att studsa; komma igen,Le ballon rebondit. Le projet aussi.,Bollen studsar. Projektet också.,,bondir minns du → re-bondir! GULD: rebondir après un échec = studsa tillbaka efter en motgång. Comeback-verbet
2841,s'envoler,verb,,att flyga iväg,Le temps s'envole quand on apprend.,Tiden flyger iväg när man lär sig.,,vol-familjen: s'envoler = lyfta/försvinna. les prix s'envolent = priserna skenar. Bevingad tid
2842,se poser,verb,,att landa; slå sig ner,On se pose cinq minutes ? Grand oui.,Ska vi landa fem minuter? Stort ja.,,"MODERN GULD: se poser = chilla/sätta sig ner! Fågeln, planet och tröttа föräldern: alla se posent"
2843,cocher,verb,,att bocka av,Je coche la dernière case. Quel plaisir.,Jag bockar av sista rutan. Vilken njutning.,,cocher toutes les cases = uppfylla alla krav ('bocka alla rutor')! Listmänniskans lyckorus
2844,rayer,verb,,att stryka (över),Rayé de la liste ! Suivant.,Struket från listan! Nästa.,,rayures-familjen: rayer = dra ett streck. rayer de la carte = utplåna från kartan. Överstrykningens triumf
2845,composer,verb,,att komponera; slå (nummer),Je compose le numéro de mémoire.,Jag slår numret ur minnet.,,DUBBEL: musik OCH telefonnummer! composer avec = kompromissa med. Utantillnummer: en utdöende konstform
2846,gazouillis,substantiv,m,joller,Les gazouillis du matin : le meilleur réveil.,Morgonjollret: bästa väckarklockan.,,gazouiller = jollra/kvittra – bebisar och fåglar delar verb! Språkets första utkast
2847,doudoune,substantiv,f,täckjacka,La doudoune : l'uniforme d'octobre à avril.,Täckjackan: uniformen från oktober till april.,,doudou + une = 'gosejackan'! Nordens nationaldräkt. Silhuetten: michelin. Värmen: allt
2848,cagoule,substantiv,f,"balaklava, huvmössa",La cagoule de Kalle : seul le nez dépasse.,Kalles balaklava: bara näsan sticker ut.,,Vinterbarnets standardutrustning. Igenkänning: omöjlig. Värme: total. Protester: högljudda
2849,chaussons,substantiv,m pl,tofflor; babyskor,Des chaussons qui couinent à chaque pas.,Tofflor som piper vid varje steg.,,"GULD-BONUS: un chausson aux pommes = äppelbakelse ('äppeltoffla')! Fötter och fikabröd, samma ord"
2850,coucou,uttryck,m,tittut!; hejsan,Coucou ! Le jeu préféré du moment.,Tittut! Stundens favoritlek.,,"TRIPPEL: tittut-leken, vardagshälsning (Coucou !) OCH göken (l'horloge à coucou = gökuret)! Tre glädjeämnen"
2851,cache-cache,substantiv,m,kurragömma,Une partie de cache-cache : Kalle gagne toujours.,En omgång kurragömma: Kalle vinner alltid.,,cacher × 2 = 'göm-göm'! Bebisregler: den som skrattar högst har gömt sig bäst
2852,cachette,substantiv,f,gömställe,La cachette des cadeaux : le placard. Évident.,Presenternas gömställe: garderoben. Uppenbart.,,cacher → cachette. en cachette minns du – här är själva platsen. Familjens sämst bevarade hemlighet
2853,marelle,substantiv,f,hoppa hage,La marelle : de la terre au ciel.,Hoppa hage: från jorden till himlen.,,"Franska hagen går bokstavligen från Terre till Ciel! Krita, sten, balans: komplett utrustning"
2854,pion,substantiv,m,spelpjäs,"Le pion avance, case par case.","Pjäsen flyttar, ruta för ruta.",,GULD: n'être qu'un pion = bara vara en bricka i spelet. Skolslang: le pion = rastvakten!
2855,toboggan,substantiv,m,rutschkana,Le toboggan : la file d'attente commence tôt.,Rutschkanan: kön börjar tidigt.,,"Lekplatsens huvudattraktion. Uppför trappan, nerför kanan, repetera till middagen"
2856,bac à sable,uttryck,m,sandlåda,Le bac à sable : diplomatie précoce.,Sandlådan: tidig diplomati.,,"le bac = tråget OCH studentexamen (le bac !) – från sandlåda till examen, samma ord. Spaden: första förhandlingen"
2857,manège,substantiv,m,karusell,"Le manège : trois tours, zéro négociation possible.","Karusellen: tre varv, noll förhandlingsutrymme.",,DUBBEL: karusellen OCH spelet/manipulationen: je vois clair dans ton manège ! = jag ser vad du håller på med!
2858,transat,substantiv,m,babysitter; solstol,Le transat : cinq minutes de paix garanties.,Babysittern: fem minuters garanterad frid.,,Förkortning av transatlantique – däcksstolen på Atlantångarna! Från oceanliner till vardagsrum
2859,lit parapluie,uttryck,m,resesäng,Le lit parapluie : montage en dix secondes. En théorie.,Resesängen: uppfälld på tio sekunder. I teorin.,,"'Paraplysäng' – fälls som ett paraply! Praktiken: tjugo minuter, tre försök, en manual"
2860,porte-bébé,substantiv,m,bärsele,"Le porte-bébé : les mains libres, le cœur plein.","Bärselen: händerna fria, hjärtat fullt.",,"porte-familjen fullbordad: porte-clés, porte-bonheur, porte-bébé! Franskan bär allt värdefullt"
2861,bouillotte,substantiv,f,värmeflaska,La bouillotte : le câlin de l'hiver.,Värmeflaskan: vinterns kram.,,"bouillir-familjen: bouillon, bouilloire, bouillotte! Kokandets ordfamilj komplett – från soppa till sängvärme"
2862,plaid,substantiv,m,"pläd, filt","Un plaid, un livre, la pluie dehors. Parfait.","En pläd, en bok, regnet utanför. Perfekt.",,"GRATIS – samma lånord i båda språken! Höstens heliga treenighet, komplett med tekopp"
2863,hanche,substantiv,f,höft,Kalle sur la hanche : la position officielle.,Kalle på höften: den officiella positionen.,,"Föräldraskapets ergonomi: en höft för barnet, en hand för allt annat. Balansen: inlärd på en vecka"
2864,tri,substantiv,m,"sortering, källsortering",Le tri des déchets : réflexe suédois.,Sopsorteringen: svensk ryggmärgsreflex.,le recyclage = återvinningen,"trier minns du → le tri. Fem kärl, noll tvekan. Sveriges tysta nationalsport"
2865,consigne,substantiv,f,pant; instruktion,La consigne : la Suède est championne du monde.,Panten: Sverige är världsmästare.,,"MULTI-GULD: panten (!), instruktionen (respecter les consignes) OCH förvaringsboxen! Panta mera – på franska"
2866,vrac,substantiv,m,lösvikt,"Acheter en vrac : moins d'emballage, plus de bocaux.","Handla i lösvikt: mindre förpackning, fler burkar.",,GULD: en vrac = i lösvikt OCH huller om buller: des idées en vrac = osorterade idéer!
2867,couvert,substantiv,m,kuvert (bestick),Mettre le couvert : bientôt la mission de Kalle.,Att duka: snart Kalles uppdrag.,,mettre le couvert = duka! Minns le gîte et le couvert = mat och husrum. Bestickens samlingsnamn
2868,nappe,substantiv,f,bordsduk,"La nappe blanche ? Courageux, avec un bébé.","Vit bordsduk? Modigt, med en bebis.",,Också: une nappe de brouillard = ett dimtäcke! Duken täcker bord och landskap
2869,théière,substantiv,f,tekanna,La théière fume doucement le dimanche.,Tekannan ryker stilla på söndagen.,,"thé → théière. Mönstret -ière: bouilloire, glacière, théière! Behållarnas ordfamilj"
2870,planche,substantiv,f,skärbräda; bräda,La planche à découper : toujours occupée.,Skärbrädan: alltid upptagen.,,"MULTI: skärbräda, planka, plansch! GULD: faire la planche = flyta på rygg! avoir du pain sur la planche = ha mycket att stå i!!"
2871,zeste,substantiv,m,citrusskal; gnutta,"Un zeste de citron, un zeste de folie.","Lite citronskal, en gnutta galenskap.",,"GULD: un zeste de = en gnutta (humor, mod, vansinne)! Rivjärnets bidrag till poesin"
2872,noyau,substantiv,m,kärna (frukt),Le noyau d'avocat : futur projet de plante.,Avokadokärnan: framtida växtprojekt.,,GULD: le noyau dur = hårda kärnan (gruppen)! Avokadon på tandpetare: allas första bonsai-dröm
2873,pépin,substantiv,m,kärna; strul,Un pépin ? Le fruit ou le problème ?,En kärna eller ett strul?,,DUBBEL-GULD: äppelkärnan OCH problemet: avoir un pépin = råka ut för strul! Också paraply på slang!
2874,mie,substantiv,f,inkråm (bröd),La mie ou la croûte ? Le débat continue.,Inkråmet eller skorpan? Debatten fortsätter.,,croûte minns du – mie är motståndarsidan! pain de mie = formfranska. Familjer delas i två läger
2875,levure,substantiv,f,jäst,La levure travaille pendant la nuit.,Jästen jobbar under natten.,,lever-familjen: jästen 'lyfter' degen! levure chimique = bakpulver. Nattskiftets tystaste arbetare
2876,restes,substantiv,m pl,rester (mat),Les restes du dimanche : le festin du lundi.,Söndagsresterna: måndagens festmåltid.,,rester → les restes. Kylskåpets skattkammare. Dag två: alltid godare. Vetenskapen håller med
2877,trousseau,substantiv,m,nyckelknippa,Le trousseau de clés pèse une tonne.,Nyckelknippan väger ett ton.,,trousse minns du → trousseau. Vaktmästarens statussymbol. Nyckeln man behöver: alltid sist
2878,poutre,substantiv,f,bjälke,Les poutres apparentes : le charme absolu.,Synliga takbjälkar: absolut charm.,,Mäklarordens kung. Också gymnastikbommen! la poutre dans l'œil = bjälken i ögat – samma bibliska bild
2879,papier peint,uttryck,m,tapet,Le papier peint des années 70 résiste encore.,70-talstapeten håller emot än.,,"'Målat papper'. Renoveringens arkeologi: lager för lager, årtionde för årtionde"
2880,gorgée,substantiv,f,klunk,Une gorgée de café entre deux exploits.,En klunk kaffe mellan två stordåd.,,"gorge → gorgée. Mönstret -ée = munnens mått: bouchée (tugga), gorgée (klunk), poignée (näve)!"
2881,rondelle,substantiv,f,skiva (rund),Des rondelles de concombre pour le goûter.,Gurkskivor till mellis.,,rond → rondelle. en rondelles = i skivor. Också hockeypucken i Québec! Rundhetens minsta enhet
2882,arête,substantiv,f,fiskben,Attention aux arêtes dans le hareng !,Se upp för benen i sillen!,,Också bergskam! Sillunchens enda fiende. Tekniken: tålamod och bröd i beredskap
2883,coquille,substantiv,f,skal; tryckfel,"Une coquille dans le texte ! Vite, on corrige.","Ett tryckfel i texten! Fort, vi rättar.",,DUBBEL-GULD: snäckskalet OCH tryckfelet! coquille d'œuf = äggskal. Korrekturläsarens strandfynd
2884,case,substantiv,f,ruta,Retour à la case départ ? Jamais !,Tillbaka till ruta ett? Aldrig!,,GULD: la case départ = ruta ett (Monopol!). cocher la case = bocka rutan. Spelplanens och blankettens atom
2885,cendre,substantiv,f,aska,Les cendres du barbecue refroidissent doucement.,Grillaskan svalnar sakta.,,renaître de ses cendres = återuppstå ur askan (Fenix!). Cendrillon = Askungen – askans egen prinsessa!
2886,soupir,substantiv,m,suck,Un soupir de soulagement traverse la maison.,En lättnadens suck far genom huset.,,pousser un soupir = dra en suck. Också paustecknet i noter! Musikens och förälderns andrum
2887,écho,substantiv,m,eko,L'écho répond toujours dans la forêt.,Ekot svarar alltid i skogen.,,GRATIS! faire écho à = knyta an till. Skogens artigaste samtalspartner: håller alltid med
2888,craquement,substantiv,m,"knak, knarr",Les craquements du parquet trahissent le ninja.,Parkettens knarr avslöjar ninjan.,,craquer → craquement. Nattsmygarens akustiska minfält. Karta över knarrande plankor: memorerad
2889,zoo,substantiv,m,djurpark,"Au zoo : la girafe d'abord, comme prévu.","På zoo: giraffen först, som väntat.",,GRATIS! UTTAL: [zo]. Girafe minns du – nu i verkligheten. Rundturen: bestäms av den minsta
2890,vestiaire,substantiv,m,omklädningsrum,Le vestiaire de la piscine : logistique de haut niveau.,Simhallens omklädningsrum: logistik på elitnivå.,,"veste-familjen! Babysim-matematik: 20 minuter vatten, 40 minuter vestiaire. Alla föräldrar kan ekvationen"
2891,ponton,substantiv,m,brygga,Le ponton du lac : plongeons et étés entiers.,Sjöbryggan: hopp och hela somrar.,le plongeoir = hopptornet,"SVENSK SOMMARSJÄL: bryggan! Doppet, fikat, kvällssolen. Landets viktigaste träkonstruktion"
2892,rampe,substantiv,f,"räcke, ramp",La rampe d'escalier : futur toboggan officiel.,Trappräcket: framtida officiell rutschkana.,,"GULD: être sous les feux de la rampe = stå i rampljuset! Räcket, rampen och strålkastarna"
2893,braise,substantiv,f,glöd,Les braises tiennent plus longtemps que les flammes.,Glöden håller längre än lågorna.,,cuire à la braise = glödgrilla. Grillmästarens hemlighet OCH en livsfilosofi i ett
2894,veillée,substantiv,f,"kvällsstund, vaka","La veillée au coin du feu, sans écrans.","Kvällsstunden vid brasan, utan skärmar.",,veille-familjen: veillée = den gemensamma kvällen före sömnen. Berättelsernas ursprungliga sändningstid
2895,rayures,substantiv,f pl,ränder,La marinière à rayures : la France en tissu.,Den randiga marintröjan: Frankrike i tyg.,,rayé minns du (zebran!) → les rayures. La marinière: 21 ränder enligt originalreglementet. Vive la précision
2896,pois,substantiv,m,prick; ärta,À pois ou à rayures ? Grande question.,Prickigt eller randigt? Stor fråga.,,DUBBEL: à pois = prickig OCH les petits pois = gröna ärtor! Garderoben och grönsakslandet delar ord
2897,motif,substantiv,m,mönster; skäl,"Un motif discret, un message clair.","Ett diskret mönster, ett tydligt budskap.",,DUBBEL: tygmönstret OCH motivet/skälet: sans motif = utan anledning. Design och juridik i ett
2898,semelle,substantiv,f,sula,Des semelles épaisses pour l'hiver suédois.,Tjocka sulor för svensk vinter.,,GULD: ne pas lâcher d'une semelle = följa hack i häl ('inte släppa en sula')! Vinterns viktigaste centimeter
2899,mode d'emploi,uttryck,m,bruksanvisning,Le mode d'emploi ? On le lit après l'échec.,Bruksanvisningen? Den läser vi efter misslyckandet.,la notice = instruktionsbladet,"'Användningssätt'. Universell sanning: först försöket, sedan förnedringen, sist manualen"
2900,garantie,substantiv,f,garanti,Encore sous garantie ? Miracle.,Fortfarande garanti kvar? Mirakel.,,GRATIS! sous garantie = inom garantin. Regel: allt går sönder dagen efter att den löpt ut
2901,poivron,substantiv,m,paprika,"Un poivron rouge, un jaune, un vert : le feu tricolore.","En röd, en gul, en grön paprika: trafikljuset.",,"OBS: poivron = paprika, poivre = peppar! Grönsaksdiskens trafikljus, alltid på grönt"
2902,courgette,substantiv,f,zucchini,La courgette se cache dans tous les plats.,Zucchinin gömmer sig i alla rätter.,,court-familjen? Nej – från courge (pumpa): 'lilla pumpan'! Föräldrarnas smyggrönsak nummer ett
2903,aubergine,substantiv,f,aubergin,L'aubergine brille comme un bijou violet.,Auberginen glänser som ett lila smycke.,,Från arabiska via katalanska – ordet reste som grönsaken. Ratatouillens mörka hjärta
2904,concombre,substantiv,m,gurka,"Le concombre : quatre-vingt-seize pour cent d'eau, cent pour cent d'été.","Gurkan: nittiosex procent vatten, hundra procent sommar.",,"frais comme un concombre... nej, det är engelska! Franskan: frais comme un gardon (mört). Svalkans grönsak"
2905,maïs,substantiv,m,majs,"Du maïs grillé, du beurre, du bonheur.","Grillad majs, smör, lycka.",,"UTTAL: [mais] – två stavelser, trema-prickarna gör jobbet! épi de maïs = majskolv"
2906,avoine,substantiv,f,havre,L'avoine au petit-déjeuner : très suédois.,Havregryn till frukost: väldigt svenskt.,,les flocons d'avoine = havregryn ('havreflingor'). Nordisk frukostgrund sedan generationer
2907,seigle,substantiv,m,råg,Le pain de seigle : la Suède en tranches.,Rågbrödet: Sverige i skivor.,,"Knäckebrödets själ! le pain de seigle = rågbröd. Mörkt, tätt, nordiskt: brödets bassnitt"
2908,écrevisse,substantiv,f,kräfta,Les écrevisses d'août : fête nationale officieuse.,Augustikräftorna: inofficiell nationaldag.,,"KRÄFTSKIVAN! Hattar, visor, månlyktor: Frankrike har ordet, Sverige har festen. rouge comme une écrevisse!"
2909,hareng,substantiv,m,sill,Le hareng sous toutes ses formes : le buffet suédois.,Sill i alla former: det svenska bordet.,,"Midsommarbordets huvudperson. UTTAL: [aʁɑ̃] – h:et tyst! Senap, lök, dill: sillens tre dräkter"
2910,perce-neige,substantiv,m,snödroppe,Le perce-neige perce la neige. Nom mérité.,Snödroppen genomborrar snön. Välförtjänt namn.,,percer minns du → perce-neige = 'genomborra-snö'! Vårens första rapport från underjorden
2911,tournesol,substantiv,m,solros,Le tournesol suit le soleil toute la journée.,Solrosen följer solen hela dagen.,,tourner + sol(eil) = 'vänder-mot-solen'! Botanikens ärligaste namn. Van Goghs favoritmodell
2912,coquelicot,substantiv,m,vallmo,Des coquelicots rouges au bord des champs.,Röda vallmor längs åkrarna.,,Namnet härmar tuppens galande (cocorico!) – blomman är röd som tuppkammen! Sommaråkerns konfetti
2913,lavande,substantiv,f,lavendel,La lavande : la Provence en parfum.,Lavendeln: Provence i doftform.,,"laver-släkt: romarna tvättade med den! Lila fält, surrande bin, vykortsgaranti"
2914,lilas,substantiv,m,syren,Le lilas embaume tout le mois de mai.,Syrenen doftar hela maj.,,Svensk studentexamens doftkuliss! UTTAL: [lila] – s:et tyst. Färgen lila fick namn av blomman
2915,chêne,substantiv,m,ek,Le chêne du parc a vu passer trois siècles.,Eken i parken har sett tre sekel passera.,le gland = ekollonet,"solide comme un chêne = stark som en ek! Trädens tungviktare, tidens vittne"
2916,érable,substantiv,m,lönn,L'érable rougit avant tout le monde en octobre.,Lönnen rodnar före alla andra i oktober.,,le sirop d'érable = lönnsirap (Kanadas flagga bär bladet!). Höstens första rodnad
2917,pomme de pin,uttryck,f,kotte,Une pomme de pin par poche : la taxe forestière.,En kotte per ficka: skogsskatten.,,"'Tallens äpple'! Barnfickornas naturaskatt. Samlingen växer, tvättmaskinen protesterar"
2918,airelle,substantiv,f,lingon,Les airelles : la Suède en confiture.,Lingonen: Sverige på burk.,,KÖTTBULLARNAS PARTNER! confiture d'airelles = lingonsylt. IKEA lärde världen ordet – nu kan du det på franska
2919,girolle,substantiv,f,kantarell,Les girolles : l'or jaune de la forêt suédoise.,Kantarellerna: den svenska skogens gula guld.,le cèpe = karljohansvampen,"Svampskogens jackpot! Hemliga ställen ärvs, aldrig avslöjas. coin à girolles = kantarellställe"
2920,sève,substantiv,f,sav,La sève monte : le printemps est officiel.,Saven stiger: våren är officiell.,,"la sève de bouleau = björksav – nordisk vårdryck! Trädens blodomlopp, årstidernas klocka"
2921,vendange,substantiv,f,vinskörd,Les vendanges de septembre : la France au travail.,Septemberskörden: Frankrike i arbete.,,vendre-släkt? Nej – vin + demere (ta av)! faire les vendanges = plocka druvor: studentjobbens klassiker
2922,giboulée,substantiv,f,aprilskur,"Les giboulées de mars : soleil, grêle, soleil.","Marsskurarna: sol, hagel, sol.",,les giboulées de mars = franskans aprilväder (en månad tidigare!). Paraplyets förvirring: total
2923,rive,substantiv,f,strand (sjö/flod),"La rive du lac, au petit matin, sans un bruit.","Sjöstranden, i gryningen, utan ett ljud.",,"rive gauche / rive droite = Paris två personligheter! plage = badstrand, rive = vattnets kant"
2924,lampe frontale,uttryck,f,pannlampa,"La lampe frontale : mains libres, allure de mineur.","Pannlampan: fria händer, gruvarbetarstil.",,"front (panna) + lampe. Nordisk höstnödvändighet: oktober till mars, promenader i pannbandsljus"
2925,réchaud,substantiv,m,stormkök,Le réchaud siffle : le café d'altitude arrive.,Stormköket visslar: höjdkaffet är på väg.,,"chauffer-familjen: ré-chaud = 'åter-varm'. Utflyktskaffets motor. Smakar alltid bättre ute – lag, inte åsikt"
2926,poignet,substantiv,m,handled,"Le poignet tourne, la crêpe s'envole.","Handleden vrider, crêpen flyger.",,"poing-familjen (näven!): poignet, poignée, poing. Pannkaksvändningens ledgång"
2927,nombril,substantiv,m,navel,Le nombril de Kalle le fascine totalement.,Kalles navel fascinerar honom totalt.,,GULD: se regarder le nombril = navelskåda – SAMMA bild! le nombril du monde = världens medelpunkt
2928,foie,substantiv,m,lever,Le foie travaille dur après les fêtes.,Levern jobbar hårt efter helgerna.,,"la crise de foie = Frankrikes nationalåkomma (för mycket gott!). OBS: le foie, la foi (tron), la fois (gången) – tre homofoner!"
2929,articulation,substantiv,f,led,"Les articulations craquent, la journée commence.","Lederna knakar, dagen börjar.",,DUBBEL: kroppsleden OCH uttalet: bien articuler = tala tydligt! Morgonens ljudspår
2930,paume,substantiv,f,handflata,La paume ouverte : le geste de confiance.,Den öppna handflatan: förtroendets gest.,,"jeu de paume = tennisens förfader ('handflatespel')! Handens insida, historiens racket"
2931,mollet,substantiv,m,vad (ben),Les mollets brûlent dans l'escalier. Bonne nouvelle ?,Vaderna bränner i trappan. Goda nyheter?,,DUBBEL: vaden OCH œuf mollet = löskokt ägg! mou-familjen (mjuk). Trappans träningskvitto
2932,rond-point,substantiv,m,rondell,Le rond-point : la spécialité française.,Rondellen: den franska specialiteten.,,FAKTA: Frankrike har flest rondeller i världen – runt hälften av alla! rond + point = 'rundpunkt'
2933,péage,substantiv,m,vägtull,Le péage surprend toujours les Suédois.,Vägtullen överraskar alltid svenskarna.,,"autoroute à péage = betalmotorväg. Semesterbudgetens dolda post. Kortet redo, fönstret nere"
2934,covoiturage,substantiv,m,samåkning,Le covoiturage : économique et très bavard.,Samåkning: billigt och väldigt pratsamt.,,"co + voiture + age = 'sambilande'! Frankrikes vardagsuppfinning: dela bil, dela historier"
2935,gilet,substantiv,m,väst,"Le gilet de sauvetage d'abord, le kayak ensuite.","Flytvästen först, kajaken sedan.",,"gilet de sauvetage = flytväst ('räddningsväst'). Sjövettets första regel, förhandlingsfri"
2936,maire,substantiv,m/f,borgmästare,"Le maire inaugure tout, toute l'année.","Borgmästaren inviger allt, året runt.",la mairie = kommunhuset,"Frankrike: 35 000 kommuner, 35 000 maires! Homofon-varning: maire, mère, mer – tre [mɛʁ]!"
2937,règlement,substantiv,m,regelverk; betalning,"Le règlement, c'est le règlement.",Regler är regler.,,DUBBEL: regelverket OCH betalningen (règlement par carte)! régler minns du – båda betydelserna ärvda
2938,syndicat,substantiv,m,fackförening,"Le syndicat négocie, la tradition continue.","Facket förhandlar, traditionen består.",,"le syndicat d'initiative = turistbyrån (!). Två sorters lokala intressen, samma ord"
2939,élection,substantiv,f,val,Les élections approchent : affiches partout.,Valet närmar sig: affischer överallt.,,GRATIS! le jour des élections = valdagen. Demokratins återkommande säsong
2940,cloche,substantiv,f,klocka (ring-),Les cloches de Pâques livrent le chocolat.,Påskklockorna levererar chokladen.,,Minns Pâques! GULD-slang: quelle cloche ! = vilken klant! + ça cloche = något stämmer inte!
2941,patrimoine,substantiv,m,kulturarv,Les journées du patrimoine : tout ouvre gratuitement.,Kulturarvsdagarna: allt öppnar gratis.,,père-släkt: 'fädernearvet'. En helg i september öppnas alla stängda dörrar i Frankrike. Boka tidigt
2942,créneau,substantiv,m,tidslucka,Un créneau libre jeudi ? Réservé !,En ledig tid på torsdag? Bokad!,,DUBBEL-GULD: tidsluckan OCH fickparkeringen (faire un créneau = ficka!) OCH slottsmurens tinnar. Kalenderns torn
2943,emploi du temps,uttryck,m,schema,L'emploi du temps de Kalle décide du nôtre.,Kalles schema bestämmer vårt.,,"'Tidens användning'. Familjens verkliga organisationsschema: sömn, mat, promenad, repetera"
2944,vide-grenier,substantiv,m,loppis,Le vide-grenier du dimanche : trésors garantis.,Söndagsloppisen: garanterade skatter.,,"'Töm-vinden'! Grenier minns du – nu töms den på gatan. En mans skräp, en annans fynd: internationell lag"
2945,aubaine,substantiv,f,"fynd, tur","Quelle aubaine, ce vélo à cent couronnes !","Vilket kap, den cykeln för hundra kronor!",,Une aubaine ! = vilken tur/vilket klipp! Loppisens segerord. Cykeln behöver bara 'lite kärlek'
2946,appoint,substantiv,m,jämna pengar,« Faites l'appoint » : la pancarte classique.,'Jämna pengar uppskattas': klassiska skylten.,,faire l'appoint = betala jämnt! Också: chauffage d'appoint = extra element. Det lilla som fattas
2947,troc,substantiv,m,byteshandel,Le troc du samedi : une peluche contre deux livres.,Lördagsbytet: ett gosedjur mot två böcker.,,"faire du troc = idka byteshandel. Ekonomins äldsta form, barnkammarens nyaste"
2948,notice,substantiv,f,instruktionsblad,"La notice en douze langues, aucune claire.","Instruktionsbladet på tolv språk, inget begripligt.",,"NYANS: mode d'emploi = hela manualen, notice = bladet i kartongen. lire la notice = läsa instruktionerna. Ikeas följeslagare"
2949,zone,substantiv,f,"zon, område","La zone piétonne : enfin, on respire.",Gågatezonen: äntligen andrum.,,GRATIS! zone piétonne = gågata. la zone de confort = komfortzonen – gjord att lämnas ibland
2950,statue,substantiv,f,staty,La statue de la place a une histoire. Personne ne la connaît.,Statyn på torget har en historia. Ingen kan den.,,GRATIS! rester de marbre = förbli oberörd ('som marmor'). Torgets tystaste invånare
2951,album,substantiv,m,album,L'album de la première année déborde déjà.,Första årets album svämmar redan över.,,GRATIS! album photo = fotoalbum. Urvalsprocessen: omöjlig. Lösningen: fler album
2952,flou,substantiv,m,oskärpa,Un peu flou ? Non : artistique.,Lite suddigt? Nej: konstnärligt.,la netteté = skärpan,DUBBEL: substantiv OCH adjektiv! le flou artistique = konstnärlig dimma – i foto och i svar. Räddar många bilder
2953,cliché,substantiv,m,foto; klyscha,"Un cliché ? Dans les deux sens, oui.","Ett kliché? I båda betydelserna, ja.",,DUBBEL-GULD: fotografiet OCH klyschan – från fotoplåtens tid! Solnedgångsbilden: båda samtidigt
2954,rafale,substantiv,f,vindby; bildserie,"En rafale : vingt photos, un seul sourire net.","I serietagning: tjugo bilder, ett skarpt leende.",,DUBBEL: vindbyn OCH serietagningen (photos en rafale)! Bebisfotografens enda fungerande metod
2955,retrouvailles,substantiv,f pl,återseende,Les retrouvailles à la gare : du cinéma gratuit.,Återseendet på stationen: gratis bio.,,"retrouver → retrouvailles: ordet svenskan saknar! Alltid plural, alltid kramar. Perrongens vackraste skådespel"
2956,acquis,substantiv,m,förvärvad kunskap,Les acquis sont là : trois mille mots solides.,Kunskaperna sitter: tretusen stadiga ord.,,acquérir → acquis. C'est acquis ! = det sitter! Ryggsäcken ingen kan ta ifrån dig
2957,aisance,substantiv,f,"ledighet, flyt",L'aisance vient mot après mot.,Flytet kommer ord för ord.,,aise-familjen (à l'aise!): parler avec aisance = tala obesvärat. Målet bakom målet
2958,rituel,substantiv,m,ritual,"Le rituel du soir : bain, histoire, dodo.","Kvällsritualen: bad, saga, sömn.",,GRATIS! Familjelivets liturgi. Ordningen: helig. Avvikelser: bestraffas med förhandling
2959,gratitude,substantiv,f,tacksamhet,La gratitude du soir : trois bonnes choses.,Kvällens tacksamhet: tre bra saker.,,"GRATIS! exprimer sa gratitude = uttrycka sin tacksamhet. Dagens bästa bokslut, gratis att föra"
2960,satisfaction,substantiv,f,tillfredsställelse,La satisfaction du travail terminé. Rien au-dessus.,Tillfredsställelsen av avslutat arbete. Inget slår den.,,"GRATIS! la satisfaction du devoir accompli = plikten uppfylld-känslan. Precis den här känslan, precis nu"
2961,environs,substantiv,m pl,omgivningar,Les environs du lac restent à explorer.,Sjöns omgivningar återstår att utforska.,les alentours = trakterna,"environ = cirka, les environs = omgivningarna! aux environs de = i trakten av. Kartans nästa kapitel"
2962,échéance,substantiv,f,"förfallodag, deadline",L'échéance approche : tout le monde accélère.,Deadlinen närmar sig: alla växlar upp.,,échoir-släkt: 'det som faller in'. à longue échéance = på lång sikt. Kalenderns allvarligaste datum
2963,secteur,substantiv,m,"sektor, bransch",Le secteur de l'éducation évolue vite.,Utbildningssektorn utvecklas snabbt.,,GRATIS! dans le secteur = i branschen/i området. Också eluttag: une panne de secteur = strömavbrott!
2964,recoin,substantiv,m,"vrå, skrymsle",Chaque recoin de la maison cache un jouet.,Varje vrå i huset gömmer en leksak.,,coin → recoin = 'hörnets hörn'. dans les moindres recoins = i minsta skrymsle. Städningens sista utpost
2965,gaspillage,substantiv,m,slöseri,Zéro gaspillage : l'objectif du frigo.,Noll svinn: kylskåpets mål.,,gaspiller → gaspillage. le gaspillage alimentaire = matsvinnet. Resterna (les restes!) är motståndsrörelsen
2966,autorisation,substantiv,f,tillstånd,"L'autorisation signée, l'aventure commence.","Tillståndet påskrivet, äventyret börjar.",,autoriser → autorisation. demander l'autorisation = be om lov. Blanketternas gröna ljus
2967,coffret,substantiv,m,"ask, box",Un coffret de souvenirs sous le lit.,En ask med minnen under sängen.,,coffre (kista/bagagelucka) → coffret = 'lilla kistan'. coffret cadeau = presentbox. Nostalgins möbel
2968,mare,substantiv,f,"damm, pöl",La mare aux canards attire tout le monde.,Ankdammen lockar alla.,,OBS: la mare (damm) ≠ la mer (hav) ≠ la mère (mor)! Homofonerna mer/mère – mare uttalas [maʁ]. Ankornas adress
2969,comblé,adjektiv,,"överlycklig, uppfylld",Fatigué mais comblé. Le résumé parfait.,Trött men uppfylld. Den perfekta sammanfattningen.,,combler = fylla helt → comblé = fylld till brädden (av lycka). Föräldraskapets tvåordsrecension
2970,épanoui,adjektiv,,"blomstrande, harmonisk","Un enfant épanoui, des parents cernés. Équilibre.","Ett blomstrande barn, ringögda föräldrar. Balans.",,s'épanouir = slå ut i blom – om blommor OCH människor! un sourire épanoui = ett strålande leende
2971,serein,adjektiv,,"lugn, sinneslugn","Serein avant le grand lancement. Enfin, presque.","Lugn inför den stora lanseringen. Nåja, nästan.",,"la sérénité = sinnesron. Himmel utan moln, sinne utan oro: samma adjektiv. Målbild, inte alltid läge"
2972,fiable,adjektiv,,pålitlig,"Une voiture fiable, un plan fiable, un ami fiable.","En pålitlig bil, en pålitlig plan, en pålitlig vän.",,se fier minns du → fiable = 'att lita på'. la fiabilité = pålitligheten. Vardagens viktigaste egenskap
2973,payant,adjektiv,,avgiftsbelagd; lönsam,Parking payant. Évidemment payant.,Avgiftsbelagd parkering. Såklart avgiftsbelagd.,,DUBBEL: kostar pengar OCH lönar sig: ça finit par être payant ! = det lönar sig till slut! Precis som franskan
2974,valable,adjektiv,,giltig,Le billet est valable une heure. Chronomètre lancé.,Biljetten gäller en timme. Tidtagning startad.,,valoir-familjen: valable = 'som har värde'. une excuse valable = en giltig ursäkt. Byråkratins favoritord
2975,vierge,adjektiv,,"tom, oanvänd",Une page vierge : vertige et liberté.,En tom sida: svindel och frihet.,,"page vierge = blankt blad, forêt vierge = urskog, huile vierge = jungfruolja. Det orörda i alla former"
2976,hebdomadaire,adjektiv,,vecko-,Le marché hebdomadaire du samedi : rituel sacré.,Lördagens veckomarknad: helig ritual.,,"hebdo = veckotidning (förkortningen!). Serien: quotidien, hebdomadaire, mensuel, annuel – tidens adjektiv"
2977,provisoire,adjektiv,,tillfällig,Une solution provisoire qui dure dix ans.,En tillfällig lösning som varar tio år.,le définitif = det slutgiltiga,GULD-SANNING: rien ne dure comme le provisoire = inget varar som det tillfälliga! Tejpens filosofi
2978,durable,adjektiv,,hållbar,"Un choix durable, un futur plus léger.","Ett hållbart val, en lättare framtid.",jetable = engångs-,durer → durable. le développement durable = hållbar utveckling. Tidens viktigaste adjektiv
2979,artisanal,adjektiv,,hantverks-,Du pain artisanal du marché. Rien d'autre.,Hantverksbröd från marknaden. Inget annat.,,"artisan = hantverkare. une glace artisanale = hemgjord glass. Motsatsen till fabriken, smaken av händer"
2980,écolo,adjektiv,,miljövänlig (vard.),"Très écolo, ce quartier : vélos partout.","Väldigt miljömedvetet, det här kvarteret: cyklar överallt.",,écologique → écolo (franskan kortar allt!). un geste écolo = en miljögärning. Vardagsordet för gröna val
2981,fait maison,uttryck,,hemmagjord,Tout est fait maison. Même les erreurs.,Allt är hemmagjort. Även misstagen.,,Restaurangskylten som betyder något! du pain fait maison = hembakat. Stoltheten i två ord
2982,de fil en aiguille,uttryck,,"så småningom, det ena ger det andra","De fil en aiguille, on arrive à trois mille mots.",Från tråd till nål landar vi på tretusen ord.,,'Från tråd till nål' – fil och aiguille minns du! Samtalets och projektens naturlag: ett leder till nästa
2983,au bout du compte,uttryck,,när allt kommer omkring,"Au bout du compte, chaque mot valait la peine.",När allt kommer omkring var varje ord värt det.,,bout + compte: 'vid räkningens slut'. Bokslutsfrasen – och räkningen här slutar på 3000
2984,d'affilée,uttryck,,"i sträck, i rad","Cent mots d'affilée, sans pause.","Hundra ord i sträck, utan paus.",,file-familjen: 'på rad'. trois nuits d'affilée = tre nätter i rad. Uthållighetens måttenhet
2985,de plus belle,uttryck,,med förnyad kraft,La pluie reprend de plus belle. Le projet aussi.,Regnet tar ny fart. Projektet också.,,'Ännu vackrare' = ännu värre/starkare! rire de plus belle = skratta ännu mer. Intensitetens comeback
2986,pour de bon,uttryck,,"på riktigt, för gott","Cette fois, c'est fini pour de bon.",Den här gången är det klart på riktigt.,une bonne fois pour toutes = en gång för alla,"Allvarets stämpel: pas pour de faux, pour de bon ! Barnens gräns mellan lek och verklighet"
2987,jusqu'au bout,uttryck,,ända till slutet,"On est allés jusqu'au bout, ensemble.","Vi gick ända till slutet, tillsammans.",,aller jusqu'au bout = fullfölja. Bout: franskans mest användbara lilla ord. Här är vi nu: au bout
2988,haut la main,uttryck,,med glans,"Objectif atteint, haut la main !","Målet nått, med glans!",,'Högt med handen' – som ryttaren som vinner utan att anstränga tyglarna! gagner haut la main = vinna överlägset
2989,le tour est joué,uttryck,,saken är biff,"Et voilà, le tour est joué !","Och vips, saken är biff!",,"'Tricket är utfört' – trollkarlens avslutningsreplik! Enkelhet efteråt, arbete bakom. Som all magi"
2990,le compte est bon,uttryck,,summan stämmer,Trois mille ? Le compte est bon !,Tretusen? Summan stämmer!,,Kultfrasen från « Des chiffres et des lettres » – TV-klassikern där siffror ska landa exakt. Här: exakt 3000
2991,cerise sur le gâteau,uttryck,f,grädden på moset,La cerise sur le gâteau : tout est réutilisable.,Grädden på moset: allt går att återanvända.,,"'Körsbäret på kakan' – cerise och gâteau minns du! Svenskan tog grädden, franskan bäret. Samma final"
2992,clou du spectacle,uttryck,m,höjdpunkten,Le clou du spectacle : le dernier mot.,Föreställningens höjdpunkt: det sista ordet.,,'Föreställningens spik' – det som allt hängs upp på! Clou minns du. Finalnumret: strax
2993,en beauté,uttryck,,med stil,On finit en beauté !,Vi avslutar med stil!,,finir en beauté = gå i mål snyggt. Motsatsen finns men glöms. Sista intrycket: det som stannar
2994,au-delà,uttryck,,bortom,Au-delà des trois mille : la vraie conversation.,Bortom de tretusen: det riktiga samtalet.,,"delà = 'på andra sidan'. aller au-delà = överträffa. Listan slutar, språket fortsätter"
2995,vivement,uttryck,,längtar tills!,Vivement la France !,Åh vad jag längtar till Frankrike!,,GULD-KONSTRUKTION: Vivement + substantiv = kan inte vänta! Vivement demain ! = bara det blir imorgon! Längtans grammatik
2996,chemin parcouru,uttryck,m,tillryggalagd väg,Regarde le chemin parcouru : de « bonjour » à trois mille mots.,Se på vägen vi gått: från 'bonjour' till tretusen ord.,,parcourir minns du → le chemin parcouru. Backspegelns belöning: den som mäter framsteg ser dem
2997,bouquet final,uttryck,m,final (fyrverkeri),Le bouquet final illumine tout le ciel !,Slutfyrverkeriet lyser upp hela himlen!,,Fyrverkeriets crescendo – när allt skjuts upp samtidigt! Bouquet minns du: här exploderar det. C'est le bouquet – fast i den fina betydelsen
2998,félicitations,substantiv,f pl,gratulationer,Félicitations : trois mille mots appris !,Grattis: tretusen ord inlärda!,,féliciter → félicitations. Alltid plural – en gratulation räcker aldrig! Toutes mes félicitations ! Välförtjänt
2999,ligne d'arrivée,uttryck,f,mållinje,La ligne d'arrivée est franchie !,Mållinjen är passerad!,,ligne + arrivée. Franchir minns du – från dernière ligne droite (rad 2500) till ligne d'arrivée (rad 2999). Loppet: fullbordat
3000,le mot de la fin,uttryck,m,slutordet,Le mot de la fin ? Non : le mot du début.,Slutordet? Nej: startordet.,,"RAD 3000! Tre tusen ord: homofoner, idiom, verlan, falska vänner, en hel verktygslåda. Listan är klar – nu börjar språket. La suite s'écrit en français. Merci, bravo, et vivement la suite !"
